t,x,y,mass,phi_center
0.0,80.71266291417312,80.20361856804433,437,4.476609706878662
0.03,80.73891176750527,80.21112561046955,437,4.360239028930664
0.06,80.76520563655596,80.21867223119847,437,4.247297763824463
0.09,80.79131787564154,80.22616605342614,437,4.1376752853393555
0.12,80.81714420913755,80.23359460522984,437,4.031970500946045
0.15,80.84156587059938,80.24062588905313,437,3.984813690185547
0.18,80.86429868757774,80.24718236279476,437,3.978851318359375
0.21,80.88446684718097,80.252983088197,437,3.977383852005005
0.24,80.89944017624524,80.25724721571417,437,3.976943254470825
0.27,80.9077558341125,80.25959294828564,437,3.9767935276031494
0.3,80.91124833776314,80.2605513485069,437,3.9767322540283203
0.33,80.9125352864157,80.26090417094866,437,3.976699113845825
0.36,80.91300936068713,80.26104103844084,437,3.9766757488250732
0.39,80.91320956148675,80.26110972093383,437,3.976656198501587
0.42,80.91331494279663,80.26115245903131,437,3.9766390323638916
0.45,80.9133875996874,80.2611842009044,437,3.97662353515625
0.48,80.91346075321597,80.26122094945134,437,3.976609230041504
0.51,80.91354475140098,80.26126578509887,437,3.9765961170196533
0.54,80.91362934821005,80.2613049625076,437,3.9765841960906982
0.5700000000000001,80.91373744665808,80.26135856510874,437,3.9765727519989014
0.6,80.91385670542297,80.26141231471537,437,3.976562976837158
0.63,80.91400094316785,80.2614781214149,437,3.976553440093994
0.66,80.91416765923876,80.26155217531327,437,3.9765446186065674
0.6900000000000001,80.91437315571318,80.26164974875981,437,3.9765372276306152
0.72,80.91459695603297,80.26175051004066,437,3.976530075073242
0.75,80.91483760318438,80.26185382544806,437,3.976522922515869
0.78,80.91511161504701,80.26197771831276,437,3.9765169620513916
0.81,80.91541152532582,80.26211677706104,437,3.9765117168426514
0.84,80.91572770955551,80.26226331749247,437,3.9765069484710693
0.87,80.91604472697078,80.26240358228583,437,3.9765021800994873
0.9,80.91638284520987,80.26255862486046,437,3.9764974117279053
0.93,80.9167451408721,80.26273189464,437,3.9764931201934814
0.96,80.91710887997935,80.26290056440223,437,3.976489782333374
0.99,80.91749443023166,80.26308399600221,437,3.976486921310425
1.02,80.91789658770661,80.26327559612969,437,3.9764840602874756
1.05,80.91831707997488,80.26347513423711,437,3.9764816761016846
1.08,80.91875345384344,80.2636779825203,437,3.9764792919158936
1.11,80.91923286756689,80.26390887684731,437,3.9764769077301025
1.1400000000000001,80.91973103215602,80.26414188550454,437,3.9764745235443115
1.17,80.92025013252213,80.26437754540054,437,3.9764721393585205
1.2,80.92080850948585,80.26463299237913,437,3.9764702320098877
1.23,80.92139868404851,80.26490008132214,437,3.976468801498413
1.26,80.92202177314498,80.26517953194518,437,3.9764673709869385
1.29,80.9226703652414,80.26542700855268,438,3.976466417312622
1.32,80.92336587477658,80.26550776108141,438,3.9764652252197266
1.35,80.92408453122565,80.26558769013049,438,3.9764645099639893
1.3800000000000001,80.92484814987847,80.26568859462529,438,3.976463556289673
1.41,80.92562770981904,80.26578204772612,438,3.9764628410339355
1.44,80.92643477697187,80.26592825136093,439,3.9764621257781982
1.47,80.92718489947241,80.26622998693705,439,3.97646164894104
1.5,80.92795492363877,80.26653214155672,439,3.976461172103882
1.53,80.92800710142778,80.26683184708996,454,3.9764606952667236
1.56,80.92643179456343,80.26643150009411,458,3.9764602184295654
1.59,80.92490599369417,80.26595730477241,458,3.9764599800109863
1.62,80.92342226374983,80.26535012594125,458,3.9764597415924072
1.6500000000000001,80.92353365411677,80.26549481689214,474,3.976459503173828
1.68,80.92418359604393,80.2656187299083,474,3.976459264755249
1.71,80.92484169616645,80.26572634295805,474,3.97645902633667
1.74,80.9255586984897,80.26585591300501,474,3.97645902633667
1.77,80.92660501609309,80.26610445896829,474,3.976458787918091
1.8,80.92763752692257,80.26640615731013,474,3.976458787918091
1.83,80.92849855712234,80.26682772720041,474,3.976458787918091
1.86,80.92929000094043,80.26729589401664,474,3.976458787918091
1.8900000000000001,80.92891716637925,80.26738903728462,468,3.976458787918091
1.92,80.92885289806976,80.26766598499545,468,3.976458787918091
1.95,80.92792316969583,80.2678134857019,468,3.976458787918091
1.98,80.92499969234102,80.26730730305162,468,3.976458787918091
2.0100000000000002,80.92140049720354,80.26650207593723,479,3.976458787918091
2.04,80.91727842414211,80.26538722487642,481,3.976458787918091
2.07,80.91415504419052,80.26456263218019,486,3.976458787918091
2.1,80.9115078825945,80.26393392278037,486,3.976458787918091
2.13,80.91078849197334,80.26471949818043,486,3.976458787918091
2.16,80.91437230613646,80.26713119020556,486,3.976458787918091
2.19,80.91898280754592,80.26962778472465,486,3.976458787918091
2.22,80.92335088306451,80.27197682097797,486,3.976458787918091
2.25,80.92779102093135,80.2740188684584,480,3.976458787918091
2.2800000000000002,80.92531841512157,80.27321742124713,468,3.976458787918091
2.31,80.91850099632474,80.27194386925382,470,3.976458787918091
2.34,80.91034787301373,80.27006652159369,474,3.976458787918091
2.37,80.90239427418743,80.26848585952213,474,3.97645902633667
2.4,80.89469232151615,80.26676927599938,479,3.976459264755249
2.43,80.88815193272032,80.26487170014323,480,3.976459503173828
2.46,80.88800673094268,80.2662042653717,477,3.9764597415924072
2.49,80.8879144671508,80.26746486623087,476,3.9764599800109863
2.52,80.88789168091493,80.26810107240128,475,3.9764602184295654
2.5500000000000003,80.88806077343682,80.26833574690352,475,3.9764604568481445
2.58,80.88845511202953,80.2685021607258,475,3.9764606952667236
2.61,80.8893534120964,80.26907191286499,475,3.9764609336853027
2.64,80.89368883859092,80.27066593645701,475,3.976461172103882
2.67,80.90002345592795,80.27284149622135,475,3.976461410522461
2.7,80.90752390317877,80.27557842936655,475,3.97646164894104
2.73,80.91471576740649,80.27820520719926,476,3.976461887359619
2.7600000000000002,80.9198337187445,80.28037137337458,476,3.9764621257781982
2.79,80.9231324785004,80.2821209683751,476,3.9764623641967773
2.82,80.9277809777726,80.28412987566186,476,3.9764626026153564
2.85,80.9332908315327,80.28617453130008,476,3.9764628410339355
2.88,80.9384782186964,80.28798316608113,476,3.9764633178710938
2.91,80.94161231309762,80.28881053397387,473,3.976463556289673
2.94,80.94655644333702,80.28989744224282,470,3.976463794708252
2.97,80.94698212572324,80.28920432361136,464,3.976464033126831
3.0,80.94609781859491,80.28853170935346,464,3.97646427154541
3.0300000000000002,80.94611604993477,80.28830646363623,464,3.9764645099639893
3.06,80.94638397072517,80.28822703483438,464,3.9764647483825684
3.09,80.94722561804798,80.28796937343657,459,3.9764649868011475
3.12,80.95150364349985,80.28881885412517,458,3.9764652252197266
3.15,80.95585691079097,80.28984539005972,458,3.9764657020568848
3.18,80.96032111351136,80.29099874871835,458,3.976465940475464
3.21,80.96540665231558,80.29238935209541,458,3.976466178894043
3.24,80.97195582875003,80.29422145787568,458,3.976466417312622
3.27,80.97920926998657,80.29620540835137,458,3.976466655731201
3.3000000000000003,80.98637234186488,80.2981602517728,458,3.9764668941497803
3.33,80.99335213887086,80.3001013050988,459,3.9764671325683594
3.36,81.00017662171153,80.30209339172923,459,3.9764673709869385
3.39,81.00697508989118,80.30405154420524,457,3.9764678478240967
3.42,81.01136388015807,80.3048221547403,453,3.976468086242676
3.45,81.01512575901786,80.30560514601673,453,3.976468324661255
3.48,81.01628215816075,80.30540748251481,453,3.976468563079834
3.5100000000000002,81.01554222707476,80.3047959364206,453,3.976468801498413
3.54,81.01464676027561,80.30426103822995,455,3.976469039916992
3.5700000000000003,81.01521778313051,80.30432504048474,462,3.9764692783355713
3.6,81.01811428031024,80.30473758109268,462,3.9764697551727295
3.63,81.02178547970165,80.30561399324878,460,3.9764699935913086
3.66,81.023580153681,80.30551192367606,454,3.9764702320098877
3.69,81.02573789288938,80.30603830460683,449,3.976470470428467
3.72,81.02959250761667,80.30729680560977,449,3.976470708847046
3.75,81.03335352872342,80.30851610538106,449,3.976470947265625
3.7800000000000002,81.03707963277004,80.30973645895736,449,3.976471424102783
3.81,81.0402032449301,80.31075866751357,446,3.9764716625213623
3.84,81.04385317066007,80.31254692008883,444,3.9764719009399414
3.87,81.04791559889375,80.31477159376777,448,3.9764721393585205
3.9,81.05127023117183,80.31676578649444,448,3.9764723777770996
3.93,81.05278605613603,80.3183100226692,448,3.976472854614258
3.96,81.05232408044166,80.3187256440064,446,3.976473093032837
3.99,81.04972670243846,80.3185012740996,443,3.976473331451416
4.0200000000000005,81.04731870434657,80.31840030907341,441,3.976473569869995
4.05,81.04755594296998,80.31855553339467,436,3.976473808288574
4.08,81.04982296747822,80.31939678380432,445,3.9764740467071533
4.11,81.05035449454212,80.31928235405562,447,3.9764742851257324
4.14,81.05040523115238,80.31891493082964,453,3.9764747619628906
4.17,81.05001460174165,80.31821748309982,454,3.9764750003814697
4.2,81.05052585634152,80.3180696356543,457,3.976475238800049
4.23,81.05694657451157,80.31989510797104,454,3.976475477218628
4.26,81.06787065453086,80.32442841281456,454,3.976475715637207
4.29,81.08069284387565,80.32929889652846,454,3.976475954055786
4.32,81.09365597777557,80.3341621100664,454,3.9764761924743652
4.3500000000000005,81.10638507791492,80.33883525849639,460,3.9764764308929443
4.38,81.11880972817691,80.34252619647495,463,3.9764769077301025
4.41,81.12845190286497,80.34558479046468,465,3.9764771461486816
4.44,81.14012348136579,80.34998689282935,470,3.9764773845672607
4.47,81.15240584203697,80.35451492388317,471,3.97647762298584
4.5,81.16389101911035,80.35895232108341,475,3.976477861404419
4.53,81.17452203305706,80.36374267172378,476,3.976478099822998
4.5600000000000005,81.18534025130155,80.36868807371081,476,3.976478338241577
4.59,81.19733027957935,80.37439381475359,477,3.9764785766601562
4.62,81.20947394076057,80.3805059126475,477,3.9764790534973145
4.65,81.21979130967948,80.38599540985686,488,3.9764792919158936
4.68,81.22307026659632,80.38888659140923,485,3.9764795303344727
4.71,81.22400447998196,80.39105299210277,485,3.9764797687530518
4.74,81.22648171855259,80.39298402016135,484,3.976480007171631
4.7700000000000005,81.22940223741394,80.39472223517237,484,3.97648024559021
4.8,81.24081353630436,80.39953240643037,480,3.976480484008789
4.83,81.25391871502339,80.40575896884944,484,3.976480722427368
4.86,81.26805404341206,80.41311760303802,490,3.9764811992645264
4.89,81.28002943829566,80.41902348686037,485,3.9764814376831055
4.92,81.28273260985462,80.42307618781662,485,3.9764816761016846
4.95,81.28913074435738,80.42723161022124,477,3.9764819145202637
4.98,81.29629725921377,80.43345759853406,467,3.9764821529388428
5.01,81.30306340151192,80.43851599152202,460,3.976482391357422
5.04,81.30940325260894,80.44212236316858,460,3.976482629776001
5.07,81.31366986438435,80.44521676654502,460,3.97648286819458
5.1000000000000005,81.31727591064075,80.44812378447223,456,3.976483106613159
5.13,81.3177488637478,80.45025255462267,455,3.9764835834503174
5.16,81.32042171849436,80.45390378197155,454,3.9764838218688965
5.19,81.32317589771236,80.45673469678246,454,3.9764840602874756
5.22,81.32674178462611,80.45910779576715,460,3.9764842987060547
5.25,81.33010764560571,80.46047605014206,456,3.976484537124634
5.28,81.32506319224598,80.45805701514385,453,3.976484775543213
5.3100000000000005,81.31570278448015,80.4545873217754,461,3.976485013961792
5.34,81.30381154806027,80.45060557184478,461,3.976485252380371
5.37,81.29230251757473,80.44685263569835,461,3.97648549079895
5.4,81.28112840209945,80.44314326752378,459,3.9764859676361084
5.43,81.27378937091436,80.43978420734044,461,3.9764862060546875
5.46,81.26960988102401,80.43741075626258,462,3.9764864444732666
5.49,81.26497803528066,80.43490766146436,460,3.9764866828918457
5.5200000000000005,81.26052427642878,80.43299655486727,466,3.976486921310425
5.55,81.25969813931644,80.43197271381806,466,3.976487159729004
5.58,81.26230769618583,80.43131026753323,466,3.976487398147583
5.61,81.26499735281946,80.4302850612756,465,3.976487636566162
5.64,81.26768654629205,80.43029436971817,461,3.976487874984741
5.67,81.25936581706085,80.4286503021874,461,3.9764881134033203
5.7,81.24758994815043,80.42684683221844,454,3.9764885902404785
5.73,81.23695222286536,80.42324134716819,449,3.9764888286590576
5.76,81.226614755362,80.41971688132769,446,3.9764890670776367
5.79,81.22273886308952,80.41883635773007,444,3.976489305496216
5.82,81.22136288632896,80.4182652185178,444,3.976489543914795
5.8500000000000005,81.22284752071417,80.41936372406401,443,3.976489782333374
5.88,81.22611531201296,80.42041112280847,447,3.976490020751953
5.91,81.2314277323961,80.42285556946045,451,3.9764902591705322
5.94,81.23640600513511,80.42430745283903,449,3.9764904975891113
5.97,81.24206968434721,80.42686249443244,445,3.9764907360076904
6.0,81.2483861441662,80.42931544993736,440,3.9764909744262695
6.03,81.25962378686883,80.4331111749528,441,3.9764914512634277
6.0600000000000005,81.26996121374073,80.43681688708207,440,3.976491689682007
6.09,81.27914283079001,80.44012833958455,440,3.976491928100586
6.12,81.28857559357509,80.44289925888792,436,3.976492166519165
6.15,81.29835641254296,80.4459141144661,440,3.976492404937744
6.18,81.30812154948164,80.44903072162292,440,3.9764926433563232
6.21,81.31849699696537,80.45209107427587,440,3.9764931201934814
6.24,81.32938687291393,80.45548192184863,440,3.9764933586120605
6.2700000000000005,81.34144935382622,80.45938234414602,440,3.9764935970306396
6.3,81.35157995628813,80.46216106337405,437,3.9764938354492188
6.33,81.3601173406748,80.46455286679678,434,3.976494073867798
6.36,81.37111539919083,80.4681970894938,433,3.976494312286377
6.390000000000001,81.37974851318234,80.46978200270463,429,3.976494550704956
6.42,81.38566115548849,80.47145317780337,429,3.976494789123535
6.45,81.39155274756516,80.4731334818003,429,3.9764950275421143
6.48,81.3977077704895,80.47497379377508,432,3.9764952659606934
6.51,81.40579022370518,80.4782177020743,440,3.9764955043792725
6.54,81.41413497757058,80.48247033654731,444,3.9764957427978516
6.57,81.41997025236773,80.48646936475681,445,3.9764962196350098
6.6000000000000005,81.4239995990387,80.49003976159868,445,3.976496458053589
6.63,81.42787790876446,80.49354508219697,446,3.976496696472168
6.66,81.43107725695704,80.4962500017112,441,3.976496934890747
6.69,81.43388904044515,80.49784512593392,441,3.976497173309326
6.72,81.4362052199945,80.49855928667556,442,3.9764974117279053
6.75,81.43779874868112,80.49937164312692,445,3.9764976501464844
6.78,81.43901027102483,80.50044900644676,452,3.9764978885650635
6.8100000000000005,81.44320916815677,80.50223479414079,453,3.9764981269836426
6.84,81.44825593620948,80.5045003118807,453,3.9764983654022217
6.87,81.45331705183479,80.50550008390108,449,3.976498603820801
6.9,81.45827820712161,80.50658688896738,445,3.97649884223938
6.93,81.46235928776852,80.50802738998871,445,3.976499080657959
6.96,81.46684251895756,80.50815484604537,439,3.976499319076538
6.99,81.47658793609038,80.5087055874346,439,3.976499557495117
7.0200000000000005,81.48518129194294,80.50892882185924,439,3.9764997959136963
7.05,81.4926343934315,80.50873664155564,438,3.9765002727508545
7.08,81.50035258768092,80.51018995645752,437,3.9765005111694336
7.11,81.51056896750295,80.51302707550997,438,3.9765007495880127
7.140000000000001,81.52289102571606,80.51639497738083,442,3.976500988006592
7.17,81.53737960329059,80.52077548038356,448,3.976501226425171
7.2,81.55134482733361,80.52452857277682,447,3.97650146484375
7.23,81.56264853382007,80.5269703019701,448,3.976501703262329
7.26,81.57163531029096,80.52978550218825,445,3.976501941680908
7.29,81.57926349004296,80.53195690978792,434,3.9765021800994873
7.32,81.59423055698991,80.53724538409573,434,3.9765024185180664
7.3500000000000005,81.61296477367038,80.54165124347143,427,3.9765026569366455
7.38,81.62765145800012,80.54386642618107,432,3.9765028953552246
7.41,81.63283690642706,80.54382844670647,424,3.9765031337738037
7.44,81.6375768439903,80.54431886506055,423,3.976503372192383
7.47,81.64631868558502,80.54612483319158,418,3.976503610610962
7.5,81.65969969376167,80.55118070450136,416,3.976503849029541
7.53,81.67375716898724,80.55723623248517,416,3.97650408744812
7.5600000000000005,81.68781971567827,80.56384660275772,414,3.976504325866699
7.59,81.70272017466975,80.56963788783042,405,3.9765045642852783
7.62,81.70987959941374,80.57349828142459,405,3.9765048027038574
7.65,81.71689958275294,80.57800051008833,409,3.9765050411224365
7.68,81.72605265174627,80.58361889197349,412,3.9765052795410156
7.71,81.73514701362502,80.59051443431292,420,3.9765055179595947
7.74,81.74265196556672,80.59689317324337,420,3.976505756378174
7.7700000000000005,81.74840271280961,80.60255763202801,421,3.976505994796753
7.8,81.75567642935289,80.6088291813889,427,3.976506233215332
7.83,81.76459949767809,80.6144471832656,440,3.976506471633911
7.86,81.76845209968997,80.61884562652925,439,3.9765067100524902
7.890000000000001,81.76810912429096,80.622127810873,434,3.9765069484710693
7.92,81.75463540816139,80.62034295025202,428,3.9765071868896484
7.95,81.74713186781085,80.61950945388593,429,3.9765074253082275
7.98,81.73944010647529,80.6173427647508,426,3.9765076637268066
8.01,81.72984213593593,80.61696369002583,427,3.9765079021453857
8.040000000000001,81.71802470719821,80.61824214904169,425,3.976508140563965
8.07,81.70153444348311,80.6183578929623,424,3.976508378982544
8.1,81.6812863229764,80.6180570778784,422,3.976508617401123
8.13,81.66684043962621,80.61831135780159,417,3.976508855819702
8.16,81.65782959646224,80.6189760248475,421,3.9765090942382812
8.19,81.64854141067529,80.61873543270947,420,3.9765093326568604
8.22,81.63631216830171,80.61648655963512,416,3.9765095710754395
8.25,81.62332491474803,80.61466848459723,408,3.9765098094940186
8.28,81.61632619903423,80.6149097304651,401,3.9765100479125977
8.31,81.6074949643931,80.61396863043903,397,3.9765102863311768
8.34,81.58754149308493,80.60932789693584,395,3.976510524749756
8.370000000000001,81.56723805584062,80.60506386821125,394,3.976510763168335
8.4,81.54772368166171,80.60111835427054,401,3.976511001586914
8.43,81.52925501609312,80.59684151590992,400,3.976511001586914
8.46,81.50547343360509,80.59110317206093,404,3.976511240005493
8.49,81.48077703602672,80.58418007098736,405,3.9765114784240723
8.52,81.45383481117693,80.57686927710202,409,3.9765119552612305
8.55,81.43043842794498,80.57173150256698,405,3.9765119552612305
8.58,81.41348342276164,80.56602436022277,410,3.9765121936798096
8.61,81.39728675261614,80.55999184509275,407,3.9765124320983887
8.64,81.38515855861309,80.55433266498596,407,3.9765126705169678
8.67,81.3802238813105,80.55091038384842,407,3.976512908935547
8.700000000000001,81.37311410326231,80.5466926202882,407,3.976513147354126
8.73,81.36801519623619,80.54134706265317,404,3.976513147354126
8.76,81.363104302572,80.53752049657552,402,3.976513385772705
8.790000000000001,81.35411241865144,80.53243653141159,403,3.976513624191284
8.82,81.34479353826303,80.527542584463,405,3.9765138626098633
8.85,81.33688024509995,80.52263246063737,399,3.9765138626098633
8.88,81.33320838959635,80.51835922355241,391,3.9765141010284424
8.91,81.32454293698041,80.51451493808476,387,3.9765143394470215
8.94,81.31667282117398,80.51217505771018,391,3.9765145778656006
8.97,81.31056131105012,80.511289613605,401,3.9765145778656006
9.0,81.31667397770342,80.51275389527845,404,3.9765148162841797
9.03,81.32578576977102,80.51373635107758,404,3.9765148162841797
9.06,81.33690598045247,80.51460556659741,406,3.976515054702759
9.09,81.34881231866089,80.51656760097532,409,3.976515293121338
9.120000000000001,81.36234470693569,80.5214235760252,410,3.976515293121338
9.15,81.37687499709664,80.52654138307314,410,3.976515531539917
9.18,81.38902872143109,80.52873558658614,410,3.976515531539917
9.21,81.39723650825488,80.52843080663436,408,3.976515531539917
9.24,81.4014742499845,80.52581108685996,408,3.976515769958496
9.27,81.40266637469323,80.52248817671085,406,3.976515769958496
9.3,81.4012021273382,80.51811483094235,404,3.976515769958496
9.33,81.39389934823595,80.51308052683626,408,3.976516008377075
9.36,81.38777749441901,80.50860931695235,410,3.976516008377075
9.39,81.38865258258029,80.50692085432892,409,3.976516008377075
9.42,81.39380165843195,80.50692018313303,410,3.976516008377075
9.450000000000001,81.4006533464631,80.50732099576703,406,3.976516008377075
9.48,81.40804522450888,80.50836668359008,403,3.976516008377075
9.51,81.41545500340767,80.50832758495832,403,3.976516008377075
9.540000000000001,81.41857552353456,80.50850983435755,398,3.976516008377075
9.57,81.41354284722878,80.50768458499353,406,3.976516008377075
9.6,81.41013677965927,80.50739416008096,405,3.976516008377075
9.63,81.41180082393875,80.50745947399201,401,3.976516008377075
9.66,81.41559187467722,80.51072548333568,401,3.976516008377075
9.69,81.42146058721323,80.51546010563766,405,3.976516008377075
9.72,81.43256047123593,80.52137107716308,405,3.976516008377075
9.75,81.4435586939045,80.52809031130425,404,3.976516008377075
9.78,81.46116784264663,80.53776360404927,411,3.976516008377075
9.81,81.47738437426575,80.54718577987028,410,3.976516008377075
9.84,81.49414439849619,80.55664392330071,410,3.976516008377075
9.870000000000001,81.50965946722114,80.56657950614618,403,3.976515769958496
9.9,81.52917388646281,80.57587160137399,394,3.976515293121338
9.93,81.56030643447335,80.58976312214934,400,3.976515054702759
9.96,81.606789001422,80.60713948048561,397,3.9765145778656006
9.99,81.65477614413486,80.62463391413564,397,3.9765141010284424
10.02,81.69940937023183,80.64192600490442,398,3.976513624191284
10.05,81.73304162333743,80.65561457360066,394,3.976512908935547
10.08,81.7624625404122,80.66694961337711,390,3.9765124320983887
10.11,81.79213411514509,80.67794081611983,388,3.9765117168426514
10.14,81.80813726012083,80.68826009135074,381,3.976511001586914
10.17,81.82505496152226,80.70027214922713,385,3.9765100479125977
10.200000000000001,81.84083955964694,80.71254924545333,379,3.9765093326568604
10.23,81.8659954465908,80.72790172285247,380,3.976508378982544
10.26,81.89184564166638,80.74201749218605,378,3.9765074253082275
10.290000000000001,81.91859002688417,80.7538548588165,376,3.976506471633911
10.32,81.94704108687814,80.76509099981502,390,3.9765055179595947
10.35,81.96663121386965,80.77152469396947,398,3.976504325866699
10.38,81.97132948623145,80.77297639400095,398,3.9765031337738037
10.41,81.9708630685199,80.77272293011977,399,3.976501703262329
10.44,81.97299019504044,80.7714594410062,399,3.9765005111694336
10.47,81.97697399328858,80.76920467158953,397,3.97649884223938
10.5,81.98320210550716,80.76551338459655,392,3.9764974117279053
10.53,81.99123691909632,80.76088549920854,397,3.9764957427978516
10.56,81.9961508218761,80.75694716604774,398,3.976494073867798
10.59,81.99789676062342,80.75329636336376,396,3.976492166519165
10.620000000000001,81.98679853085129,80.74790839879587,392,3.976490020751953
10.65,81.97344973167672,80.74233962314747,387,3.976487874984741
10.68,81.96043030292627,80.73636424417494,386,3.9764857292175293
10.71,81.93876093719878,80.72700471330224,384,3.9764833450317383
10.74,81.92247355843008,80.72010029598896,380,3.9764809608459473
10.77,81.91238538148629,80.71393671260722,378,3.9764785766601562
10.8,81.90672989628693,80.70485836484366,377,3.9764761924743652
10.83,81.89786868131563,80.69322006587288,377,3.976473808288574
10.86,81.88620679794622,80.68073671638345,375,3.976470947265625
10.89,81.87031808464151,80.66844640092383,372,3.9764673709869385
10.92,81.8530490604575,80.65799706273428,366,3.976463794708252
10.950000000000001,81.83121253412656,80.64807719706396,367,3.9764599800109863
10.98,81.80635754616092,80.63749199499395,367,3.9764559268951416
11.01,81.77576488492234,80.62657273345252,367,3.9764516353607178
11.040000000000001,81.74161537888914,80.6145602278985,368,3.976447105407715
11.07,81.70374861074453,80.60159773827311,365,3.976442337036133
11.1,81.65863430540561,80.58528838666847,362,3.976437568664551
11.13,81.62400761287054,80.57409171988348,358,3.9764328002929688
11.16,81.5962563787152,80.56481102895653,352,3.9764273166656494
11.19,81.58763394079376,80.56072159421556,347,3.9764208793640137
11.22,81.57693511329009,80.55306188400891,342,3.9764139652252197
11.25,81.55583582185515,80.54290863961482,344,3.976407051086426
11.28,81.53156914591077,80.53000119556026,346,3.9763998985290527
11.31,81.5074072498594,80.51787172030703,346,3.9763922691345215
11.34,81.4816940407399,80.50597545766136,348,3.9763832092285156
11.370000000000001,81.454311207906,80.49504791237126,351,3.9763736724853516
11.4,81.42415723256057,80.48170484897523,355,3.9763641357421875
11.43,81.39475413928177,80.46946805850538,357,3.976353168487549
11.46,81.36690081561596,80.4596898151532,362,3.9763412475585938
11.49,81.3397988962155,80.45018156316851,364,3.9763293266296387
11.52,81.31236197992622,80.44114690177406,361,3.9763150215148926
11.55,81.28564593848023,80.43207553697395,356,3.9763007164001465
11.58,81.26276855849673,80.42173078808307,354,3.9762842655181885
11.61,81.24230232402238,80.41433574909847,351,3.9762673377990723
11.64,81.22078719484152,80.40765461460623,345,3.976248264312744
11.67,81.1963708606153,80.40136100948376,345,3.9762279987335205
11.700000000000001,81.16793587100501,80.39499655998102,347,3.9762063026428223
11.73,81.14073540950179,80.38831391244315,348,3.976182460784912
11.76,81.11805630059526,80.38007117069941,343,3.97615647315979
11.790000000000001,81.12006289075495,80.38036214882291,347,3.976128578186035
11.82,81.13224431821348,80.38504709704875,348,3.9760985374450684
11.85,81.14273071359659,80.38724699650216,352,3.9760661125183105
11.88,81.1586006000167,80.38950063834329,360,3.9760313034057617
11.91,81.17052135739425,80.38753986525484,357,3.9759936332702637
11.94,81.1738932942249,80.38206937108615,358,3.9759531021118164
11.97,81.17395047302355,80.37701536150297,355,3.975909471511841
12.0,81.18364224981201,80.37743607368282,355,3.975862741470337
12.030000000000001,81.20019772753831,80.38120521734979,360,3.9758121967315674
12.06,81.2213314364864,80.3871011896711,358,3.9757583141326904
12.09,81.24437227035543,80.39472039620058,363,3.9757001399993896
12.120000000000001,81.26688415359877,80.40349840264393,361,3.9756381511688232
12.15,81.29596012546737,80.41018330737772,361,3.975571870803833
12.18,81.33272612017082,80.41786279102361,359,3.9755008220672607
12.21,81.36772892520226,80.42090002359096,358,3.9754250049591064
12.24,81.40939005562372,80.42733972376044,350,3.975344181060791
12.27,81.45330648415877,80.43488666140486,349,3.9752578735351562
12.3,81.49446564832891,80.44468542754329,348,3.975165605545044
12.33,81.53267385405844,80.45304450127612,346,3.975067377090454
12.36,81.57210086813184,80.46246162791387,345,3.9749629497528076
12.39,81.61318008809816,80.47245974340096,342,3.974851608276367
12.42,81.65001628332676,80.48045076445514,339,3.974733352661133
12.450000000000001,81.68391249870503,80.48875418438004,331,3.974607467651367
12.48,81.71494792036896,80.49741763733667,327,3.974473476409912
12.51,81.76540679287808,80.50887970596588,330,3.9743316173553467
12.540000000000001,81.82165449125063,80.52224416122334,334,3.9741804599761963
12.57,81.87463557088101,80.53290890189814,334,3.97402024269104
12.6,81.92088937550237,80.54092193075608,337,3.9738502502441406
12.63,81.97734137256802,80.54958692910502,332,3.9736695289611816
12.66,82.02989928555193,80.55988354064932,332,3.973477602005005
12.69,82.07636263667001,80.57256562221855,329,3.973273754119873
12.72,82.11337954208751,80.58424968490948,327,3.973057746887207
12.75,82.14407843693479,80.59647649290582,325,3.9728281497955322
12.780000000000001,82.18134381908864,80.61221617373675,326,3.9725847244262695
12.81,82.22086993629262,80.62851274257606,329,3.9723260402679443
12.84,82.25602337706826,80.64350921619899,333,3.9720513820648193
12.870000000000001,82.28651133802644,80.65635999431895,338,3.97175931930542
12.9,82.3121862362897,80.66153207191569,337,3.9714488983154297
12.93,82.33333848123566,80.66476917083388,336,3.971118927001953
12.96,82.35868924744037,80.6688965533502,336,3.9707674980163574
12.99,82.38398152336205,80.6743132010943,339,3.9703941345214844
13.02,82.41014068454045,80.6838209014382,340,3.9699947834014893
13.05,82.44452173568776,80.69394192261716,341,3.9695699214935303
13.08,82.48622222356374,80.7046989880603,334,3.9691162109375
13.11,82.52562490075121,80.71411767575783,329,3.9686312675476074
13.14,82.53972965521048,80.71801930389287,329,3.9681124687194824
13.17,82.5434045777323,80.7221357275968,330,3.9675562381744385
13.200000000000001,82.54515796796433,80.72455591605754,329,3.96695876121521
13.23,82.53932629702823,80.72203124392303,328,3.9663150310516357
13.26,82.52648320040424,80.71804337904558,327,3.9656217098236084
13.290000000000001,82.51302251709282,80.71374755507065,320,3.964871883392334
13.32,82.50463971805132,80.71336133749998,321,3.964059591293335
13.35,82.49788848439762,80.71174718446133,319,3.963176727294922
13.38,82.49356807059885,80.70745235841585,321,3.962214469909668
13.41,82.48622416807346,80.700012843589,320,3.961162567138672
13.44,82.47933685246294,80.69383281303213,323,3.960008382797241
13.47,82.47457553309121,80.68937305947608,321,3.95873761177063
13.5,82.47692050714363,80.68417520592081,317,3.9573333263397217
13.530000000000001,82.4802599283498,80.68124732344612,317,3.955775022506714
13.56,82.48423374300232,80.67653626338408,319,3.9540388584136963
13.59,82.48622979172178,80.6742883147874,316,3.9520957469940186
13.620000000000001,82.48786321911798,80.67252595602868,312,3.949911117553711
13.65,82.48388630254301,80.66512238791566,316,3.9474430084228516
13.68,82.45940007415165,80.65091484725507,319,3.9446442127227783
13.71,82.43000479119081,80.63552600558789,313,3.9414596557617188
13.74,82.39628125377548,80.62135683535155,315,3.9378280639648438
13.77,82.36246111493952,80.60648102593086,306,3.9336822032928467
13.8,82.3275803768497,80.58977974131962,311,3.9289515018463135
13.83,82.29259192636273,80.57389619335424,312,3.9235658645629883
13.86,82.24893336764205,80.55878853442564,311,3.9174556732177734
13.89,82.20232852263713,80.54790781567945,314,3.910557508468628
13.92,82.16051141019257,80.5401635065561,316,3.9028141498565674
13.950000000000001,82.12262290403154,80.53378223759712,317,3.8941760063171387
13.98,82.07700843360057,80.52801930412772,321,3.8846004009246826
14.01,82.01968188260527,80.51995785448977,325,3.874052047729492
14.040000000000001,81.96486285605147,80.50801517928089,325,3.8624978065490723
14.07,81.93029636648724,80.50087660068891,319,3.8499083518981934
14.1,81.9050655955031,80.50023539607211,322,3.836256504058838
14.13,81.88320389131137,80.50138819748048,322,3.8215155601501465
14.16,81.86969068656585,80.50576067488456,326,3.8056604862213135
14.19,81.85852425205903,80.51195230041392,325,3.788666248321533
14.22,81.83848704460043,80.51548268102836,326,3.7705092430114746
14.25,81.81557681079252,80.51798491941162,322,3.7511653900146484
14.280000000000001,81.79146069837446,80.52348610333772,326,3.7306137084960938
14.31,81.7699433469547,80.53015662896944,326,3.708831548690796
14.34,81.75891978663141,80.53870029653102,322,3.685798406600952
14.370000000000001,81.75350937142687,80.54330341497642,321,3.661494255065918
14.4,81.74872243834822,80.54701280243751,322,3.6359004974365234
14.43,81.74134464139995,80.54748492262051,324,3.608999252319336
14.46,81.73379281977624,80.546842427173,326,3.5807738304138184
14.49,81.728837131843,80.5448556385655,328,3.551208257675171
14.52,81.72300832420946,80.54078489915372,329,3.5202882289886475
14.55,81.71394247223955,80.53489856155525,327,3.4880001544952393
14.58,81.7032989025092,80.52501126291442,327,3.454332113265991
14.61,81.69121185985507,80.50994784583719,327,3.4192724227905273
14.64,81.68013614713912,80.49241453341791,326,3.3828115463256836
14.67,81.67465707266801,80.47965531366675,331,3.3449392318725586
14.700000000000001,81.66966758078286,80.47349532213786,326,3.305647850036621
14.73,81.67257260553947,80.47488532518577,327,3.2649283409118652
14.76,81.68066991137412,80.47945402079338,328,3.2227747440338135
14.790000000000001,81.69075642853494,80.48191602568305,327,3.1791789531707764
14.82,81.69631720586364,80.48181419097388,323,3.1341347694396973
14.85,81.70433281049732,80.48469452153039,318,3.0876362323760986
14.88,81.70450739081348,80.48654130459273,314,3.0396788120269775
14.91,81.70711817591689,80.49122978641077,314,2.9902591705322266
14.94,81.71768927450267,80.49855687652264,312,2.9393746852874756
14.97,81.72878041068712,80.50483399088006,311,2.88702392578125
15.0,81.73752077469365,80.50576628584182,306,2.833207845687866
15.030000000000001,81.74607016938769,80.50113627193149,303,2.7779276371002197
15.06,81.76397309250052,80.49907405873611,307,2.7211859226226807
15.09,81.79177480593148,80.5035542682628,305,2.6629867553710938
15.120000000000001,81.81570277315572,80.5065633023659,308,2.603337287902832
15.15,81.83760490467729,80.50794436176746,309,2.5422449111938477
15.18,81.86332589018917,80.50718970817917,305,2.479717969894409
15.21,81.90928590041169,80.51458967433959,304,2.4157683849334717
15.24,81.96059595497478,80.52177846868726,300,2.350407838821411
15.27,82.01295964977452,80.52795438162475,302,2.2836508750915527
15.3,82.06783206920421,80.54159014325282,304,2.2155110836029053
15.33,82.12601186584227,80.55794735550568,299,2.145967960357666
15.36,82.18085825467024,80.57840420437547,302,2.0743184089660645
15.39,82.22768958847576,80.59808861491526,304,1.989262342453003
15.42,82.27181069899659,80.61578047598965,303,1.8653063774108887
15.450000000000001,82.30523221254255,80.6325950796908,302,1.736403465270996
15.48,82.33510676472687,80.64850459834967,299,1.610000729560852
15.51,82.37165364120413,80.66619148605122,293,1.4861345291137695
15.540000000000001,82.42159450223207,80.68618873931412,292,1.3647685050964355
15.57,82.4767931537514,80.71048198133337,290,1.2458704710006714
15.6,82.53390209717892,80.73581162919355,289,1.1294116973876953
15.63,82.59451863494249,80.75961069782952,286,1.0153672695159912
15.66,82.65871603986496,80.78384364116104,285,0.9037150144577026
15.69,82.7179191428186,80.80676019505596,285,0.7944356203079224
15.72,82.77050496063328,80.82671887939026,281,0.6875120997428894
15.75,82.80446157935411,80.84516249873406,282,0.5829296112060547
15.780000000000001,82.82677648723545,80.85810116216781,283,0.4806748628616333
15.81,82.85378032599526,80.87641247120155,285,0.3807365596294403
15.84,82.87346634495806,80.89457590260858,290,0.28310462832450867
15.870000000000001,82.8848715289616,80.90972335884597,292,0.18777012825012207
15.9,82.89539942943601,80.92059937932062,292,0.09472518414258957
15.93,82.90541656994198,80.92699043430646,294,0.00396275520324707
15.96,82.91154730465306,80.93057914581495,293,-0.0845235139131546
15.99,82.9135079310996,80.93654154957702,288,-0.17073939740657806
16.02,82.90733869971103,80.94341292725753,286,-0.2546902894973755
16.05,82.88458939765971,80.94089942052449,285,-0.33638131618499756
16.080000000000002,82.87024626778167,80.93432162742236,279,-0.4158172905445099
16.11,82.85999979802037,80.92413124766489,278,-0.49300315976142883
16.14,82.86017297265171,80.91430489639598,278,-0.5679435133934021
16.17,82.85383005318313,80.9056055043777,281,-0.6406434178352356
16.2,82.84357665586164,80.89799297627063,286,-0.7111077904701233
16.23,82.83643349670568,80.89229356176037,291,-0.7793419361114502
16.26,82.83013935960052,80.88784927376717,291,-0.8453512787818909
16.29,82.82519831113201,80.88291517709325,293,-0.9091417193412781
16.32,82.81746176169857,80.87352666831691,297,-0.9707193970680237
16.35,82.8109755634601,80.8619072264025,298,-1.0300904512405396
16.38,82.79246303016284,80.8474009408497,292,-1.08726167678833
16.41,82.76666577456119,80.83180833181565,299,-1.1422396898269653
16.44,82.73563009085777,80.810611025302,302,-1.195031762123108
16.47,82.7050090062037,80.7920921318661,301,-1.2456456422805786
16.5,82.67562131212297,80.77269439046049,299,-1.294089674949646
16.53,82.64219278702421,80.75107905073035,298,-1.3403722047805786
16.56,82.60236353620189,80.72888666405596,295,-1.384502649307251
16.59,82.5640864781435,80.70867493693022,294,-1.4264906644821167
16.62,82.51633113289243,80.68558556358049,291,-1.4663469791412354
16.65,82.44707020570118,80.65652769212485,291,-1.5040823221206665
16.68,82.36987676501424,80.62610335356236,290,-1.5397083759307861
16.71,82.28900774484885,80.58897505036714,288,-1.573237657546997
16.740000000000002,82.21276828954815,80.55814013410392,287,-1.6046831607818604
16.77,82.14007331875285,80.53079868459625,285,-1.6340584754943848
16.8,82.05340345371856,80.49231269312561,288,-1.6613781452178955
16.830000000000002,81.95937317298143,80.4514188227748,289,-1.686657428741455
16.86,81.85942578931417,80.40476895496225,288,-1.709912657737732
16.89,81.75422082955302,80.3606005550451,285,-1.7311606407165527
16.92,81.63857813235393,80.31753467863135,287,-1.7504196166992188
16.95,81.52586433241949,80.28026361373466,283,-1.7677087783813477
16.98,81.42305781869882,80.24502352039084,286,-1.7830493450164795
17.01,81.32782989197578,80.21004403361277,283,-1.796464204788208
17.04,81.24992995765626,80.17945437277587,283,-1.8079789876937866
17.07,81.18545520300366,80.15204274784121,288,-1.8176206350326538
17.1,81.12082484855857,80.12277773055145,289,-1.8254172801971436
17.13,81.04519120884832,80.08860774009221,290,-1.8313970565795898
17.16,80.97582771312145,80.05506143502816,284,-1.8355873823165894
17.19,80.92987974001792,80.03265617234129,282,-1.8380147218704224
17.22,80.88921211529639,80.01041594349194,286,-1.8387044668197632
17.25,80.85136092374016,79.98647790868728,283,-1.837682843208313
17.28,80.81621097269932,79.96810941102525,284,-1.8349769115447998
17.31,80.80300700986616,79.952466042154,287,-1.8306169509887695
17.34,80.7896291568287,79.94049042587903,288,-1.8246355056762695
17.37,80.78196642124415,79.93409535659437,286,-1.8170678615570068
17.400000000000002,80.78546716514002,79.93179102808433,291,-1.8079521656036377
17.43,80.78995235009522,79.92692101349438,292,-1.797326683998108
17.46,80.79370340063427,79.92159886317576,292,-1.7852303981781006
17.490000000000002,80.80070098659117,79.9205642122635,295,-1.7717020511627197
17.52,80.80499244353555,79.92177434588444,292,-1.756779670715332
17.55,80.80656930351233,79.92339249349855,291,-1.740500807762146
17.580000000000002,80.80845675751877,79.9240764797314,289,-1.7229018211364746
17.61,80.82923944233929,79.9241597439058,285,-1.7040190696716309
17.64,80.84717375814077,79.92522071552055,286,-1.6838880777359009
17.67,80.8650133633208,79.93023181259164,286,-1.6625443696975708
17.7,80.89490771362591,79.93821032842469,284,-1.6400229930877686
17.73,80.93163050041596,79.94914912850403,284,-1.616358995437622
17.76,80.9896929837026,79.96467649938985,281,-1.591586947441101
17.79,81.05058511953612,79.9836535886346,280,-1.5657418966293335
17.82,81.11204349602801,80.00123799946381,282,-1.5388580560684204
17.85,81.16956633745046,80.01852303407068,282,-1.510969877243042
17.88,81.24635758051483,80.03778191993605,289,-1.4821118116378784
17.91,81.33222902244086,80.05783877073152,295,-1.4523183107376099
17.94,81.41865405975004,80.07964823523014,294,-1.4216231107711792
17.97,81.50766877568218,80.10701091697676,288,-1.3900598287582397
18.0,81.59936663730021,80.13903407701532,288,-1.357662558555603
18.03,81.69300551649887,80.17207136375329,283,-1.3244645595550537
18.06,81.78927824925003,80.20640553863274,282,-1.2904994487762451
18.09,81.88749764108118,80.24096902126203,281,-1.255800485610962
18.12,81.98193786118077,80.27419878721653,286,-1.2204006910324097
18.150000000000002,82.06486302976424,80.3035552248823,284,-1.1843324899673462
18.18,82.14992557310175,80.3305779542691,284,-1.147628903388977
18.21,82.2287929339666,80.35856416789696,283,-1.110322117805481
18.240000000000002,82.30531455136456,80.38591480790812,285,-1.072444200515747
18.27,82.37053876001116,80.41672774872686,283,-1.034026861190796
18.3,82.44440696321368,80.44726856880976,287,-0.9951022267341614
18.330000000000002,82.52419313468131,80.4749451942104,287,-0.955701470375061
18.36,82.6041620074302,80.50851935391944,289,-0.9158560633659363
18.39,82.6875529025166,80.54310826945327,289,-0.8755976557731628
18.42,82.76017263060048,80.56693169141656,291,-0.8349577784538269
18.45,82.80355830604981,80.58567815242439,289,-0.793968141078949
18.48,82.84263788894438,80.60406110728158,287,-0.7526606917381287
18.51,82.86601339226658,80.61921668753999,287,-0.7110668420791626
18.54,82.88896702442977,80.62997194792665,286,-0.6692180037498474
18.57,82.91328570551654,80.63835838758105,286,-0.6271453499794006
18.6,82.93604799667189,80.64267854120655,284,-0.5848796367645264
18.63,82.95753157014113,80.65193190204624,283,-0.542451024055481
18.66,82.97317000401044,80.66294448853024,284,-0.49988970160484314
18.69,82.97179845008911,80.6679097077751,285,-0.45722487568855286
18.72,82.96206935629317,80.66361500026669,283,-0.414485365152359
18.75,82.94257431793527,80.65291319858592,280,-0.3716994524002075
18.78,82.91625801357497,80.63720293251852,280,-0.32889479398727417
18.81,82.88347258260147,80.62077040033621,279,-0.28609833121299744
18.84,82.85035938619555,80.60729737809113,277,-0.24333637952804565
18.87,82.82701164385654,80.59889424739505,278,-0.2006346881389618
18.900000000000002,82.79907333747838,80.58536649091721,279,-0.1580182909965515
18.93,82.76856671253422,80.56877056617944,280,-0.11551161110401154
18.96,82.73683802066228,80.55122101359767,279,-0.07313843071460724
18.990000000000002,82.7145355823265,80.52921405657736,277,-0.03092186339199543
19.02,82.69026536042244,80.50693242549713,269,0.011115535162389278
19.05,82.67274297966975,80.49245964480292,266,0.05295175313949585
19.080000000000002,82.65535854951227,80.48132615146596,267,0.09456527233123779
19.11,82.63933453248944,80.46931313127897,267,0.13593560457229614
19.14,82.62179606346953,80.4515445508181,264,0.17704351246356964
19.17,82.60142095875871,80.43166951944761,263,0.21787087619304657
19.2,82.57188949213106,80.41609350942727,269,0.25840064883232117
19.23,82.53692164111513,80.40099613505106,265,0.2986166477203369
19.26,82.50980683485928,80.38762226233936,270,0.3385034203529358
19.29,82.48057589971123,80.37533017298429,272,0.37804630398750305
19.32,82.44909876084122,80.36427674745214,274,0.4172310531139374
19.35,82.41608149032314,80.3560533741491,279,0.45604410767555237
19.38,82.37901158035952,80.35027094440797,280,0.4944721758365631
19.41,82.34229372075394,80.34922495689024,280,0.5325024127960205
19.44,82.3012304776982,80.34476508347949,281,0.5701223015785217
19.47,82.24989317456321,80.33719117784614,278,0.6073194742202759
19.5,82.1852687690673,80.32824657184793,281,0.6440819501876831
19.53,82.11164099031379,80.31793140243367,281,0.6803975701332092
19.56,82.03302506629103,80.30231125882565,279,0.7162547707557678
19.59,81.95340371555798,80.28239110494589,278,0.7516417503356934
19.62,81.88436922091722,80.25949453078466,281,0.7865468859672546
19.650000000000002,81.82038869943528,80.23578887019092,285,0.8209585547447205
19.68,81.74814914388418,80.20775377920597,290,0.8548652529716492
19.71,81.6528063582409,80.16355816507374,291,0.8882553577423096
19.740000000000002,81.55244847401981,80.11623570921513,287,0.9211171865463257
19.77,81.45385763763393,80.07273051266678,285,0.953439474105835
19.8,81.34767447238399,80.03414075590823,282,0.9852102994918823
19.830000000000002,81.23843174839787,79.99530930498771,283,1.0164175033569336
19.86,81.12744444116353,79.95650490455706,283,1.047048568725586
19.89,81.02529052460316,79.91718065906596,282,1.077089786529541
19.92,80.93063214114832,79.87794789711917,281,1.1065268516540527
19.95,80.8670146339043,79.84630422678832,282,1.1353453397750854
19.98,80.81415068945859,79.82080561291173,277,1.16353178024292
20.01,80.77553587058215,79.81207718873742,278,1.191072940826416
20.04,80.74123481642032,79.80468510904895,281,1.2179569005966187
20.07,80.71227223995378,79.80302941489202,280,1.244172215461731
20.1,80.6841338021532,79.79806170134357,286,1.2697087526321411
20.13,80.65832692984362,79.79451720882452,293,1.2945566177368164
20.16,80.64951124198666,79.79348755453651,290,1.318708062171936
20.19,80.67536841927566,79.80114895553335,280,1.3421549797058105
20.22,80.76674027053336,79.82804968952345,285,1.3648911714553833
20.25,80.8798243519594,79.86050323523632,287,1.3869107961654663
20.28,80.98700193136226,79.89400605818864,284,1.4082095623016357
20.31,81.09230040116921,79.92664831764033,284,1.428783893585205
20.34,81.20206420273287,79.9634994715915,285,1.4486292600631714
20.37,81.31950239138475,80.00627579009699,285,1.4677412509918213
20.400000000000002,81.44238412663285,80.04725270152588,285,1.4861141443252563
20.43,81.56404521049102,80.08476943509315,284,1.5037416219711304
20.46,81.67654987589741,80.10871519508112,284,1.520617127418518
20.490000000000002,81.78005307389246,80.13285177504785,284,1.5367339849472046
20.52,81.87651407155835,80.15365143406105,280,1.5520849227905273
20.55,81.9745995263292,80.17308336286933,285,1.5666632652282715
20.580000000000002,82.06396035627876,80.19536321927691,284,1.580461859703064
20.61,82.14279170786561,80.218887321597,286,1.59347403049469
20.64,82.23568150054192,80.24902256345895,289,1.6056931018829346
20.67,82.33387559102565,80.27951335776864,285,1.6171131134033203
20.7,82.4385594019121,80.30885087997461,283,1.6277283430099487
20.73,82.52641647034416,80.33296406468723,279,1.63753342628479
20.76,82.60776803796887,80.35072085933464,279,1.6465232372283936
20.79,82.69211001046351,80.36474132223141,281,1.6546931266784668
20.82,82.78537248514378,80.38105681677142,283,1.6620374917984009
20.85,82.87792790057797,80.40169087383491,281,1.668550968170166
20.88,82.96459675442901,80.42655421189369,284,1.6742280721664429
20.91,83.0387223736708,80.45018700268966,283,1.679062843322754
20.94,83.1091724769103,80.47305243616086,281,1.6830495595932007
20.97,83.17470984889657,80.49749553524508,282,1.6861821413040161
21.0,83.23506676516455,80.51284911913281,283,1.6884554624557495
21.03,83.29802022309126,80.52432478639183,279,1.689863920211792
21.06,83.36025571490084,80.53548391163862,280,1.6904022693634033
21.09,83.42439347727161,80.55094902776867,282,1.6900657415390015
21.12,83.48804033570548,80.571248158564,288,1.6888504028320312
21.150000000000002,83.53644431403951,80.58284250829628,288,1.686752200126648
21.18,83.56508192813895,80.58952535165321,286,1.6837689876556396
21.21,83.58725115503238,80.59040769873319,280,1.679898977279663
21.240000000000002,83.61395565937462,80.59189716023018,285,1.6751420497894287
21.27,83.63326036724995,80.58955094885104,283,1.6694986820220947
21.3,83.64734918517799,80.58864015819753,283,1.6629722118377686
21.330000000000002,83.64900764667348,80.58758549206541,282,1.6555677652359009
21.36,83.65082006373866,80.58348560820647,284,1.6472930908203125
21.39,83.65000041220121,80.57759052718157,285,1.6381580829620361
21.42,83.64915256846311,80.56504736328645,284,1.6281750202178955
21.45,83.64639421017168,80.5531358991146,288,1.6173573732376099
21.48,83.63113436105971,80.53688254478384,290,1.6057208776474
21.51,83.5977573905597,80.5208616011949,292,1.593282699584961
21.54,83.54910787287318,80.50786895237232,295,1.5800610780715942
21.57,83.49592698861446,80.49258841601893,294,1.5660756826400757
21.6,83.43539593186877,80.47462894598686,293,1.551347017288208
21.63,83.3701014687195,80.45241999493805,291,1.5358974933624268
21.66,83.30313050556892,80.43726672752193,288,1.519749641418457
21.69,83.24106083781665,80.42721112785185,288,1.5029268264770508
21.72,83.18094657157764,80.42360540220051,286,1.4854533672332764
21.75,83.12177679965974,80.41653836644723,283,1.467354416847229
21.78,83.05885449157813,80.40173912569917,279,1.4486552476882935
21.81,82.99048097332367,80.38262307760483,276,1.4293817281723022
21.84,82.91280218308913,80.36579766428191,278,1.4095603227615356
21.87,82.84370685122943,80.353904437567,281,1.3892179727554321
21.900000000000002,82.79215040513645,80.34662314671192,283,1.3683816194534302
21.93,82.74173118935563,80.33240884081701,283,1.347078561782837
21.96,82.68501292395447,80.316332943019,282,1.3253363370895386
21.990000000000002,82.62064274312911,80.30164925603464,278,1.3031831979751587
22.02,82.55228498387923,80.28546550088491,277,1.2806466817855835
22.05,82.49760960968406,80.27390490931354,271,1.2577548027038574
22.080000000000002,82.45459338984203,80.26624800736224,264,1.2345364093780518
22.11,82.41688094810192,80.25901242685121,260,1.2110199928283691
22.14,82.38107740050489,80.25371182141735,262,1.1872344017028809
22.17,82.348975068233,80.24913388739466,264,1.1632083654403687
22.2,82.31951170845713,80.24540926901683,267,1.138971209526062
22.23,82.2884653869535,80.24419385822604,267,1.1145520210266113
22.26,82.24247325180406,80.23572594374684,266,1.089980125427246
22.29,82.18680900134306,80.2223951086712,268,1.0652852058410645
22.32,82.13710827923396,80.20943455352796,268,1.0404962301254272
22.35,82.0957202228411,80.19092431386068,269,1.0156422853469849
22.38,82.05440626399793,80.1719772666896,269,0.990753173828125
22.41,82.01244779416622,80.15729325815832,272,0.9658579230308533
22.44,81.96952317445312,80.14286314242977,278,0.9409856200218201
22.47,81.91563517502074,80.11926324544277,276,0.9161653518676758
22.5,81.85657480714302,80.08956262473335,277,0.8914259672164917
22.53,81.79458846315127,80.05761490523987,283,0.86679607629776
22.56,81.72571652006876,80.02057338095727,286,0.8423041701316833
22.59,81.64844103030994,79.98347778362992,287,0.8179783225059509
22.62,81.56179665881203,79.9479575576788,286,0.7938467860221863
22.650000000000002,81.47034080395511,79.91434724165703,284,0.7699368596076965
22.68,81.39303683674541,79.88487361751828,275,0.7462759017944336
22.71,81.3326942265203,79.85581524783042,270,0.7228909134864807
22.740000000000002,81.28821447213858,79.83624290978601,272,0.6998084783554077
22.77,81.25469973680889,79.8229671646377,279,0.6770554184913635
22.8,81.22307033008362,79.80829438246894,285,0.6546587347984314
22.830000000000002,81.18857954936405,79.78882775009217,290,0.6326456665992737
22.86,81.1515662953908,79.7717986648041,297,0.6110434532165527
22.89,81.12860257649626,79.76380146320214,301,0.5898793935775757
22.92,81.11579667887084,79.76097415538415,297,0.5691801905632019
22.95,81.10775668027203,79.76439289686138,295,0.5489720702171326
22.98,81.12534627381297,79.7724907760615,293,0.5292808413505554
23.01,81.14557073291456,79.77669203030449,293,0.5101314187049866
23.04,81.15986771009172,79.777488112142,292,0.4915477931499481
23.07,81.1785090844616,79.78159516719917,295,0.4735530912876129
23.1,81.20752506605659,79.78303570521965,290,0.45616936683654785
23.13,81.24038539675432,79.7880718139222,292,0.4394174814224243
23.16,81.28104467575392,79.79036018217256,298,0.42331695556640625
23.19,81.332526269363,79.80141600658162,299,0.40788567066192627
23.22,81.38609799422086,79.81143687873835,299,0.39313918352127075
23.25,81.44088132859754,79.81645369700162,301,0.37909114360809326
23.28,81.50292441428283,79.82107642802495,305,0.3657531142234802
23.31,81.56901339272278,79.82861664820769,309,0.35313478112220764
23.34,81.6327800121435,79.84261029715013,305,0.3412441909313202
23.37,81.71721860830075,79.87055181498059,314,0.33008772134780884
23.400000000000002,81.81670019426807,79.90661821951564,310,0.3196701109409332
23.43,81.90836464911548,79.94220478078464,310,0.3099946975708008
23.46,81.99863340598127,79.97644061658347,315,0.30106380581855774
23.490000000000002,82.09205779663976,80.01027193877981,313,0.29287949204444885
23.52,82.18355023148686,80.0418229388572,309,0.2854434847831726
23.55,82.26180002616697,80.07197074605617,305,0.2787571847438812
23.580000000000002,82.32801813731156,80.09719151365698,310,0.2728217542171478
23.61,82.38997036932767,80.1187898611269,310,0.26763784885406494
23.64,82.44825264930597,80.14005334709198,313,0.2632061243057251
23.67,82.50460400560313,80.15627161712152,311,0.2595267593860626
23.7,82.55179197442433,80.16676087499977,314,0.2565998136997223
23.73,82.6028085106795,80.17559179809524,314,0.2544247508049011
23.76,82.65607589624791,80.18201644129203,313,0.2529999315738678
23.79,82.70784321539492,80.19213190815613,315,0.25232136249542236
23.82,82.74963283067018,80.20334520474846,312,0.2523830533027649
23.85,82.78394404301305,80.20884169335994,310,0.2531769871711731
23.88,82.81825477752571,80.20865272860911,306,0.2546934187412262
23.91,82.84992814908799,80.21125970638836,307,0.2569209039211273
23.94,82.87519670930031,80.20826998584862,303,0.259846568107605
23.97,82.8998651037837,80.20897642964532,300,0.26345598697662354
24.0,82.92854877462652,80.20890897203064,301,0.26773354411125183
24.03,82.96541696682102,80.21450303603203,304,0.2726624310016632
24.060000000000002,83.0031116637221,80.22301755699277,306,0.2782245874404907
24.09,83.03692628946017,80.22930372297114,299,0.28440114855766296
24.12,83.05676588689855,80.22316455944994,296,0.2911722660064697
24.150000000000002,83.07481768287145,80.2167357545043,293,0.29851725697517395
24.18,83.08914703956866,80.21057697100002,291,0.3064146339893341
24.21,83.09676013706827,80.20338999307513,289,0.31484222412109375
24.240000000000002,83.09085448841613,80.19662477515477,290,0.32377731800079346
24.27,83.06724497175797,80.18586820074144,296,0.33319661021232605
24.3,83.03300586984331,80.17528159031637,299,0.34307602047920227
24.330000000000002,83.00173641181298,80.15786559611527,301,0.35339057445526123
24.36,82.96690437179822,80.13715361918105,299,0.36411401629447937
24.39,82.92449617301848,80.11285214921004,297,0.37521892786026
24.42,82.88573563701073,80.09161742925072,295,0.38667672872543335
24.45,82.84242784428673,80.07551834755957,292,0.39845791459083557
24.48,82.79494906553101,80.06275980718655,286,0.41053223609924316
24.51,82.74769979748274,80.05401883066654,286,0.42286863923072815
24.54,82.69679708016722,80.03846357032535,284,0.4354354739189148
24.57,82.64501909385876,80.01785992651013,281,0.44820064306259155
24.6,82.59387438232659,79.99822251525154,280,0.4611315429210663
24.63,82.5531806090996,79.97791815277598,280,0.4741954505443573
24.66,82.52274704692178,79.95925461080495,275,0.4873592257499695
24.69,82.4855824672177,79.93732503868073,276,0.5005897283554077
24.72,82.44372373282876,79.91368769700728,277,0.5138537287712097
24.75,82.40039999190172,79.89229093434575,278,0.5271179676055908
24.78,82.35785639470592,79.87219839254102,280,0.540349543094635
24.810000000000002,82.32485973008959,79.85218184600203,280,0.5535154342651367
24.84,82.29296096428186,79.82853292326985,278,0.5665828585624695
24.87,82.25872217056794,79.80664710485615,277,0.5795198082923889
24.900000000000002,82.23166930992922,79.78524378758847,281,0.5922942161560059
24.93,82.19800397078292,79.76140300512064,286,0.6048747301101685
24.96,82.16098226566102,79.74269573999081,288,0.6172304153442383
24.990000000000002,82.1238136687307,79.72852359610904,287,0.6293310523033142
25.02,82.07892599250565,79.7134076514475,286,0.6411477327346802
25.05,82.03348154681784,79.70236046018684,288,0.6526533365249634
25.080000000000002,81.97786690145126,79.69847336911143,291,0.6638222932815552
25.11,81.92169995484537,79.69724972191526,287,0.6746312379837036
25.14,81.88207606874465,79.70944445323842,283,0.6850587129592896
25.17,81.85916712221366,79.72572076235173,280,0.6950851082801819
25.2,81.83010435475761,79.74061587907173,279,0.7046931982040405
25.23,81.80064651519396,79.75466793646487,276,0.7138673067092896
25.26,81.77908645664118,79.760998202917,283,0.7225938439369202
25.29,81.75183094357074,79.76429309548618,288,0.7308606505393982
25.32,81.72153995772177,79.76728445848806,291,0.7386571168899536
25.35,81.70484474967736,79.77107892368923,288,0.745974063873291
25.38,81.69235899471003,79.77392959104186,288,0.7528037428855896
25.41,81.68061499634555,79.77047570405975,288,0.7591396570205688
25.44,81.65701362100371,79.76388242886638,287,0.7649766802787781
25.47,81.61852417271838,79.74831339664529,285,0.7703107595443726
25.5,81.58681719344382,79.72999403615336,285,0.7751388549804688
25.53,81.56367339278569,79.71195410874374,281,0.7794588208198547
25.560000000000002,81.53981108001953,79.69891126348975,281,0.7832697629928589
25.59,81.52168441718726,79.68594461095245,286,0.7865716814994812
25.62,81.5149846088514,79.67597066942201,285,0.7893653512001038
25.650000000000002,81.50304763647446,79.66104798315739,289,0.7916525602340698
25.68,81.49887265075483,79.64319081414006,287,0.79343581199646
25.71,81.50412985114755,79.62674224252088,288,0.7947185039520264
25.740000000000002,81.50425021412475,79.61024739054344,289,0.7955047488212585
25.77,81.50508087021011,79.59103005737414,291,0.7957994341850281
25.8,81.50061951011982,79.56455870989782,291,0.7956081032752991
25.830000000000002,81.49452167595801,79.53761024220378,295,0.7949371337890625
25.86,81.49196350615091,79.51954107901432,300,0.7937934398651123
25.89,81.50453847299863,79.51462463270943,302,0.7921844720840454
25.92,81.51904875550743,79.51385365165503,306,0.7901183366775513
25.95,81.54593856642657,79.51671733278472,308,0.7876039743423462
25.98,81.57588996574516,79.5231324664727,306,0.7846506237983704
26.01,81.60733087710143,79.52933865044326,307,0.7812682390213013
26.04,81.65783255113944,79.54592732947994,307,0.7774672508239746
26.07,81.73455235531038,79.575096247999,308,0.773258626461029
26.1,81.81319856619123,79.5996827862691,302,0.7686536908149719
26.13,81.90669833172178,79.64113346499416,301,0.7636643052101135
26.16,82.00817710826796,79.68630655636147,300,0.7583027482032776
26.19,82.1227652927179,79.73342265192689,295,0.7525820136070251
26.22,82.23256887869076,79.77814730778523,295,0.7465149760246277
26.25,82.33669000646131,79.82043918930874,298,0.7401155829429626
26.28,82.4401053548582,79.86545570707968,294,0.7333981990814209
26.310000000000002,82.53323938494844,79.90656517646633,291,0.7263776063919067
26.34,82.6200628295752,79.94354477360719,290,0.7190686464309692
26.37,82.70313952478801,79.97135204961383,289,0.7114865779876709
26.400000000000002,82.78015647494236,79.98715793139078,288,0.7036464214324951
26.43,82.84468462241418,80.00336766555331,286,0.695563554763794
26.46,82.90094439129861,80.0202860288684,286,0.687253475189209
26.490000000000002,82.95138595663762,80.04207692699073,284,0.6787317395210266
26.52,82.99815905510587,80.06226317102156,283,0.6700140833854675
26.55,83.04248455441666,80.08335781183744,283,0.6611160039901733
26.580000000000002,83.08783977796925,80.10496194639403,285,0.6520534157752991
26.61,83.12898320181962,80.12804977973688,285,0.642842173576355
26.64,83.16767944766939,80.14656735553471,284,0.6334980726242065
26.67,83.20558777521548,80.16415370265477,283,0.624036967754364
26.7,83.24441116694449,80.18002855936558,281,0.6144746541976929
26.73,83.2833749994296,80.19107926607525,278,0.604826807975769
26.76,83.3229250837203,80.19960629076779,277,0.5951091051101685
26.79,83.36133517164556,80.2074275941479,278,0.585337221622467
26.82,83.40141422758593,80.21820572690417,276,0.5755267143249512
26.85,83.43043837096695,80.22631542595579,279,0.5656929612159729
26.88,83.44814283931566,80.23259897207393,279,0.5558512806892395
26.91,83.4534567201451,80.23626704834003,276,0.5460167527198792
26.94,83.43569407435588,80.2284729968758,275,0.5362043380737305
26.97,83.4086943541659,80.21527521288822,276,0.5264289379119873
27.0,83.36664981188062,80.19895904662941,276,0.5167056322097778
27.03,83.30953014455811,80.182618071332,276,0.5070502758026123
27.060000000000002,83.2512675777065,80.16452484916692,274,0.497479647397995
27.09,83.19356186544289,80.14084620470454,274,0.48801088333129883
27.12,83.12512869626325,80.11005378392984,275,0.478661447763443
27.150000000000002,83.04951105055768,80.08714893739676,279,0.46944838762283325
27.18,82.97231148979836,80.06028206864528,284,0.46038830280303955
27.21,82.89796726496921,80.02784945628936,289,0.45149731636047363
27.240000000000002,82.83493080582002,79.99501390460034,285,0.44279107451438904
27.27,82.76380671122821,79.95941722483114,287,0.43428483605384827
27.3,82.6892670305561,79.92795317349557,284,0.4259931445121765
27.330000000000002,82.6153977612737,79.8932848522521,286,0.4179290533065796
27.36,82.54123370783002,79.8569160645257,286,0.4101032614707947
27.39,82.47124800589751,79.81443415602917,287,0.4025241732597351
27.42,82.40473427756721,79.77394846417324,285,0.3951982855796814
27.45,82.34873764408434,79.74313597309882,289,0.3881300091743469
27.48,82.31017551989989,79.71780701205284,288,0.38132214546203613
27.51,82.27592685524726,79.68555967329831,289,0.3747759163379669
27.54,82.23851687365513,79.65185319174147,285,0.3684915602207184
27.57,82.20585566097937,79.62701260337893,276,0.36246946454048157
27.6,82.18996616482981,79.61332503308405,281,0.3567104935646057
27.63,82.18146698667297,79.60573013630486,282,0.3512158691883087
27.66,82.18404188117104,79.60675456331101,282,0.3459871709346771
27.69,82.18845184701352,79.60847790692647,281,0.34102606773376465
27.72,82.19767160917922,79.60569264299914,280,0.3363344669342041
27.75,82.20666757476748,79.59880944564901,281,0.3319140672683716
27.78,82.21023256031718,79.59815346267341,279,0.3277665078639984
27.810000000000002,82.21340725151818,79.5913667906821,276,0.32389312982559204
27.84,82.20228442538973,79.58410160336265,280,0.32029494643211365
27.87,82.18177764300142,79.58140511033454,285,0.3169725835323334
27.900000000000002,82.15144656775075,79.57386052593978,284,0.31392621994018555
27.93,82.0970223727352,79.5632379499906,282,0.3111555874347687
27.96,82.03130731859562,79.55229353116758,281,0.30865979194641113
27.990000000000002,81.9791133510137,79.54499014273343,284,0.3064374029636383
28.02,81.92076150923842,79.53578176855541,285,0.3044864237308502
28.05,81.85671240156759,79.52109671232675,287,0.302804172039032
28.080000000000002,81.7864090840182,79.50545014033104,288,0.3013874590396881
28.11,81.71851982427927,79.48547543990786,288,0.30023232102394104
28.14,81.6556112989045,79.46238564099158,287,0.29933419823646545
28.17,81.60133224626755,79.43704255264048,289,0.2986878752708435
28.2,81.56484593612933,79.40772289429806,291,0.2982874810695648
28.23,81.55050059135858,79.38117260450545,296,0.2981264889240265
28.26,81.5424789003152,79.35632835444788,296,0.29819780588150024
28.29,81.53977467404951,79.33178131585991,300,0.2984936833381653
28.32,81.53468851800042,79.30590376080357,302,0.2990058660507202
28.35,81.53456351811447,79.28422061996065,298,0.2997254729270935
28.38,81.54314617135525,79.26378236065933,298,0.3006434440612793
28.41,81.56695271319815,79.24926227961527,302,0.30175089836120605
28.44,81.60620334978539,79.24565268564466,303,0.3030393719673157
28.47,81.6602248159697,79.25213204475116,304,0.3045012950897217
28.5,81.70703489704991,79.26644463471693,309,0.3061293959617615
28.53,81.74153734596284,79.28586622276333,304,0.30791714787483215
28.560000000000002,81.76827573177917,79.29869867782155,302,0.3098587095737457
28.59,81.79789099763508,79.31888884855304,300,0.3119489252567291
28.62,81.83690949807001,79.3531697609948,295,0.31418317556381226
28.650000000000002,81.87047925607177,79.38155407672873,295,0.31655749678611755
28.68,81.89430871464505,79.40885650615871,297,0.3190687894821167
28.71,81.91901847398975,79.4338879445269,301,0.32171446084976196
28.740000000000002,81.93053674927907,79.45720027950766,301,0.32449251413345337
28.77,81.9313991246181,79.47624687953147,301,0.327401727437973
28.8,81.92557722187182,79.48757165793786,301,0.33044150471687317
28.830000000000002,81.91919237497031,79.49234100892717,306,0.3336118757724762
28.86,81.91712762962743,79.49420123476186,306,0.33691340684890747
28.89,81.92271254614265,79.49762378231755,309,0.3403473198413849
28.92,81.93383770892646,79.50003042342306,307,0.34391534328460693
28.95,81.9394808320165,79.50336437235657,309,0.3476196229457855
28.98,81.94751855358062,79.50663120346289,309,0.3514629304409027
29.01,81.95656085242948,79.51517398403746,310,0.3554482161998749
29.04,81.9632593614929,79.52732237583251,309,0.359578937292099
29.07,81.97417525025774,79.53548722316474,309,0.3638586401939392
29.1,81.99177522942922,79.55057529253291,313,0.3682912588119507
29.13,82.01397673375602,79.5661092415577,315,0.37288132309913635
29.16,82.03646064714896,79.58315818891836,314,0.37763428688049316
29.19,82.05703920245934,79.5999996168639,312,0.38255640864372253
29.22,82.0881000060007,79.62019982963922,318,0.3876543641090393
29.25,82.12922393475988,79.64665665356664,318,0.39293524622917175
29.28,82.16605065840749,79.67553884245916,318,0.39840617775917053
29.310000000000002,82.19795640347347,79.7013831406763,315,0.40407446026802063
29.34,82.22978140603584,79.72159186156789,316,0.4099469780921936
29.37,82.26641465912641,79.7394062391032,317,0.4160304665565491
29.400000000000002,82.30386001313693,79.74813613940657,316,0.42233115434646606
29.43,82.33645447939413,79.75437390997757,318,0.42885491251945496
29.46,82.36474328834039,79.76679755384392,317,0.4356068968772888
29.490000000000002,82.39158883425776,79.77462541683653,319,0.4425916373729706
29.52,82.41657506257678,79.78107518409766,317,0.44981279969215393
29.55,82.43773146196675,79.78993653207583,312,0.45727330446243286
29.580000000000002,82.45703405050196,79.79952473637663,313,0.46497517824172974
29.61,82.47384450531514,79.80337050090037,313,0.4729195535182953
29.64,82.48756934507499,79.79514558027253,313,0.48110654950141907
29.67,82.49476035371788,79.78176977964638,314,0.4895353317260742
29.7,82.50226754687728,79.76111262680878,315,0.4982040226459503
29.73,82.51182763699218,79.74177061039359,316,0.5071097016334534
29.76,82.5178040838553,79.72526884343127,318,0.5162482857704163
29.79,82.51129952311487,79.70312806354063,318,0.5256146192550659
29.82,82.49899872872702,79.67820412420492,320,0.5352019667625427
29.85,82.4844859378039,79.65166185514913,316,0.545002818107605
29.88,82.46949354198463,79.63206200792737,314,0.5550091862678528
29.91,82.45482456041094,79.61586808566472,310,0.5652123093605042
29.94,82.42830391291231,79.59884497423127,308,0.5756030678749084
29.97,82.40495646699897,79.57568156289837,306,0.5861721634864807
30.0,82.38642739287239,79.55285754441876,304,0.5969098806381226
30.03,82.3588470199262,79.52800699607211,303,0.607806384563446
30.060000000000002,82.32807130036387,79.5065094435537,307,0.6188517808914185
30.09,82.29433486967446,79.4811141363851,304,0.6300359964370728
30.12,82.25373887964781,79.4505749938876,302,0.6413482427597046
30.150000000000002,82.21152262444602,79.41240136725695,303,0.6527759432792664
30.18,82.1771109202036,79.37280753257133,296,0.6643047332763672
30.21,82.13891030282245,79.33486078557708,300,0.6759188175201416
30.240000000000002,82.08914435246304,79.29700719682792,298,0.6876009106636047
30.27,82.03319992782338,79.26371418754232,295,0.6993327736854553
30.3,81.97574412438833,79.23218240358634,300,0.711094856262207
30.330000000000002,81.9287418332394,79.20437173805718,307,0.7228671312332153
30.36,81.89432657440292,79.18276361723886,309,0.7346284985542297
30.39,81.86229155716511,79.16435701188284,309,0.7463574409484863
30.42,81.8360490201343,79.1464515971507,305,0.7580317854881287
30.45,81.80739416241916,79.13416787515779,305,0.7696293592453003
30.48,81.78118227069217,79.11879991311476,304,0.7811272740364075
30.51,81.76245792725639,79.10918758294709,302,0.7925028204917908
30.54,81.73810143436462,79.0989329872181,303,0.8037329316139221
30.57,81.70270597919782,79.08743728698182,301,0.8147945404052734
30.6,81.67167151865898,79.07966902220767,301,0.8256646394729614
30.63,81.64794200321374,79.06667731337416,303,0.8363189697265625
30.66,81.63219709285212,79.04988938710103,309,0.8467327356338501
30.69,81.6140822720309,79.03788284852203,307,0.8568803071975708
30.72,81.59857332253586,79.04357271505961,312,0.8667358160018921
30.75,81.58648990740531,79.05638091485781,311,0.8762727379798889
30.78,81.57920784916121,79.07234004208303,311,0.8854643702507019
30.810000000000002,81.58903739746302,79.09882708026488,314,0.894283652305603
30.84,81.6186121253614,79.13477942474132,312,0.9027032256126404
30.87,81.66158246305012,79.17035519179377,310,0.9106959104537964
30.900000000000002,81.71000959903832,79.20239748920194,311,0.9182347655296326
30.93,81.74859265483748,79.23349438765774,305,0.9252926111221313
30.96,81.78177918222109,79.2561003341282,304,0.931842565536499
30.990000000000002,81.81189931913421,79.27843275668306,301,0.9378591775894165
31.02,81.83869316087203,79.2983279200242,300,0.9433187246322632
31.05,81.85738138602686,79.31723880707382,296,0.9481998682022095
31.080000000000002,81.85866389203656,79.33092027565304,298,0.9524834752082825
31.11,81.85988607017842,79.33879145501659,304,0.9561522006988525
31.14,81.85824607098567,79.33829634849303,304,0.9591907262802124
31.17,81.86493197197595,79.33911360922353,308,0.9615858197212219
31.2,81.86862376666947,79.3371100169547,309,0.9633267521858215
31.23,81.8551804865264,79.32943421983904,310,0.964405357837677
31.26,81.83217494334983,79.31929495887296,310,0.964816153049469
31.29,81.81440836227567,79.31899048840414,315,0.9645562767982483
31.32,81.79468650576067,79.31847456473618,316,0.9636247754096985
31.35,81.77165320640987,79.31329003674021,316,0.9620231986045837
31.38,81.7588170571766,79.30962963363348,316,0.9597551226615906
31.41,81.76800476656037,79.31231204437688,315,0.9568254351615906
31.44,81.78669398462293,79.31861763439834,314,0.9532408714294434
31.470000000000002,81.80222036655998,79.3254392438163,315,0.9490094184875488
31.5,81.81608549803612,79.33014818295047,318,0.9441402554512024
31.53,81.82296431329081,79.32959120569883,320,0.9386435151100159
31.560000000000002,81.83162719023748,79.32430724112716,326,0.9325304627418518
31.59,81.8545025939606,79.32692380424679,329,0.9258129000663757
31.62,81.88226302932786,79.32874399143878,330,0.9185035228729248
31.650000000000002,81.90745561153165,79.32399697002732,330,0.9106155037879944
31.68,81.94014736108564,79.3198021685223,337,0.9021626114845276
31.71,81.97705027612481,79.31529809789161,334,0.8931588530540466
31.740000000000002,82.01101192854988,79.30508493093194,331,0.8836183547973633
31.77,82.04324710227758,79.28877837114167,334,0.8735556602478027
31.8,82.08134234017209,79.27467350735054,331,0.862985372543335
31.830000000000002,82.13795799711448,79.276754495318,320,0.8519219160079956
31.86,82.19655935380237,79.28621665214541,316,0.8403798937797546
31.89,82.25128739069206,79.29973826150541,318,0.8283738493919373
31.92,82.3069062473274,79.31724652779783,320,0.8159180879592896
31.95,82.36469572718042,79.3333380668057,319,0.8030268549919128
31.98,82.41513511955282,79.3414825848071,316,0.7897142171859741
32.01,82.45787251607433,79.34798329084484,317,0.7759940028190613
32.04,82.50658992785802,79.35578046321545,318,0.7618799805641174
32.07,82.55226364258556,79.36880701853028,319,0.7473857998847961
32.1,82.5974214092404,79.38170480990127,319,0.732525110244751
32.13,82.63993468768669,79.39498548829219,316,0.7173110842704773
32.160000000000004,82.67643927777836,79.40763119922701,317,0.7017573118209839
32.19,82.71553952889764,79.41799052231516,314,0.6858774423599243
32.22,82.74994004948451,79.43412564176,312,0.669684648513794
32.25,82.77374585938018,79.45362278103718,312,0.6531927585601807
32.28,82.7966433428073,79.47834929397737,316,0.6364152431488037
32.31,82.81572327167025,79.49983120445013,313,0.619365930557251
32.34,82.8257566982891,79.5166501773411,312,0.6020585894584656
32.37,82.83582106511211,79.52716216103796,311,0.5845068693161011
32.4,82.84232509431277,79.53024219548182,310,0.5667234659194946
32.43,82.8464238288301,79.53271428135042,308,0.54872065782547
32.46,82.85058604128491,79.53679269196763,311,0.5305103659629822
32.49,82.84823799413387,79.53933757440946,308,0.512104332447052
32.52,82.8412653994131,79.53671248680021,310,0.49351415038108826
32.55,82.83079037119832,79.53210452243833,307,0.4747515618801117
32.58,82.8138228165199,79.52707844413186,306,0.4558284282684326
32.61,82.78883294468345,79.5126955019004,304,0.4367568790912628
32.64,82.76033989590402,79.49710720381523,307,0.4175493121147156
32.67,82.73941699078105,79.4878202959304,301,0.39821872115135193
32.7,82.72145894397524,79.47740181873237,303,0.3787784278392792
32.730000000000004,82.70930102536164,79.4601565133423,304,0.35924240946769714
32.76,82.69963009773944,79.43976705609462,299,0.3396250605583191
32.79,82.68689208965628,79.40879698361145,302,0.31994208693504333
32.82,82.67656143244145,79.3749926352889,303,0.30021071434020996
32.85,82.65650600567945,79.33803195673774,305,0.2804492712020874
32.88,82.62971189719451,79.29054133333995,309,0.2606773376464844
32.910000000000004,82.60815236115427,79.24467555171698,306,0.2409154325723648
32.94,82.59226984831278,79.19290931378768,312,0.22118495404720306
32.97,82.56957163641624,79.14404639916607,319,0.20150798559188843
33.0,82.54794506803856,79.10692355224306,321,0.18190725147724152
33.03,82.52748996273664,79.06976361292679,316,0.16240587830543518
33.06,82.52113136408644,79.03806758375181,318,0.1430274248123169
33.09,82.51261613787953,79.01203429753019,317,0.12379574030637741
33.12,82.48801252213194,78.9882815481058,317,0.10473481565713882
33.15,82.45382264866191,78.96371793401167,314,0.0858687162399292
33.18,82.41567721396348,78.93582916303735,309,0.06722090393304825
33.21,82.38764307279982,78.91957455234446,304,0.04881387576460838
33.24,82.3738558447275,78.91153829965597,300,0.030669091269373894
33.27,82.37440466235795,78.90296637683872,297,0.012806919403374195
33.3,82.3651308018267,78.89833616551488,298,-0.004753311164677143
33.33,82.34852122539394,78.8873186077338,300,-0.02199333719909191
33.36,82.32609643483931,78.8809552507895,292,-0.03889593854546547
33.39,82.2932695137162,78.87524211146939,294,-0.05544494464993477
33.42,82.25004535003407,78.86688170556954,299,-0.07162520289421082
33.45,82.21125176568697,78.85770938172608,305,-0.08742239326238632
33.480000000000004,82.19292126484653,78.85623786090582,313,-0.10282241553068161
33.51,82.1754886709978,78.85030662742724,315,-0.1178111582994461
33.54,82.16653022476694,78.84842944447124,320,-0.13237451016902924
33.57,82.15874492240995,78.85052429093102,317,-0.14649803936481476
33.6,82.15800544477543,78.85147320724309,315,-0.1601659655570984
33.63,82.16613877530826,78.85344022518065,315,-0.17336086928844452
33.660000000000004,82.18065090692811,78.86050210443068,312,-0.18606378138065338
33.69,82.18728686529295,78.86082747520025,311,-0.1982545107603073
33.72,82.19031972983278,78.85671436352658,313,-0.2099117785692215
33.75,82.20288744510678,78.86170700795275,317,-0.22101381421089172
33.78,82.22777997351905,78.87267446649483,324,-0.23153993487358093
33.81,82.26148391579096,78.87946282797581,327,-0.24147090315818787
33.84,82.29038591089076,78.87514546235425,327,-0.25078901648521423
33.87,82.30992510925432,78.8684690439622,325,-0.2594781219959259
33.9,82.32259208894435,78.86439185120679,326,-0.2675236463546753
33.93,82.3337298737902,78.85671345200542,327,-0.2749127149581909
33.96,82.34226019487271,78.8465577098801,335,-0.2816339135169983
33.99,82.34899077130294,78.83927760761863,331,-0.2876774072647095
34.02,82.36459158802147,78.83531055608563,331,-0.293035089969635
34.05,82.37539966187097,78.84143360910849,329,-0.29770031571388245
34.08,82.38292214120106,78.85242057920892,322,-0.30166807770729065
34.11,82.38445919814363,78.85545190509909,322,-0.3049348294734955
34.14,82.38003275341981,78.85694846632448,321,-0.3074987232685089
34.17,82.38698784008605,78.86612414036294,319,-0.30935928225517273
34.2,82.39788922140043,78.87622286649787,317,-0.3105175197124481
34.230000000000004,82.40708933210476,78.88433915445684,315,-0.3109760880470276
34.26,82.41021222248162,78.88816882267265,311,-0.31073904037475586
34.29,82.40889004410168,78.88319166319678,308,-0.3098118007183075
34.32,82.40439682152419,78.87444579540501,310,-0.30820128321647644
34.35,82.39685798441195,78.86536259912512,314,-0.3059156537055969
34.38,82.38069255915646,78.85494293097832,313,-0.3029642701148987
34.410000000000004,82.35342975645244,78.84155729036505,318,-0.29935789108276367
34.44,82.33527650772581,78.83211773790926,321,-0.2951083481311798
34.47,82.3134563102203,78.8217581716164,318,-0.2902285158634186
34.5,82.300994619685,78.81524482200416,320,-0.2847321927547455
34.53,82.2976706604344,78.80810097779933,321,-0.2786339819431305
34.56,82.30052749978135,78.8036714166378,324,-0.2719493508338928
34.59,82.29778774140111,78.80572306191114,323,-0.2646942138671875
34.62,82.28892464380095,78.80980724177267,321,-0.2568854093551636
34.65,82.29144244972811,78.82198608152704,323,-0.24854004383087158
34.68,82.29937952427922,78.83960705366114,322,-0.23967568576335907
34.71,82.30660186645619,78.85510566474177,317,-0.230310320854187
34.74,82.31382704619891,78.86615525473606,321,-0.22046232223510742
34.77,82.31882456650675,78.8726092059374,321,-0.21015018224716187
34.800000000000004,82.31951991444856,78.87605282029784,322,-0.1993926763534546
34.83,82.31744723338909,78.87339019637594,323,-0.18820863962173462
34.86,82.30663520408163,78.86284686923604,323,-0.1766171008348465
34.89,82.29294665214921,78.85555650364968,327,-0.16463695466518402
34.92,82.27648886469927,78.85510022874169,320,-0.15228645503520966
34.95,82.25452817644758,78.85345848277986,322,-0.13958264887332916
34.980000000000004,82.2222888918868,78.84890733865328,323,-0.12654145061969757
35.01,82.19488303794829,78.84357958945576,326,-0.11317760497331619
35.04,82.1719473786196,78.84124833453963,324,-0.09950479865074158
35.07,82.16326010635619,78.84161614164077,323,-0.08553563803434372
35.1,82.16293146434833,78.84372201493211,320,-0.07128176093101501
35.13,82.1646342401466,78.84666292306805,322,-0.05675383284687996
35.160000000000004,82.1690088869445,78.85203451497188,322,-0.0419614315032959
35.19,82.17904389700361,78.85922260517239,321,-0.026912644505500793
35.22,82.19209681671093,78.8664152440172,318,-0.011613992974162102
35.25,82.20702470106434,78.86873364713409,316,0.00392934400588274
35.28,82.22108983559339,78.8668414540559,321,0.019713258370757103
35.31,82.23112488133981,78.86800408024675,316,0.03573448210954666
35.34,82.2348221405059,78.86933849884954,316,0.05199034884572029
35.37,82.2279803546334,78.86332576770683,321,0.06847859919071198
35.4,82.21719529255047,78.85514596205617,325,0.08519719541072845
35.43,82.21742267105132,78.84933157626135,327,0.10214418172836304
35.46,82.22814521868267,78.83716644918549,324,0.11931750178337097
35.49,82.25340705251597,78.82670521787549,320,0.1367148458957672
35.52,82.26625042938619,78.8085805619407,321,0.15433363616466522
35.550000000000004,82.27471510958665,78.78517376899092,321,0.1721707582473755
35.58,82.28386379981443,78.76301235591207,319,0.19022265076637268
35.61,82.27263613329747,78.73767437644153,316,0.20848512649536133
35.64,82.24981826546801,78.70691493745964,322,0.22695329785346985
35.67,82.22905111808406,78.66835320973375,326,0.24562153220176697
35.7,82.20828960660347,78.62054208597023,327,0.2644834816455841
35.730000000000004,82.18464383583662,78.56812129413187,327,0.28353193402290344
35.76,82.1559421314952,78.51400343283984,328,0.30275872349739075
35.79,82.13012009401531,78.46219156613628,326,0.32215481996536255
35.82,82.10088520993351,78.40783194305095,322,0.34171032905578613
35.85,82.0671374882969,78.34847020780411,322,0.36141449213027954
35.88,82.0415609256378,78.29656135032558,321,0.3812558054924011
35.910000000000004,82.02161247928504,78.24578154674865,324,0.40122270584106445
35.94,82.0018404176554,78.2037988657351,325,0.4213036894798279
35.97,81.9940914918162,78.1770218025177,320,0.44148722290992737
36.0,81.99193914962994,78.15774199680875,322,0.4617617130279541
36.03,81.98001262587447,78.14293907407122,321,0.482115238904953
36.06,81.96476290639762,78.13524637960849,318,0.502534806728363
36.09,81.95601457217327,78.1368635048198,318,0.5230065584182739
36.12,81.958276569529,78.14197383163473,317,0.543516218662262
36.15,81.96681177694569,78.14895733258483,315,0.5640486478805542
36.18,81.97712068401103,78.1646339617029,312,0.5845884084701538
36.21,82.0018700353618,78.18382511055802,312,0.6051186919212341
36.24,82.03344254271649,78.21011603103481,313,0.6256210207939148
36.27,82.069271980846,78.23014250266995,310,0.6460747122764587
36.300000000000004,82.10996363119597,78.24702444058087,308,0.6664572954177856
36.33,82.14739961072773,78.26326499723297,307,0.686745285987854
36.36,82.18120485490064,78.2873099992785,314,0.7069134712219238
36.39,82.21227346402641,78.30687652619262,315,0.7269358038902283
36.42,82.24656440959109,78.32922209725601,315,0.7467854619026184
36.45,82.28034233345785,78.35601687645759,316,0.7664347290992737
36.480000000000004,82.30877592964139,78.3873043426066,320,0.7858554720878601
36.51,82.33568540711116,78.41025775814964,320,0.8050193190574646
36.54,82.35981924365234,78.43188016066067,319,0.8238974213600159
36.57,82.37528455088278,78.45013930181531,319,0.8424609899520874
36.6,82.40028903072094,78.47673086006276,322,0.8606808185577393
36.63,82.43020619617843,78.50960610508584,324,0.8785282373428345
36.660000000000004,82.44650942825031,78.54869155385686,324,0.8959746956825256
36.69,82.46525508978507,78.5898382523134,320,0.912992000579834
36.72,82.47611271606982,78.62305943052142,319,0.9295519590377808
36.75,82.47636361337082,78.6452709735534,319,0.9456270933151245
36.78,82.46737478019885,78.66496828134184,318,0.9611899256706238
36.81,82.45685907363627,78.68728649220103,318,0.9762127995491028
36.84,82.45064406971393,78.71248574211934,317,0.9906675219535828
36.87,82.43685708618143,78.72978932911134,319,1.0045255422592163
36.9,82.41892486370745,78.73938453734263,315,1.017758846282959
36.93,82.40384009274813,78.7422998087276,321,1.0303385257720947
36.96,82.37451640630904,78.74005651165079,322,1.0422366857528687
36.99,82.33985172259924,78.73254961319243,323,1.0534251928329468
37.02,82.31881745813008,78.73326267684378,319,1.0638761520385742
37.050000000000004,82.30875207824262,78.74065020015098,318,1.0735626220703125
37.08,82.30467306340533,78.73885295046085,321,1.0824583768844604
37.11,82.30518453690246,78.72746838495635,322,1.0905388593673706
37.14,82.30888602839612,78.71525608212222,319,1.0977823734283447
37.17,82.31606882388195,78.70857554167095,321,1.104170560836792
37.2,82.33217171526071,78.69773646949861,322,1.1096882820129395
37.230000000000004,82.350108145446,78.67771087690362,325,1.1143232583999634
37.26,82.36540129875853,78.65729622102127,321,1.1180665493011475
37.29,82.37660733190742,78.64000666961219,327,1.1209118366241455
37.32,82.38370811517342,78.63248472545293,330,1.122855544090271
37.35,82.38727002620564,78.6337537637895,333,1.123896837234497
37.38,82.39075224084611,78.63239126698495,336,1.1240370273590088
37.410000000000004,82.39717417837294,78.62141496516732,338,1.1232802867889404
37.44,82.40149923471586,78.60635256163455,335,1.1216323375701904
37.47,82.39881648000797,78.58915071297211,340,1.1191014051437378
37.5,82.39437718871056,78.57585654243647,346,1.1156978607177734
37.53,82.39037844488941,78.5677582888173,345,1.1114333868026733
37.56,82.38678455832603,78.56347606131332,347,1.1063213348388672
37.59,82.38111796478599,78.56570945286914,348,1.1003767251968384
37.62,82.3724515063379,78.56749302870412,347,1.0936164855957031
37.65,82.36519422710634,78.57019527216507,345,1.086058497428894
37.68,82.36707786207191,78.57180357273876,342,1.0777214765548706
37.71,82.3748567313972,78.57812621717025,341,1.068624496459961
37.74,82.3795491453725,78.58622719880486,342,1.0587869882583618
37.77,82.38448755666215,78.59458096252636,340,1.0482288599014282
37.800000000000004,82.39653044882829,78.60178099463673,343,1.0369702577590942
37.83,82.4044731604485,78.59955070199351,340,1.0250309705734253
37.86,82.40990492394612,78.58615161889024,339,1.0124311447143555
37.89,82.4132331417998,78.57095813601431,340,0.9991904497146606
37.92,82.41400590979406,78.55126536595633,339,0.9853289127349854
37.95,82.41382757674096,78.52666890563778,339,0.9708661437034607
37.980000000000004,82.41041044537252,78.49674743454443,338,0.9558216333389282
38.01,82.40792085283276,78.46709246587443,334,0.9402146339416504
38.04,82.40219532413658,78.44836562761266,336,0.9240642786026001
38.07,82.39475127555515,78.42551178615054,331,0.9073891043663025
38.1,82.39015814336774,78.40026679209352,335,0.8902074694633484
38.13,82.38332106555019,78.36927563729024,339,0.8725377321243286
38.160000000000004,82.37767584061058,78.32897817846298,335,0.8543974757194519
38.19,82.36246690158576,78.28263623635684,336,0.8358045220375061
38.22,82.33628443010599,78.23483205208335,332,0.8167760968208313
38.25,82.3171580074726,78.20063042461554,334,0.7973296046257019
38.28,82.30015662829051,78.1594060550727,331,0.7774823307991028
38.31,82.29360111847629,78.1214548960314,326,0.7572511434555054
38.34,82.29641607804724,78.08781963790538,322,0.736652672290802
38.37,82.30139893351293,78.06289383007461,320,0.7157028317451477
38.4,82.30992185442823,78.03856463420706,321,0.6944165229797363
38.43,82.32528535822051,78.01045972554869,322,0.6728086471557617
38.46,82.34681237502201,77.98173549805686,324,0.6508936285972595
38.49,82.37462390701505,77.95422971725485,326,0.6286855936050415
38.52,82.40046897324844,77.92560116267693,325,0.6061990261077881
38.550000000000004,82.42779344893715,77.91063240223885,327,0.5834481716156006
38.58,82.44821756609257,77.90592658679768,323,0.5604477524757385
38.61,82.47220265786915,77.90816014252694,320,0.5372129082679749
38.64,82.50788628589784,77.9145654600167,323,0.5137588977813721
38.67,82.54404171990653,77.92006673002933,322,0.49010181427001953
38.7,82.56612803127325,77.92476564212824,326,0.46625804901123047
38.730000000000004,82.57642298296331,77.92809984302482,327,0.4422447085380554
38.76,82.5862717576223,77.9285333255436,325,0.4180794060230255
38.79,82.59474279821187,77.92584637865517,326,0.39378055930137634
38.82,82.61177805500877,77.92700093440455,324,0.36936724185943604
38.85,82.6225115902753,77.92195696379514,326,0.34485921263694763
38.88,82.6318220056829,77.92762239008376,323,0.32027700543403625
38.910000000000004,82.64281736924713,77.9412376027319,328,0.2956424355506897
38.94,82.65176417002763,77.96437756034449,321,0.27097880840301514
38.97,82.65899206921357,77.98519864056345,320,0.24631085991859436
39.0,82.67609574990983,78.00932015285181,318,0.22166453301906586
39.03,82.69049181825714,78.02745370541217,324,0.19706667959690094
39.06,82.70351460573504,78.04983595459122,326,0.17254510521888733
39.09,82.72767960961981,78.07555773220918,329,0.1481282114982605
39.12,82.77107533190315,78.1121826826396,336,0.12384510040283203
39.15,82.81248736458245,78.15060582623649,337,0.09972519427537918
39.18,82.8546731690002,78.18446460316291,335,0.07579786330461502
39.21,82.89257518142662,78.21853834687768,340,0.05209190770983696
39.24,82.917598983787,78.25676949785066,335,0.028635241091251373
39.27,82.93372541944052,78.29216808634096,333,0.005454882048070431
39.300000000000004,82.95051491847771,78.3281028773449,338,-0.017423052340745926
39.33,82.97786967602119,78.36274370321968,339,-0.039973389357328415
39.36,83.00275988541286,78.39423925204365,338,-0.06217191368341446
39.39,83.00867227279794,78.42858351589472,335,-0.08399535715579987
39.42,83.01083458346834,78.46004445014643,339,-0.10542146116495132
39.45,83.00911975603147,78.48230400400269,340,-0.12642891705036163
39.480000000000004,82.99194318312038,78.49327262640298,344,-0.14699743688106537
39.51,82.96835954164197,78.50294894239315,344,-0.1671077460050583
39.54,82.9432648616508,78.51077989950726,345,-0.18674148619174957
39.57,82.91200250028604,78.51495342203047,348,-0.20588098466396332
39.6,82.87876411246512,78.51419323464913,349,-0.22450867295265198
39.63,82.85377867722865,78.51363758239278,344,-0.2426067590713501
39.660000000000004,82.83782840771104,78.50973125847838,341,-0.26015663146972656
39.69,82.81226597520293,78.49901919687362,336,-0.27713823318481445
39.72,82.79316078918684,78.48495438240946,336,-0.2935301959514618
39.75,82.7762883816138,78.47762681236927,336,-0.30931028723716736
39.78,82.76211798898244,78.47747609539513,340,-0.32445526123046875
39.81,82.74648612757737,78.47950808858265,340,-0.3389414846897125
39.84,82.72824572105056,78.47161035650328,339,-0.35274502635002136
39.87,82.69816795533156,78.45387742960267,341,-0.36584264039993286
39.9,82.66791640246338,78.4388268402977,341,-0.37821298837661743
39.93,82.63934975105899,78.4301494071156,342,-0.3898366689682007
39.96,82.61827581286622,78.42320154484875,341,-0.4006964862346649
39.99,82.60172344135421,78.41503675832082,340,-0.4107770323753357
40.02,82.5866424971264,78.40349338701176,342,-0.4200649857521057
40.050000000000004,82.56338053050442,78.3932749848181,344,-0.4285488724708557
40.08,82.53570263395218,78.38217159190108,343,-0.4362192749977112
40.11,82.51497641455009,78.37369232079959,346,-0.4430684447288513
40.14,82.50370912924261,78.3655920678897,348,-0.4490906596183777
40.17,82.48550666687538,78.3505353448356,352,-0.4542819857597351
40.2,82.46220628572149,78.32636051217034,348,-0.45864033699035645
40.230000000000004,82.44077427076651,78.30224653525116,347,-0.46216529607772827
40.26,82.41938436900863,78.28215660717886,348,-0.46485820412635803
40.29,82.39938353600972,78.26073052466636,349,-0.4667220711708069
40.32,82.37932795098477,78.23614225671112,349,-0.4677615165710449
40.35,82.35200235189576,78.20462866809399,349,-0.46798259019851685
40.38,82.32145835587069,78.16998404985716,349,-0.4673929512500763
40.410000000000004,82.28785363806699,78.13861199313585,345,-0.46600142121315
40.44,82.24689745805976,78.11488400375013,350,-0.46381816267967224
40.47,82.19904408283078,78.09297662037034,352,-0.4608544707298279
40.5,82.14434513464647,78.07005588972504,355,-0.4571227431297302
40.53,82.09096435532707,78.05073909188421,354,-0.4526362121105194
40.56,82.04353622023115,78.03640018033393,352,-0.44740912318229675
40.59,82.00095731145038,78.01950694421188,352,-0.4414566159248352
40.62,81.96335926203461,78.00543363058773,351,-0.434794545173645
40.65,81.92187320237122,77.99301590726701,348,-0.4274393618106842
40.68,81.88147209579822,77.97910536496293,344,-0.41940829157829285
40.71,81.85085234793935,77.96893643201021,348,-0.4107189476490021
40.74,81.82531066779397,77.96343773020813,351,-0.4013897478580475
40.77,81.79547061666658,77.95073708293185,353,-0.39143937826156616
40.800000000000004,81.76278158520675,77.93237886135704,351,-0.3808869421482086
40.83,81.73326630893455,77.91078821391379,352,-0.3697519302368164
40.86,81.70644013005084,77.8883917946387,347,-0.3580542802810669
40.89,81.69189960870204,77.87384938334567,354,-0.34581390023231506
40.92,81.68675632105834,77.85552667647306,353,-0.3330512046813965
40.95,81.68170893017935,77.83594493276557,353,-0.3197859823703766
40.980000000000004,81.67625380243841,77.81635894589442,356,-0.30603721737861633
41.01,81.6730431139395,77.79365861569202,361,-0.2918228209018707
41.04,81.66981147126047,77.76871039824907,363,-0.27715960144996643
41.07,81.66715733181216,77.73754168444796,367,-0.26206356287002563
41.1,81.66813078606823,77.69822780045693,367,-0.24654966592788696
41.13,81.67381504379513,77.64741713609436,367,-0.23063157498836517
41.160000000000004,81.68613101238917,77.59570272402502,362,-0.21432119607925415
41.19,81.71404329342859,77.55638606712975,360,-0.19762909412384033
41.22,81.73818279023416,77.51890440422575,359,-0.18056459724903107
41.25,81.76999870030919,77.4840042745909,359,-0.1631360799074173
41.28,81.80458715440535,77.45357902070953,360,-0.14535117149353027
41.31,81.83360941398588,77.42646956789063,357,-0.12721699476242065
41.34,81.86400378845934,77.41420797868882,357,-0.10874027758836746
41.37,81.89699084758064,77.4073817225986,360,-0.08992762863636017
41.4,81.92548916109581,77.3929337851814,355,-0.07078570872545242
41.43,81.94784862083117,77.36974258468048,349,-0.051321256905794144
41.46,81.95963592867217,77.3320059362106,347,-0.03154134750366211
41.49,81.98418273848242,77.30095354814294,345,-0.011453413404524326
41.52,82.03010115564697,77.28602964721489,342,0.008934613317251205
41.550000000000004,82.07899799863223,77.28163255147153,342,0.029614219442009926
41.58,82.13423920767421,77.30383356199502,338,0.05057624727487564
41.61,82.17989005845659,77.33560455883388,329,0.07181081920862198
41.64,82.23122203378531,77.37081303143454,334,0.09330728650093079
41.67,82.29150759033705,77.40479390650297,340,0.11505421251058578
41.7,82.34274936227823,77.43689128344978,336,0.13703924417495728
41.730000000000004,82.39008503568702,77.4650550758642,341,0.1592492163181305
41.76,82.4327349654979,77.50516557332917,340,0.18167001008987427
41.79,82.47133261363997,77.54429575462208,336,0.2042866200208664
41.82,82.50344580046742,77.5774562335307,337,0.22708305716514587
41.85,82.53092762401252,77.60273294358544,340,0.25004249811172485
41.88,82.56404929102077,77.63875052744139,337,0.2731476426124573
41.910000000000004,82.60873082276433,77.66898789304166,335,0.29638105630874634
41.94,82.64936656819185,77.69370769059518,333,0.3197254240512848
41.97,82.68498469685461,77.72087250056366,336,0.34316346049308777
42.0,82.71479530903845,77.75787835787534,335,0.3666776418685913
42.03,82.7477705964126,77.78834795270386,335,0.3902498185634613
42.06,82.7810266542263,77.81639251590595,339,0.41386085748672485
42.09,82.80747415524988,77.84673994243111,339,0.4374910295009613
42.12,82.8439844005032,77.88349745430932,344,0.4611198306083679
42.15,82.8820276037841,77.92087299668295,348,0.4847264885902405
42.18,82.91595923676081,77.95515753560555,352,0.5082899928092957
42.21,82.942480620097,77.98110643099025,352,0.5317887663841248
42.24,82.96136364247434,78.00587180928129,351,0.5552008152008057
42.27,82.96887120857825,78.03032586514533,349,0.5785022974014282
42.300000000000004,82.97308357528237,78.05375578267548,353,0.6016674041748047
42.33,82.96931430651475,78.07608941766412,358,0.6246690154075623
42.36,82.96343540140053,78.1001307565806,356,0.6474789381027222
42.39,82.94703283990556,78.12050518197799,357,0.6700676679611206
42.42,82.91973679097968,78.13094341398832,353,0.6924049854278564
42.45,82.88514243538332,78.13708074671017,352,0.7144601941108704
42.480000000000004,82.8412464638641,78.13459288593266,355,0.7362018823623657
42.51,82.79178332616364,78.12438246144515,358,0.7575984597206116
42.54,82.73875767149009,78.11258938554067,358,0.778618335723877
42.57,82.69038160978417,78.09920329100174,360,0.7992295026779175
42.6,82.64396464566076,78.08294734410899,360,0.8194006085395813
42.63,82.60192479705108,78.06451360074853,358,0.839100182056427
42.660000000000004,82.57098943069388,78.0418584888587,356,0.8582972288131714
42.69,82.5420678054371,78.0145805668655,359,0.8769612908363342
42.72,82.50885870587048,77.9847053841178,358,0.895062267780304
42.75,82.46915946943112,77.94948047967816,356,0.9125706553459167
42.78,82.43744207516662,77.91707157640434,361,0.9294569492340088
42.81,82.41037100788043,77.88396668837424,359,0.9456923604011536
42.84,82.38260676726959,77.85443099836831,361,0.9612483978271484
42.87,82.35247690004844,77.83154149498426,363,0.9760971665382385
42.9,82.32434148425233,77.8129144622239,364,0.9902116060256958
42.93,82.29277592667627,77.79528167324187,367,1.0035653114318848
42.96,82.25741363110679,77.77703768757132,368,1.0161330699920654
42.99,82.2208814608583,77.7603003222764,366,1.0278903245925903
43.02,82.1840198034871,77.7469394291946,365,1.0388133525848389
43.050000000000004,82.1441017724938,77.73572329357015,368,1.0488802194595337
43.08,82.10312705855769,77.72906952903419,373,1.0580699443817139
43.11,82.06861105669573,77.72743847580962,377,1.0663645267486572
43.14,82.04233383709969,77.73135578006108,375,1.0737483501434326
43.17,82.01284544602213,77.74054722239329,374,1.0802091360092163
43.2,81.98882562351218,77.74906268422635,376,1.085737705230713
43.230000000000004,81.97472855544673,77.75351508739661,379,1.0903276205062866
43.26,81.96193153761975,77.75292364503012,377,1.0939750671386719
43.29,81.94619214741962,77.74455962541731,378,1.0966787338256836
43.32,81.93208892873635,77.72953880955369,379,1.0984400510787964
43.35,81.91892671095765,77.70773776020872,381,1.0992622375488281
43.38,81.90936302154394,77.68173973972989,380,1.0991512537002563
43.410000000000004,81.90398813184461,77.65973010964335,373,1.0981143712997437
43.44,81.89528482355864,77.63772320148422,370,1.0961616039276123
43.47,81.88151149365312,77.61161913149856,371,1.0933043956756592
43.5,81.87337419646181,77.58204260839902,363,1.0895558595657349
43.53,81.86173176039256,77.54600673620997,364,1.0849316120147705
43.56,81.84464551431164,77.50332671523375,365,1.0794477462768555
43.59,81.8232964440749,77.45555930051263,361,1.073122501373291
43.62,81.80414008527809,77.4064275451739,362,1.0659747123718262
43.65,81.79552944357566,77.37281598926769,365,1.0580240488052368
43.68,81.78798114219377,77.34839795361133,362,1.0492900609970093
43.71,81.77646542720923,77.32018239424588,364,1.0397931337356567
43.74,81.77583480660738,77.29807477078484,360,1.0295538902282715
43.77,81.78728715039408,77.27628903903442,359,1.0185930728912354
43.800000000000004,81.80091518334272,77.25111937743921,354,1.0069315433502197
43.83,81.8142232597417,77.23238874341864,359,0.9945902228355408
43.86,81.82382090938736,77.20468376108052,357,0.9815899729728699
43.89,81.82626610075236,77.17141143789631,361,0.967951774597168
43.92,81.82953209495618,77.13546167010071,359,0.9536961317062378
43.95,81.84039916063399,77.10375734737907,362,0.938843846321106
43.980000000000004,81.86272917372087,77.07245332147109,361,0.9234154224395752
44.01,81.88208466997756,77.04260777092837,361,0.9074310660362244
44.04,81.89784687570165,77.00949784134303,356,0.8909109830856323
44.07,81.91108002638913,76.99126794429252,357,0.8738749623298645
44.1,81.93026406857004,76.98447782251144,357,0.8563429117202759
44.13,81.96399969106453,76.98444081888738,358,0.8383345007896423
44.160000000000004,82.00975147765683,76.98455644067548,360,0.8198693990707397
44.19,82.05006538729899,76.97993391060253,351,0.8009670376777649
44.22,82.10190745466119,76.9758297366688,348,0.7816464304924011
44.25,82.17284248958828,76.98080846537269,354,0.7619258165359497
44.28,82.24034070557029,76.98411962753467,352,0.7418229579925537
44.31,82.30115606174434,76.97753162577165,350,0.7213553190231323
44.34,82.36214484307715,76.97961799630068,354,0.7005398273468018
44.37,82.42024838598391,76.99233552984732,351,0.679393470287323
44.4,82.48325665758486,77.01384060969404,351,0.6579333543777466
44.43,82.5482817860986,77.04164100135016,351,0.6361768245697021
44.46,82.61995944750025,77.07207255386795,352,0.6141414642333984
44.49,82.68138955825738,77.10847686067287,356,0.5918451547622681
44.52,82.74537685378601,77.15634784262068,354,0.5693062543869019
44.550000000000004,82.81741132419023,77.20309435070277,347,0.5465436577796936
44.58,82.8776067523875,77.25744425446135,348,0.5235767960548401
44.61,82.94332489564708,77.30241111010263,352,0.5004258155822754
44.64,83.01254090574623,77.34749845059854,353,0.47711142897605896
44.67,83.0736435096463,77.39226857957176,351,0.45365503430366516
44.7,83.13692687410985,77.44020942228398,355,0.4300786852836609
44.730000000000004,83.20051482164415,77.48086796377557,353,0.4064052104949951
44.76,83.26096369968167,77.51524662583707,358,0.38265806436538696
44.79,83.31097077687811,77.55575251271978,359,0.3588619530200958
44.82,83.35235090512893,77.59549809154984,366,0.3350428342819214
44.85,83.38525454583095,77.62471035946753,367,0.31122830510139465
44.88,83.40100516442276,77.65337133477662,366,0.2874469459056854
44.910000000000004,83.40580961147053,77.68571584749269,364,0.263728529214859
44.94,83.40520710118261,77.71256103242656,370,0.24010351300239563
44.97,83.39637887041485,77.73587463972925,374,0.2166031450033188
45.0,83.37700148620712,77.75347450535966,376,0.1932593137025833
45.03,83.35986742331411,77.76256942490932,376,0.17010439932346344
45.06,83.34113859303993,77.76205979244637,373,0.14717131853103638
45.09,83.31044771326195,77.76715875281921,374,0.12449327111244202
45.12,83.27095678034689,77.76392325256926,378,0.10210363566875458
45.15,83.2276706928956,77.76514984968291,380,0.08003584295511246
45.18,83.1860329908607,77.76460296253613,378,0.05832319334149361
45.21,83.14482673346316,77.75400338245632,374,0.03699840232729912
45.24,83.10506225652527,77.73303383639596,375,0.016093086451292038
45.27,83.06556237404246,77.7086011607123,373,-0.004362421575933695
45.300000000000004,83.0281307068362,77.68868423926492,379,-0.02433907799422741
45.33,82.98370497343133,77.666568099908,380,-0.0438092015683651
45.36,82.93270284554139,77.641680641183,385,-0.06274661421775818
45.39,82.88267376183299,77.62338202432326,383,-0.0811266079545021
45.42,82.83404131116315,77.60715777628012,378,-0.09892569482326508
45.45,82.7885019738207,77.59525757161204,373,-0.11612098664045334
45.480000000000004,82.73278251846014,77.58721641595422,369,-0.1326899379491806
45.51,82.67382476816995,77.57310734521545,372,-0.1486104279756546
45.54,82.61639350258838,77.55599414955289,372,-0.16386066377162933
45.57,82.56146105159104,77.53802377066789,372,-0.17841927707195282
45.6,82.50737160052662,77.5168231962106,372,-0.19226525723934174
45.63,82.45324494887373,77.50147988934168,372,-0.20537810027599335
45.660000000000004,82.3975505822178,77.48492907393002,375,-0.21773767471313477
45.69,82.34365083197102,77.4668985302624,380,-0.22932465374469757
45.72,82.29615198115204,77.45019843418066,376,-0.2401217520236969
45.75,82.25711977631335,77.4315795742339,379,-0.2501140534877777
45.78,82.2234969835145,77.40898441444477,381,-0.2592889368534088
45.81,82.18886316580632,77.38541964973267,379,-0.26763591170310974
45.84,82.15746637518157,77.35656598619413,378,-0.2751464545726776
45.87,82.12806597882813,77.3229970611538,382,-0.28181400895118713
45.9,82.10251640574951,77.28855914975115,382,-0.2876337468624115
45.93,82.07589968237956,77.2618841742832,382,-0.2926025986671448
45.96,82.04604887882408,77.23574025613333,384,-0.296718955039978
45.99,82.01076869022256,77.21074826935025,384,-0.29998281598091125
46.02,81.97393911164463,77.18623243840996,384,-0.30239567160606384
46.050000000000004,81.93334207553193,77.1652052284553,383,-0.303960382938385
46.08,81.89028874857149,77.14556026599848,384,-0.3046812415122986
46.11,81.84438068988858,77.13190533473484,382,-0.30456408858299255
46.14,81.80254069904467,77.12310132287303,385,-0.30361610651016235
46.17,81.76282305736511,77.11325534790655,385,-0.3018459677696228
46.2,81.71866216139864,77.09832678633676,383,-0.2992633581161499
46.230000000000004,81.67232969381828,77.07071590205597,387,-0.2958794832229614
46.26,81.62240195117668,77.03270262890645,384,-0.29170656204223633
46.29,81.57315211376583,76.99395974404237,384,-0.2867579162120819
46.32,81.52513973985042,76.96178899783561,379,-0.28104788064956665
46.35,81.48544442784869,76.9347469569876,379,-0.2745918929576874
46.38,81.45894554951498,76.9059001919731,379,-0.2674061357975006
46.410000000000004,81.4410428133783,76.87431824982542,378,-0.25950753688812256
46.44,81.4302739716504,76.83656330613896,373,-0.25091326236724854
46.47,81.42023955868484,76.7931487006239,377,-0.24164091050624847
46.5,81.40753337359016,76.75955367106494,374,-0.23170840740203857
46.53,81.3987647426466,76.7245698504974,374,-0.2211339771747589
46.56,81.39300149770708,76.68781578817156,377,-0.2099362015724182
46.59,81.38479852748637,76.65188021822004,379,-0.19813397526741028
46.62,81.37213090136576,76.6268941506539,377,-0.18574649095535278
46.65,81.37176217931817,76.61115903469086,377,-0.17279328405857086
46.68,81.37917619921835,76.59088443069797,380,-0.15929408371448517
46.71,81.40718671631069,76.57724906537719,382,-0.145268976688385
46.74,81.447530420457,76.56849262973687,381,-0.1307382583618164
46.77,81.49004278943892,76.55454756547451,384,-0.11572249233722687
46.800000000000004,81.5420057402682,76.54862574574784,381,-0.10024216771125793
46.83,81.5988580560113,76.54970285284543,382,-0.0843174010515213
46.86,81.65753377271537,76.55503108649036,380,-0.06796788424253464
46.89,81.71572207950975,76.5598559681577,384,-0.0512128546833992
46.92,81.78591633309878,76.57195616995278,388,-0.03407038003206253
46.95,81.8558696757263,76.58359309735191,388,-0.016557052731513977
46.980000000000004,81.91684407010044,76.58873143768584,384,0.0013119055656716228
47.01,81.9669025732945,76.58850674941624,380,0.019522465765476227
47.04,82.01722440240654,76.60086355559285,376,0.038061611354351044
47.07,82.0751933297652,76.62973281465187,366,0.05691709369421005
47.1,82.1356981909937,76.65807974255355,361,0.0760771855711937
47.13,82.20076805205146,76.69532715103162,361,0.0955304428935051
47.160000000000004,82.26079212497142,76.73889021671874,366,0.11526550352573395
47.19,82.31895032360066,76.78264750999122,367,0.13527093827724457
47.22,82.37612045550225,76.82482272077907,369,0.15553516149520874
47.25,82.44655230852044,76.87336811134575,372,0.17604628205299377
47.28,82.51809220113437,76.92452890805124,372,0.1967919021844864
47.31,82.58713124765782,76.97963497898485,372,0.2177591621875763
47.34,82.65535425495821,77.04742890691037,368,0.23893462121486664
47.37,82.72091436112841,77.10296250753908,368,0.26030415296554565
47.4,82.77737646981545,77.14290324898435,368,0.2818528413772583
47.43,82.83658766876775,77.17401822929992,365,0.30356505513191223
47.46,82.88947074560198,77.20265870975587,362,0.3254244029521942
47.49,82.93711056426694,77.22800642061202,357,0.34741348028182983
47.52,82.9853623544614,77.26163722121291,362,0.3695143759250641
47.550000000000004,83.03759136666528,77.29531772190084,366,0.39170798659324646
47.58,83.0854748364418,77.3302425014783,362,0.41397449374198914
47.61,83.12014269171449,77.3666670649945,363,0.4362933337688446
47.64,83.15122130730663,77.4016519873142,366,0.45864322781562805
47.67,83.17288204773324,77.4245594878268,367,0.4810023903846741
47.7,83.18326380580892,77.43996426640668,372,0.5033491849899292
47.730000000000004,83.19037567947615,77.44670998344613,370,0.525661826133728
47.76,83.20725660491505,77.45598869921676,367,0.5479184985160828
47.79,83.22800657367748,77.46470354286754,370,0.5700971484184265
47.82,83.2454696895396,77.47336275219209,376,0.5921751856803894
47.85,83.24325299430235,77.47928050603625,379,0.6141290664672852
47.88,83.23386306867565,77.47844466413932,379,0.6359342932701111
47.910000000000004,83.21630051543615,77.4756519920027,382,0.6575660705566406
47.94,83.18098583153815,77.47150333900221,376,0.6789990067481995
47.97,83.14137714643445,77.46527784424458,375,0.7002074122428894
48.0,83.10039809392515,77.45284397973668,373,0.7211654186248779
48.03,83.0614531614859,77.44057987559381,372,0.7418471574783325
48.06,83.01608447611076,77.42804992692888,373,0.7622269988059998
48.09,82.96630420453556,77.4091117570689,367,0.7822790145874023
48.120000000000005,82.90532189527853,77.38453500777231,366,0.8019773960113525
48.15,82.83986398620114,77.35754513269922,367,0.821295440196991
48.18,82.7646732118185,77.32808413805118,371,0.840205729007721
48.21,82.68222823722074,77.2979882534497,376,0.8586804866790771
48.24,82.60356755793599,77.26325316175756,377,0.8766920566558838
48.27,82.53087376938461,77.23121374317046,383,0.8942127227783203
48.300000000000004,82.46401795734205,77.20131596264733,378,0.9112153649330139
48.33,82.39866422172157,77.17121584086028,377,0.9276729822158813
48.36,82.3313191016202,77.14396986260057,380,0.9435594081878662
48.39,82.26690490648785,77.11351702247651,382,0.9588488936424255
48.42,82.20317753936395,77.07691390301066,382,0.9735166430473328
48.45,82.14315425094142,77.04039838134847,387,0.9875385761260986
48.480000000000004,82.08420686060727,77.0011077658753,389,1.0008913278579712
48.51,82.03038262348915,76.96174949543754,391,1.013551950454712
48.54,81.97830577802515,76.9250884022816,391,1.0254971981048584
48.57,81.93189218519132,76.89808397422007,396,1.0367040634155273
48.6,81.89136620817266,76.87715363337816,397,1.0471501350402832
48.63,81.85132884008115,76.86351942988972,396,1.0568135976791382
48.660000000000004,81.81132567426276,76.85889043995721,400,1.0656720399856567
48.69,81.77118310326148,76.85581479105795,402,1.0737049579620361
48.72,81.73365771098467,76.85213838863089,401,1.0808913707733154
48.75,81.6960232225872,76.84643017735843,400,1.0872111320495605
48.78,81.66583884760594,76.83721501480359,400,1.0926457643508911
48.81,81.64284128215031,76.82872316512787,401,1.0971781015396118
48.84,81.61205427799615,76.81727238796633,403,1.100793719291687
48.870000000000005,81.57713029760137,76.80187117372755,407,1.1034811735153198
48.9,81.54766945799926,76.78827948632352,408,1.1052320003509521
48.93,81.51941512671378,76.7750704970202,408,1.1060400009155273
48.96,81.49315127246587,76.7586242414496,403,1.1059011220932007
48.99,81.4719489908246,76.74212647364611,404,1.1048142910003662
49.02,81.45050066099616,76.71793887308377,402,1.1027798652648926
49.050000000000004,81.42704541151319,76.68703819414593,402,1.09980046749115
49.08,81.4148549286023,76.65730540001023,400,1.0958805084228516
49.11,81.40220471876692,76.6166428673794,398,1.091025710105896
49.14,81.38023062153533,76.57406118627466,395,1.0852437019348145
49.17,81.35447306353261,76.542331528411,394,1.0785423517227173
49.2,81.33142082947289,76.51057831100997,388,1.0709314346313477
49.230000000000004,81.32066641444739,76.47444789738385,389,1.062421202659607
49.26,81.3159621169757,76.43836009915503,386,1.053023338317871
49.29,81.31986094321351,76.41413193998449,381,1.042750358581543
49.32,81.32939828010511,76.38787992347638,382,1.0316158533096313
49.35,81.3383850395522,76.3665430827903,386,1.0196335315704346
49.38,81.3479711095812,76.35168099367618,388,1.006819248199463
49.410000000000004,81.36020125193564,76.3347201522877,392,0.993188738822937
49.44,81.3815829600203,76.31850622915088,393,0.9787590503692627
49.47,81.41956753466403,76.31591772234603,395,0.9635477066040039
49.5,81.4665681748231,76.31877769617827,388,0.9475732445716858
49.53,81.53207524775598,76.32933898715365,394,0.9308547377586365
49.56,81.6070583963633,76.34536264434976,390,0.913411557674408
49.59,81.68495612597003,76.36263816765911,388,0.8952629566192627
49.620000000000005,81.75993904117422,76.38416523748842,390,0.8764274716377258
49.65,81.82851512481989,76.40068314170823,389,0.8569228053092957
49.68,81.90224047085238,76.41298251292608,391,0.8367656469345093
49.71,81.98536606232327,76.43801551384038,389,0.8159717917442322
49.74,82.07361638863813,76.46370484319011,391,0.7945564985275269
49.77,82.16669144485785,76.48925922857609,390,0.7725343108177185
49.800000000000004,82.2558666196965,76.51073965702456,390,0.7499196529388428
49.83,82.33174348908545,76.528221016506,387,0.7267263531684875
49.86,82.3979079344237,76.53621915022217,383,0.7029685378074646
49.89,82.45976173295752,76.53945932275316,383,0.6786596775054932
49.92,82.52324916043138,76.53642172350641,379,0.6538138389587402
49.95,82.59401963392138,76.53989722335197,380,0.6284453868865967
49.980000000000004,82.66761076622161,76.5612099440677,380,0.6025688648223877
50.01,82.7449081596638,76.58691196007179,381,0.576199471950531
50.04,82.82187173636738,76.6091731656743,377,0.5493528246879578
50.07,82.8930592019568,76.62759752135698,380,0.5220454931259155
50.1,82.9538489057327,76.64983661961962,379,0.4942947328090668
50.13,83.00241716707362,76.67254501284997,377,0.46611854434013367
50.160000000000004,83.04982133589249,76.69174166942703,378,0.4375360608100891
50.19,83.09054214724972,76.71992278381495,381,0.4085671901702881
50.22,83.12568462476932,76.75588885564962,386,0.37923291325569153
50.25,83.16305374645842,76.78690114160145,386,0.34955522418022156
50.28,83.19548903395525,76.82276042597437,387,0.319557249546051
50.31,83.22041998110444,76.86252096871239,387,0.2892637550830841
50.34,83.24170903101997,76.90410625911255,394,0.25870054960250854
50.370000000000005,83.27318105394755,76.94264641846014,397,0.22789530456066132
50.4,83.30473769719033,76.98230942645812,397,0.1968771517276764
50.43,83.32225710303139,77.01848017407443,393,0.16567665338516235
50.46,83.32547738967126,77.04793103322064,389,0.13432559370994568
50.49,83.3311029047805,77.06974771175642,388,0.10285626351833344
50.52,83.33451753272576,77.0905805777884,392,0.07130133360624313
50.550000000000004,83.33153688027782,77.10541311280116,394,0.039693910628557205
50.58,83.32770742306238,77.11475666697167,395,0.008067846298217773
50.61,83.32257915098144,77.12201964693301,398,-0.023541860282421112
50.64,83.31673697934107,77.1249163233898,401,-0.05509917438030243
50.67,83.3023110088185,77.12140976145245,402,-0.08656726777553558
50.7,83.28420940484295,77.11119143383964,407,-0.11790888011455536
50.730000000000004,83.2536381959391,77.10408456617557,408,-0.14908674359321594
50.76,83.21841316792681,77.09504149345959,409,-0.1800636649131775
50.79,83.1796527446271,77.0844054326159,409,-0.2108028531074524
50.82,83.12752809451658,77.0636391926417,407,-0.24126772582530975
50.85,83.06130869352877,77.03637466684732,407,-0.2714221775531769
50.88,82.99780129688908,77.0123518411817,408,-0.30123060941696167
50.910000000000004,82.92656869195754,76.9851214777019,412,-0.330657958984375
50.94,82.84951396263702,76.96218338305856,411,-0.3596692681312561
50.97,82.77719532810609,76.94878775590523,407,-0.3882288932800293
51.0,82.70548044489546,76.94670649712921,409,-0.41630077362060547
51.03,82.6300429815582,76.94561584946265,413,-0.443848580121994
51.06,82.55858254442012,76.93790016705134,413,-0.47083580493927
51.09,82.49803406223172,76.92610558766215,412,-0.4972260892391205
51.120000000000005,82.44618376730446,76.90948222532732,410,-0.5229836702346802
51.15,82.39551683625118,76.89251671533619,408,-0.5480732321739197
51.18,82.35125859413206,76.87839727275042,415,-0.5724605917930603
51.21,82.31309151139094,76.87009121974832,414,-0.596112072467804
51.24,82.27286068591313,76.86305384002165,410,-0.6189945340156555
51.27,82.22850912827275,76.85412219920498,408,-0.6410753130912781
51.300000000000004,82.17721824279555,76.84325607218183,409,-0.6623216271400452
51.33,82.13014548298001,76.82184498413815,404,-0.6827017664909363
51.36,82.08320096509719,76.78740996952519,405,-0.7021838426589966
51.39,82.03278117490112,76.74784080459209,402,-0.7207369208335876
51.42,81.97857589929714,76.70466791090966,405,-0.7383304834365845
51.45,81.92260420083464,76.66822902344981,405,-0.7549349069595337
51.480000000000004,81.87113675023696,76.63786973120729,408,-0.7705214619636536
51.51,81.82536901240495,76.60545922202205,412,-0.7850636839866638
51.54,81.77617898139007,76.57067575421762,415,-0.7985380291938782
51.57,81.72743665436505,76.53442047181694,412,-0.8109234571456909
51.6,81.68629392164725,76.5031040009676,410,-0.8222012519836426
51.63,81.64772931916283,76.47445813989957,410,-0.8323552012443542
51.660000000000004,81.6109626568429,76.44391409012154,410,-0.8413712978363037
51.69,81.57667364466546,76.42171702775244,411,-0.8492375612258911
51.72,81.53951612652904,76.39811349423005,413,-0.8559439778327942
51.75,81.49845045048515,76.36190813720334,410,-0.8614821434020996
51.78,81.46231387667315,76.32505889244838,410,-0.8658458590507507
51.81,81.43031283126585,76.29503921734178,405,-0.8690303564071655
51.84,81.40059279831969,76.26616257233027,405,-0.8710324764251709
51.870000000000005,81.37334526365211,76.22932538128924,404,-0.8718512654304504
51.9,81.35169355700339,76.18973436229764,401,-0.8714874386787415
51.93,81.33832417147767,76.1669421957031,401,-0.8699431419372559
51.96,81.33256260502984,76.14343537588803,400,-0.8672225475311279
51.99,81.33565751860242,76.1131761703724,402,-0.8633310794830322
52.02,81.33872132042696,76.07252268546928,404,-0.8582757711410522
52.050000000000004,81.34034397470661,76.02251063051845,405,-0.8520654439926147
52.08,81.35448490379873,75.97361587735803,401,-0.8447098731994629
52.11,81.37511951086216,75.9310788445523,395,-0.8362206816673279
52.14,81.3986154163996,75.88414340268562,396,-0.8266105055809021
52.17,81.44489400087903,75.85169600574547,402,-0.8158926367759705
52.2,81.49819062976113,75.82341380030496,405,-0.8040812611579895
52.230000000000004,81.55032259924171,75.81370669912765,407,-0.7911913990974426
52.26,81.59817066366274,75.81557351587898,418,-0.7772389054298401
52.29,81.64078945305128,75.8228416921064,422,-0.7622396945953369
52.32,81.69517146660672,75.84124585366202,420,-0.7462097406387329
52.35,81.74536633276051,75.8638735238746,419,-0.7291653156280518
52.38,81.79483309598257,75.8848938165946,418,-0.7111223936080933
52.410000000000004,81.84977996440664,75.89996505853868,417,-0.692098081111908
52.44,81.91568770599996,75.91456792763952,421,-0.6721094250679016
52.47,81.98011688950625,75.93204101767623,418,-0.6511747241020203
52.5,82.04214188088842,75.95513842981511,418,-0.6293124556541443
52.53,82.1007125727807,75.98105130996676,412,-0.6065422296524048
52.56,82.15687103525303,76.01645355988488,410,-0.5828845500946045
52.59,82.21318413804558,76.04993596333667,408,-0.5583612322807312
52.620000000000005,82.27354901577098,76.08018552345587,407,-0.5329946279525757
52.65,82.33402665885471,76.1019023336826,407,-0.506807267665863
52.68,82.39265733279211,76.11477834304166,408,-0.4798215925693512
52.71,82.44529396699032,76.14136009444395,409,-0.4520595967769623
52.74,82.49966177854267,76.18070390253442,409,-0.42354336380958557
52.77,82.55204852922235,76.22173852967822,406,-0.3942950665950775
52.800000000000004,82.59188690934143,76.25118941622247,402,-0.3643368184566498
52.83,82.62670869627759,76.27469646619818,402,-0.33369120955467224
52.86,82.66386206388898,76.30100280818405,402,-0.3023809492588043
52.89,82.69955665164132,76.3359892729505,396,-0.27042922377586365
52.92,82.73878222246262,76.37187984207151,397,-0.23785999417304993
52.95,82.78930758768914,76.40584361985587,399,-0.20469795167446136
52.980000000000004,82.83177497068196,76.4300237000452,404,-0.17096877098083496
53.01,82.86946356367525,76.45871239021223,406,-0.136698916554451
53.04,82.91004391304003,76.4805921553097,401,-0.1019151583313942
53.07,82.95477730331729,76.49830577637417,400,-0.06664442270994186
53.1,83.002136678684,76.51444155630783,400,-0.030913809314370155
53.13,83.04717326252417,76.53448169150376,401,0.005249291192740202
53.160000000000004,83.08359319376537,76.55627100679828,396,0.04181716591119766
53.19,83.1183590454166,76.56953358345048,393,0.07876170426607132
53.22,83.1423650894559,76.57622143063358,392,0.11605440825223923
53.25,83.16143760385259,76.58364258394782,392,0.15366630256175995
53.28,83.18090458388238,76.58526915956097,396,0.19156800210475922
53.31,83.19464458096182,76.58588255966893,396,0.22972965240478516
53.34,83.1934815782766,76.58667925195834,397,0.2681209146976471
53.370000000000005,83.18236886972011,76.58278780662897,401,0.3067103922367096
53.4,83.16906211000963,76.56835721183532,405,0.3454645276069641
53.43,83.15174099349025,76.54998121571006,407,0.38434717059135437
53.46,83.1177464164806,76.5297876666135,407,0.4233199656009674
53.49,83.07692004410772,76.51629885007512,409,0.4623423218727112
53.52,83.03979213920812,76.50527418886321,405,0.5013716816902161
53.550000000000004,83.00357447644882,76.49946812087585,407,0.5403631925582886
53.58,82.96639760411034,76.48952143072428,405,0.5792699456214905
53.61,82.92974935967398,76.47532762287264,410,0.6180427074432373
53.64,82.88465043768723,76.4573987816521,409,0.6566305160522461
53.67,82.83855429217179,76.42841521107326,407,0.6949810981750488
53.7,82.79155425365695,76.3962815023121,405,0.7330412268638611
53.730000000000004,82.74523600583032,76.37058443791642,403,0.7707566022872925
53.76,82.69794093488653,76.348765964984,403,0.8080725073814392
53.79,82.65768417845993,76.32962233360658,413,0.844933807849884
53.82,82.6186706562202,76.30004617122778,414,0.8812857270240784
53.85,82.58155259247873,76.26216278577697,415,0.9170742034912109
53.88,82.54022195227942,76.22043316279319,415,0.9522466063499451
53.910000000000004,82.4932978049221,76.18876782281201,415,0.9867513179779053
53.94,82.44040993035281,76.15123780720893,419,1.0205388069152832
53.97,82.38168664441847,76.10760163779051,420,1.053560733795166
54.0,82.31087523799036,76.06163177696641,421,1.085771083831787
54.03,82.24759625352068,76.02373896395947,419,1.1171252727508545
54.06,82.19512333565316,75.99108047603282,416,1.147580862045288
54.09,82.13874081234752,75.96405340045818,416,1.177097201347351
54.120000000000005,82.08040813885003,75.94138493295046,417,1.2056353092193604
54.15,82.02537918455668,75.92212329257839,417,1.2331583499908447
54.18,81.97425917297024,75.90574313084775,419,1.2596312761306763
54.21,81.92663816268326,75.89242012828298,425,1.2850210666656494
54.24,81.87637926780005,75.87927663440092,422,1.3092957735061646
54.27,81.82605418327934,75.86696918882664,419,1.332424283027649
54.300000000000004,81.77273925197258,75.85411002874095,420,1.3543769121170044
54.33,81.72489178802962,75.84285925569861,419,1.3751250505447388
54.36,81.6727846487798,75.82280876554667,416,1.3946408033370972
54.39,81.61980077884598,75.798435786543,415,1.4128974676132202
54.42,81.57658015025804,75.76978803084883,411,1.4298700094223022
54.45,81.53868103389559,75.7429749360898,411,1.4455336332321167
54.480000000000004,81.5016232409799,75.71266684936316,412,1.459864854812622
54.51,81.46075031649607,75.67569032835206,411,1.4728418588638306
54.54,81.41852360653736,75.64087944074365,410,1.4844452142715454
54.57,81.37804891325564,75.60002601229357,409,1.4946585893630981
54.6,81.34157825667859,75.55532546991851,411,1.5034685134887695
54.63,81.30855305965189,75.5059573166747,408,1.5108647346496582
54.660000000000004,81.28192806187047,75.4656110430621,405,1.5168404579162598
54.69,81.26379671166391,75.43810764639238,410,1.5213912725448608
54.72,81.25270616545421,75.40711585128948,418,1.5245152711868286
54.75,81.24738928014125,75.37607372027335,422,1.5262134075164795
54.78,81.255388298887,75.3592032771338,415,1.5264885425567627
54.81,81.28764811229823,75.36419572740661,415,1.5253455638885498
54.84,81.33590389367643,75.38334353289117,416,1.5227911472320557
54.870000000000005,81.3892118149609,75.41467139681214,422,1.5188336372375488
54.9,81.43767657847532,75.44873523888799,423,1.5134828090667725
54.93,81.48489186590069,75.480697343405,426,1.5067503452301025
54.96,81.54508467814262,75.51502793835544,426,1.4986493587493896
54.99,81.62138613390428,75.5620194967297,424,1.489194631576538
55.02,81.69814443893193,75.61251415880203,420,1.478401780128479
55.050000000000004,81.77502048452219,75.66009691535398,421,1.466288447380066
55.08,81.85073597245868,75.70730575063452,424,1.4528735876083374
55.11,81.91886282893262,75.74172937351345,420,1.4381771087646484
55.14,81.98657384054123,75.78108155559488,423,1.422220230102539
55.17,82.04049519392441,75.813802649037,422,1.4050254821777344
55.2,82.09212539303911,75.84966397329676,421,1.3866149187088013
55.230000000000004,82.15755913416477,75.87861517373399,430,1.3670119047164917
55.26,82.23391911458089,75.90411704967039,426,1.3462400436401367
55.29,82.30429684079867,75.92247746529146,425,1.3243236541748047
55.32,82.37018049595014,75.93831091179129,420,1.3012864589691162
55.35,82.43333478406991,75.9531072139098,413,1.2771519422531128
55.38,82.49823838746858,75.97148536802193,409,1.2519443035125732
55.410000000000004,82.56414385295335,75.98448218233575,413,1.2256876230239868
55.44,82.62767707210094,75.98885224313179,413,1.1984061002731323
55.47,82.68871317033386,75.99857810063064,403,1.1701244115829468
55.5,82.74399523612989,76.01089705920455,401,1.1408672332763672
55.53,82.79926506675898,76.02433968204818,399,1.110660195350647
55.56,82.84852142920752,76.02298558300618,401,1.0795286893844604
55.59,82.89547061770008,76.0204457355956,404,1.047499179840088
55.620000000000005,82.93565491116283,76.01718556594777,402,1.0145984888076782
55.65,82.97091167347125,76.01243156161961,402,0.9808541536331177
55.68,83.00346038788614,76.00978802682647,402,0.9462947249412537
55.71,83.03140608558442,76.01291159713784,405,0.9109495282173157
55.74,83.05432932850269,76.02533988811382,406,0.8748487830162048
55.77,83.07392833446558,76.0418919661325,410,0.8380236625671387
55.800000000000004,83.08695749091295,76.06284078178689,406,0.800506591796875
55.83,83.09751510720388,76.0846309827793,410,0.762330949306488
55.86,83.09523395263862,76.12046462015776,411,0.7235313057899475
55.89,83.09196209025852,76.16175072671899,414,0.684143602848053
55.92,83.09130254953119,76.20058580796955,415,0.6442054510116577
55.95,83.08690065250146,76.23210340670131,414,0.6037557125091553
55.980000000000004,83.07571212681952,76.25657942876767,419,0.5628346800804138
56.01,83.05514886869813,76.27690690278185,420,0.5214841365814209
56.04,83.03587769063502,76.29476662558709,421,0.4797465205192566
56.07,83.01507158736551,76.30415201662957,416,0.4376647472381592
56.1,82.99719396886624,76.3195563755982,419,0.3952822983264923
56.13,82.9873440206642,76.33763862670698,420,0.3526434302330017
56.160000000000004,82.98371376287466,76.34600860895665,420,0.30979275703430176
56.19,82.97984917241081,76.35177593850976,424,0.26677536964416504
56.22,82.97244911180925,76.34098061266562,425,0.22363635897636414
56.25,82.96298850221795,76.31770276735192,425,0.18042074143886566
56.28,82.9509167448643,76.2939906783871,431,0.1371738314628601
56.31,82.94703567058218,76.26899989774887,430,0.0939415842294693
56.34,82.94341612396956,76.23862612997452,431,0.05077075585722923
56.370000000000005,82.93654400771337,76.20869566856167,434,0.007708719931542873
56.4,82.92258433560382,76.1814502285564,429,-0.03519672900438309
56.43,82.90247257638282,76.1465071528378,429,-0.07789754867553711
56.46,82.88198283183746,76.10650335224494,428,-0.1203455701470375
56.49,82.85226809651104,76.05642525555115,434,-0.16249267756938934
56.52,82.81169667828941,76.00913861164233,435,-0.2042909562587738
56.550000000000004,82.76346737325312,75.96991940590705,434,-0.24569253623485565
56.58,82.70488782491628,75.92651867620144,430,-0.28664928674697876
56.61,82.64074548967271,75.88725936416155,431,-0.3271125257015228
56.64,82.57434610822303,75.84649855935334,431,-0.3670335114002228
56.67,82.50842520045481,75.80359225731615,434,-0.40636351704597473
56.7,82.44633008898069,75.76484026012862,430,-0.4450541138648987
56.730000000000004,82.39249123034037,75.74259706860593,429,-0.48305729031562805
56.76,82.3466755191272,75.72965690163946,430,-0.5203256011009216
56.79,82.3047180962967,75.71416131570786,432,-0.5568125247955322
56.82,82.26379968060931,75.70160834181405,428,-0.5924724340438843
56.85,82.21560167919151,75.68281150885879,429,-0.6272612810134888
56.88,82.16446764770483,75.67137000652636,428,-0.6611360907554626
56.910000000000004,82.116441229611,75.65484551511554,431,-0.6940554976463318
56.94,82.06228278254447,75.64379869943238,429,-0.7259790301322937
56.97,81.9989208636279,75.63019607889785,434,-0.7568666934967041
57.0,81.9384617674033,75.607462977237,432,-0.7866790890693665
57.03,81.87301819124599,75.58337498096988,428,-0.8153777122497559
57.06,81.80487175910866,75.54926065886549,432,-0.8429243564605713
57.09,81.7331477540594,75.51108941165238,432,-0.8692815899848938
57.120000000000005,81.66037601389098,75.47439121924393,428,-0.8944129943847656
57.15,81.58833008130993,75.4329778607283,431,-0.918282687664032
57.18,81.52213242217478,75.38926480751927,427,-0.9408558011054993
57.21,81.46430624969514,75.34862068882657,426,-0.9620988965034485
57.24,81.41164352735198,75.30888050892979,430,-0.9819815754890442
57.27,81.36385085820943,75.2737407249137,427,-1.0004757642745972
57.300000000000004,81.33171355061408,75.2479692939359,429,-1.0175564289093018
57.33,81.32095483965946,75.2294872563515,430,-1.0332013368606567
57.36,81.32444545943201,75.21761382828116,429,-1.0473906993865967
57.39,81.33430299411101,75.21360467552128,424,-1.0601067543029785
57.42,81.35137123239807,75.21621986681134,422,-1.0713343620300293
57.45,81.36911700710922,75.21786079268205,424,-1.081060767173767
57.480000000000004,81.3910735566278,75.22645973680505,417,-1.0892757177352905
57.51,81.41120716469823,75.23849608283446,421,-1.0959712266921997
57.54,81.4367048080666,75.25561237145891,426,-1.1011418104171753
57.57,81.46994156207438,75.2707714523756,424,-1.1047837734222412
57.6,81.52002364086084,75.29306457731226,429,-1.106895923614502
57.63,81.57424653559234,75.31738504784232,428,-1.107479214668274
57.660000000000004,81.63090112546857,75.33053700069755,428,-1.1065367460250854
57.69,81.69652693530972,75.34437560606894,433,-1.1040732860565186
57.72,81.7634034499318,75.35565900425227,434,-1.1000958681106567
57.75,81.8314246082431,75.37629949391138,438,-1.0946128368377686
57.78,81.90172743549071,75.3960688612299,433,-1.0876331329345703
57.81,81.96133585790786,75.41832403980756,433,-1.0791661739349365
57.84,82.0197425386185,75.44080480863781,431,-1.0692224502563477
57.870000000000005,82.07061212810416,75.45799370452909,430,-1.057813286781311
57.9,82.12160089688255,75.47557708508336,427,-1.04495108127594
57.93,82.16594562502328,75.48400164325392,422,-1.0306499004364014
57.96,82.2019893011864,75.48181220506247,424,-1.014925241470337
57.99,82.23584429506569,75.47296451027346,432,-0.9977940917015076
58.02,82.26653433877233,75.45905676349373,433,-0.9792752265930176
58.050000000000004,82.30165210807121,75.44225926239385,430,-0.9593889713287354
58.08,82.33485088411226,75.43634604993623,427,-0.9381570219993591
58.11,82.35811416223912,75.4380294527959,428,-0.9156028032302856
58.14,82.37978456831077,75.4478273188356,429,-0.8917514681816101
58.17,82.4028153084386,75.45684418902793,429,-0.8666297197341919
58.2,82.42247069783579,75.46727186288238,430,-0.8402658104896545
58.230000000000004,82.44349846316983,75.47829157748863,428,-0.8126896619796753
58.26,82.46505108570416,75.49706685243535,425,-0.7839326858520508
58.29,82.49048639289234,75.50936248151662,426,-0.7540278434753418
58.32,82.51649825711131,75.51931545006524,431,-0.7230085134506226
58.35,82.54436808971197,75.53077100912179,428,-0.690908670425415
58.38,82.57432669436976,75.5473501518343,430,-0.6577621102333069
58.410000000000004,82.6065843052289,75.5695118411975,430,-0.6236027479171753
58.44,82.6405019406654,75.59314621600662,435,-0.5884649753570557
58.47,82.6710895010791,75.60982780139808,431,-0.5523832440376282
58.5,82.6941550340401,75.6283745108347,426,-0.5153915882110596
58.53,82.71333289443704,75.64987816502548,433,-0.4775236248970032
58.56,82.73995960292933,75.67101460525281,434,-0.4388129413127899
58.59,82.76463395140236,75.70239537875185,442,-0.399292916059494
58.620000000000005,82.79230000093713,75.74290076994653,441,-0.3589971959590912
58.65,82.82476041304035,75.77993858341883,436,-0.31795960664749146
58.68,82.8530961089958,75.81293246977958,437,-0.27621451020240784
58.71,82.87173398113178,75.83345494327861,433,-0.2337968498468399
58.74,82.88898548766254,75.8516372418569,432,-0.1907424032688141
58.77,82.90877273389425,75.86271120985965,430,-0.14708758890628815
58.800000000000004,82.92599423482328,75.8702674859587,433,-0.10286958515644073
58.83,82.93563483458655,75.86868366529978,437,-0.05812649801373482
58.86,82.93005321451119,75.85540139841979,434,-0.012898042798042297
58.89,82.91459314092991,75.83725010037287,438,0.03277352452278137
58.92,82.89637276069962,75.81978410423392,439,0.07884342968463898
58.95,82.87357953923157,75.80284979279148,433,0.12526452541351318
58.980000000000004,82.84929612841732,75.77770240038917,429,0.17198756337165833
59.01,82.82443622290877,75.7458620614604,431,0.21896126866340637
59.04,82.80802798128434,75.71602405215202,435,0.2661326825618744
59.07,82.79760111960428,75.68215836611506,435,0.3134472072124481
59.1,82.7807381750121,75.65226111349418,433,0.36084887385368347
59.13,82.75920703917096,75.6212840706855,435,0.408281147480011
59.160000000000004,82.73155229289047,75.57763428223578,437,0.4556865096092224
59.19,82.70470295486457,75.52850274180962,435,0.503007173538208
59.22,82.67694795803513,75.47911877187273,436,0.5501850843429565
59.25,82.64455398704524,75.42877335840973,437,0.5971617698669434
59.28,82.61463714688375,75.37645547457556,434,0.6438780426979065
59.31,82.58866238583167,75.32797116553077,430,0.6902741193771362
59.34,82.56920569242467,75.28463242255229,434,0.7362902164459229
59.370000000000005,82.55196099132642,75.24379210899585,432,0.7818663716316223
59.4,82.52954319100601,75.20416415012497,426,0.8269429802894592
59.43,82.50369386322672,75.17563349926365,428,0.8714609146118164
59.46,82.47161349979578,75.14058501166339,431,0.9153617024421692
59.49,82.43362341425087,75.1078886616094,433,0.9585877656936646
59.52,82.3946425779113,75.07323058574104,434,1.001083254814148
59.550000000000004,82.34060533932507,75.04574563697906,440,1.0427930355072021
59.58,82.28321224324355,75.00810670341433,444,1.083663821220398
59.61,82.22239032946152,74.97153111046022,446,1.1236438751220703
59.64,82.15820975477071,74.9296884709875,448,1.1626826524734497
59.67,82.10311605599765,74.88800183162078,440,1.2007319927215576
59.7,82.0471051396504,74.8488093996179,442,1.2377450466156006
59.730000000000004,81.98343927900494,74.81549539935494,440,1.2736765146255493
59.76,81.91874430641082,74.78704976300477,437,1.3084831237792969
59.79,81.84979104737901,74.75685324091533,438,1.3421236276626587
59.82,81.77948452951986,74.72949162421469,437,1.3745583295822144
59.85,81.715902152921,74.70715863863292,431,1.4057495594024658
59.88,81.65464359281185,74.68574481405935,429,1.4356616735458374
59.910000000000004,81.5957630734427,74.66200508449694,428,1.4642603397369385
59.94,81.54119909937657,74.64235061436516,438,1.4915127754211426
59.97,81.49733204244642,74.62654252908341,440,1.5173876285552979
60.0,81.45444470819366,74.60567587036607,442,1.5418533086776733
60.03,81.42010409133091,74.58487520416496,447,1.564880609512329
60.06,81.40623415506035,74.57331739632781,435,1.5864402055740356
60.09,81.40913097427448,74.56952603102745,432,1.6065043210983276
60.120000000000005,81.42164241287674,74.5856707073924,436,1.6250462532043457
60.15,81.44986704989978,74.6086941027949,432,1.6420413255691528
60.18,81.49129211574233,74.6342007636505,432,1.6574654579162598
60.21,81.53752512075232,74.65253886520138,435,1.6712963581085205
60.24,81.59346016663332,74.67141511612729,437,1.6835132837295532
60.27,81.6471478576194,74.68797390061339,433,1.6940979957580566
60.300000000000004,81.70031815210247,74.70548412766432,431,1.703035831451416
60.33,81.75248575125164,74.7284461914888,431,1.710315227508545
60.36,81.79727860154063,74.75480434328168,433,1.715927243232727
60.39,81.83853390203382,74.78413020865476,431,1.7198657989501953
60.42,81.87793204690564,74.81173165959477,435,1.7221273183822632
60.45,81.91022986721526,74.83802111164287,437,1.7227106094360352
60.480000000000004,81.93785792502088,74.86697913731665,436,1.7216171026229858
60.51,81.9546550238943,74.88774869189787,444,1.7188506126403809
60.54,81.9756903472265,74.90353624314226,443,1.7144172191619873
60.57,82.00774353751038,74.92438949394818,444,1.7083240747451782
60.6,82.0403382315116,74.94504881797995,444,1.7005795240402222
60.63,82.06773599041331,74.96512094496492,441,1.6911942958831787
60.660000000000004,82.100811366757,74.99590974243942,444,1.6801809072494507
60.69,82.14187822764579,75.02939219709445,446,1.6675527095794678
60.72,82.18210760891608,75.0680300112899,452,1.6533254384994507
60.75,82.22696754631203,75.10262061091782,451,1.6375164985656738
60.78,82.2774299302072,75.13736723960893,451,1.6201450824737549
60.81,82.32558638304046,75.16933952148116,446,1.6012324094772339
60.84,82.37451498594899,75.19789463655025,449,1.580801248550415
60.870000000000005,82.4283849743024,75.22772997804861,450,1.5588761568069458
60.9,82.47882794863676,75.25191691267544,446,1.5354833602905273
60.93,82.51874123701391,75.26027237549206,444,1.5106496810913086
60.96,82.55217285978388,75.2646704692442,441,1.4844030141830444
60.99,82.58507062192409,75.26141367732806,437,1.4567722082138062
61.02,82.61670636103266,75.26052178571544,437,1.4277873039245605
61.050000000000004,82.64624817809195,75.266946532859,433,1.3974790573120117
61.08,82.67409950507617,75.27857759202605,428,1.3658794164657593
61.11,82.70466897073905,75.29798987956603,431,1.3330210447311401
61.14,82.73611632327295,75.32341786080177,431,1.2989379167556763
61.17,82.75667205443456,75.34632040538752,436,1.2636653184890747
61.2,82.77168967413877,75.36344209232298,432,1.2272391319274902
61.230000000000004,82.78300057148812,75.37093095728592,432,1.189697265625
61.26,82.78821572130822,75.36923614334503,432,1.151078224182129
61.29,82.79170040757515,75.36985665102485,431,1.1114223003387451
61.32,82.79579562938187,75.38382020251524,431,1.0707707405090332
61.35,82.79622074292992,75.3928659308612,427,1.0291661024093628
61.38,82.79334612848525,75.40599122305497,427,0.9866518378257751
61.410000000000004,82.78864056399276,75.41480918191998,425,0.9432721138000488
61.44,82.77867962355508,75.4181839252496,425,0.8990713357925415
61.47,82.77175084633701,75.41933177913033,430,0.8540940284729004
61.5,82.75915803774197,75.42096380543329,433,0.8083847165107727
61.53,82.73838969696236,75.42496277907917,437,0.7619883418083191
61.56,82.71358175765172,75.43402042893794,437,0.7149502635002136
61.59,82.68947391367341,75.44257075201037,439,0.6673164367675781
61.620000000000005,82.66723370446736,75.445942149129,437,0.6191337704658508
61.65,82.64209776189671,75.44066289025744,444,0.5704495906829834
61.68,82.61661204295397,75.42489461505095,443,0.5213122367858887
61.71,82.59385936338299,75.4066758995721,447,0.47177037596702576
61.74,82.57483485252362,75.39611568773188,448,0.4218735992908478
61.77,82.56075601953977,75.38757468816844,450,0.3716720938682556
61.800000000000004,82.54793187051584,75.38531218073953,455,0.3212165832519531
61.83,82.54279460598771,75.38368341054903,458,0.27055850625038147
61.86,82.54465036538895,75.37386654247335,461,0.21974974870681763
61.89,82.54452277081107,75.36073430749411,464,0.16884271800518036
61.92,82.54400072432026,75.34790406445018,465,0.11789031326770782
61.95,82.54428720197748,75.33450060745002,467,0.06694640964269638
61.980000000000004,82.54376842090183,75.31534795163799,466,0.01606658846139908
62.01,82.54348009005156,75.28521168173131,463,-0.034691598266363144
62.04,82.54589717764233,75.24929421609262,457,-0.08526904135942459
62.07,82.5403652523584,75.21619178017033,461,-0.13560543954372406
62.1,82.52771710609522,75.17892063526998,462,-0.18563970923423767
62.13,82.50662212626001,75.13673686478099,458,-0.2353101670742035
62.160000000000004,82.47394629749745,75.08652735091147,461,-0.28455477952957153
62.190000000000005,82.43264175289234,75.02947717485621,464,-0.33331137895584106
62.22,82.3894811099319,74.97658815836819,465,-0.3815179467201233
62.25,82.34322935677321,74.91843187261908,466,-0.42911291122436523
62.28,82.30142288847638,74.85637408025225,469,-0.47603514790534973
62.31,82.26342830496795,74.78103707065034,460,-0.5222244262695312
62.34,82.21809922066168,74.71073691279405,462,-0.5676213502883911
62.370000000000005,82.16168198242754,74.65063930652278,462,-0.6121678948402405
62.4,82.09719414630736,74.59661057778621,457,-0.6558072566986084
62.43,82.03608564725528,74.5491666031428,456,-0.6984841227531433
62.46,81.97117784468844,74.50033285518741,458,-0.7401443123817444
62.49,81.90796062970011,74.44392962210516,451,-0.7807353734970093
62.52,81.85619479490546,74.39882174576212,455,-0.8202059864997864
62.550000000000004,81.80641186381847,74.3615992708157,455,-0.8585066199302673
62.58,81.75970961862971,74.32572781141401,453,-0.8955891132354736
62.61,81.72004479582053,74.30177277868447,452,-0.9314063191413879
62.64,81.68491027861393,74.28799682418234,451,-0.9659121036529541
62.67,81.65307796060249,74.28457718603688,450,-0.9990610480308533
62.7,81.62529365857493,74.29351899372158,447,-1.0308082103729248
62.730000000000004,81.60566322433527,74.31338109279181,445,-1.0611096620559692
62.76,81.58624868634959,74.3314841604004,449,-1.089922308921814
62.79,81.57958112934028,74.35721600126496,447,-1.1172038316726685
62.82,81.5839701313677,74.3813843815386,448,-1.1429136991500854
62.85,81.59094055608179,74.40019573335023,450,-1.1670118570327759
62.88,81.6016808582677,74.4157317307943,451,-1.189460039138794
62.910000000000004,81.6117143776984,74.43995441129638,452,-1.210222840309143
62.940000000000005,81.6294896253678,74.45906830817358,450,-1.2292678356170654
62.97,81.64768599461192,74.47343135550351,450,-1.2465656995773315
63.0,81.66449230217788,74.48786521333868,451,-1.2620905637741089
63.03,81.69904718471977,74.52498259546174,450,-1.2758203744888306
63.06,81.74585870500101,74.56928420596351,453,-1.2877353429794312
63.09,81.7968862953366,74.60979991590928,459,-1.2978184223175049
63.120000000000005,81.8510878795185,74.66056360942164,456,-1.3060554265975952
63.15,81.89911574658727,74.70718841201946,454,-1.3124337196350098
63.18,81.94775132129723,74.74836650604219,461,-1.3169429302215576
63.21,82.00111765310002,74.79540796780329,460,-1.3195754289627075
63.24,82.0583723213189,74.83612121251724,458,-1.3203262090682983
63.27,82.1134204909491,74.87084078752952,459,-1.3191919326782227
63.300000000000004,82.16627805217229,74.90025813450939,456,-1.316172480583191
63.33,82.21704668679824,74.93229020441053,453,-1.3112696409225464
63.36,82.2619735578568,74.9626959586106,451,-1.3044874668121338
63.39,82.30140806560738,74.98851131438364,453,-1.2958327531814575
63.42,82.33608649502803,75.00941941535697,454,-1.2853142023086548
63.45,82.36832737636689,75.02163072992447,457,-1.2729436159133911
63.480000000000004,82.39225485874468,75.02684599510356,455,-1.2587342262268066
63.51,82.41187295299889,75.0248920480342,454,-1.242702841758728
63.54,82.42473543731252,75.0182972017569,456,-1.2248680591583252
63.57,82.42694187727687,75.00852848648847,454,-1.2052510976791382
63.6,82.42448316779335,74.99178007578658,452,-1.183875322341919
63.63,82.42365293435496,74.97658973982678,446,-1.1607664823532104
63.660000000000004,82.43027481769501,74.96886450913051,448,-1.1359528303146362
63.690000000000005,82.45142168742481,74.9678415380567,451,-1.1094650030136108
63.72,82.47145885106498,74.96406679168346,450,-1.0813355445861816
63.75,82.48180563996887,74.96016000648868,446,-1.051599383354187
63.78,82.48676325085171,74.95930805480042,447,-1.0202934741973877
63.81,82.48932506575294,74.95789129356122,451,-0.9874566197395325
63.84,82.49401201183682,74.9577582296851,455,-0.9531285762786865
63.870000000000005,82.49250050012964,74.9546591887474,449,-0.9173501133918762
63.9,82.48893160799688,74.95529430968003,445,-0.8801630139350891
63.93,82.48803580866917,74.95935137721007,448,-0.8416093587875366
63.96,82.4900307465972,74.96530658526049,444,-0.8017309904098511
63.99,82.48839452650418,74.97621152183248,445,-0.7605696320533752
64.02,82.48520804136419,74.97920771738455,443,-0.7181671857833862
64.05,82.47654420216722,74.98269965180145,447,-0.6745655536651611
64.08,82.46760364344229,74.97931114981954,446,-0.629806637763977
64.11,82.46529488756413,74.9763825103425,451,-0.5839327573776245
64.14,82.46604945729727,74.9780854835338,457,-0.5369870066642761
64.17,82.46944705345454,74.98751003185795,457,-0.48901382088661194
64.2,82.4744632104056,75.00349117774644,463,-0.44006025791168213
64.23,82.47620963514039,75.02468998241287,459,-0.390175998210907
64.26,82.47915750248636,75.03957200762275,462,-0.3394131064414978
64.29,82.47846984645956,75.05876420511062,467,-0.28782591223716736
64.32000000000001,82.49106929146089,75.08898190025243,468,-0.2354709953069687
64.35,82.50228665012001,75.11314835750267,473,-0.1824069768190384
64.38,82.51638122316187,75.1318923196956,470,-0.12869428098201752
64.41,82.52706210143069,75.1457427668979,472,-0.07439499348402023
64.44,82.53212605394818,75.15114044640372,472,-0.019572408869862556
64.47,82.52814922579186,75.14906077429809,470,0.03570909425616264
64.5,82.52446675487904,75.14209181282055,472,0.0913841724395752
64.53,82.51762492060503,75.13073737976593,473,0.1473865509033203
64.56,82.5053618349249,75.11015271948948,473,0.20364931225776672
64.59,82.48830816038914,75.08557581698096,474,0.2601052224636078
64.62,82.47419657985704,75.05508915515071,476,0.316686749458313
64.65,82.4582672989046,75.0239104869034,476,0.3733263909816742
64.68,82.44380394699324,74.98325214974001,473,0.4299566447734833
64.71000000000001,82.4307393716829,74.93506549329874,471,0.48651015758514404
64.74,82.41724185838721,74.88785218559524,469,0.5429197549819946
64.77,82.40405012330426,74.83308391837271,471,0.599118709564209
64.8,82.38866189595285,74.77215081163779,470,0.6550406813621521
64.83,82.36474366606352,74.7135004149006,467,0.7106195092201233
64.86,82.33384263859868,74.65770512415467,467,0.765789806842804
64.89,82.29997456290307,74.60483320192965,465,0.8204864859580994
64.92,82.26269585882675,74.55870472691139,462,0.8746443390846252
64.95,82.22293950523358,74.51053799322075,461,0.9281984567642212
64.98,82.18754466363873,74.4563515125813,461,0.981083869934082
65.01,82.15019218846797,74.39687581819335,465,1.0332363843917847
65.04,82.1114967002279,74.33201844497655,464,1.0845929384231567
65.07000000000001,82.06675822294685,74.2662719945825,462,1.1350911855697632
65.1,82.02544743278612,74.19594230364652,460,1.184670090675354
65.13,81.98630716355844,74.12143676032987,461,1.2332698106765747
65.16,81.95140726588512,74.0450705364462,458,1.2808319330215454
65.19,81.91327488593555,73.97499703852309,450,1.3272989988327026
65.22,81.87407741294692,73.91942939887007,452,1.3726154565811157
65.25,81.83409735502954,73.86862120253875,456,1.4167271852493286
65.28,81.79354053062117,73.8292618442357,457,1.4595813751220703
65.31,81.76220075129783,73.79938636301127,456,1.5011271238327026
65.34,81.7413502519306,73.7680272766509,460,1.5413146018981934
65.37,81.72861794673747,73.74100359886178,457,1.5800963640213013
65.4,81.72161630792138,73.72132540022979,462,1.6174262762069702
65.43,81.72482346830962,73.707497535956,466,1.6532607078552246
65.46000000000001,81.72886412109548,73.69200333680075,467,1.6875572204589844
65.49,81.73127626091555,73.68407302345551,460,1.7202751636505127
65.52,81.74084597966794,73.68771681216616,454,1.7513781785964966
65.55,81.76637114637327,73.70903386669173,451,1.7808324098587036
65.58,81.79126964108137,73.74233273798013,456,1.80861234664917
65.61,81.81556195369606,73.77717294620167,455,1.834707260131836
65.64,81.84412666066744,73.80267802667872,451,1.8591389656066895
65.67,81.88086204783674,73.84428002616347,454,1.8819972276687622
65.7,81.91506639623275,73.8917030077239,447,1.903509259223938
65.73,81.94685502842826,73.92914239856007,455,1.9241734743118286
65.76,81.97508652710785,73.96953016052974,448,1.9450511932373047
65.79,82.00116473717907,74.0134911165703,451,1.9685516357421875
65.82000000000001,82.03207696993653,74.05567492297912,456,2.0008156299591064
65.85,82.05769596565212,74.09714725645394,453,2.0528533458709717
65.88,82.07685194008793,74.13384415825487,454,2.118887186050415
65.91,82.0869514751832,74.16699151064658,459,2.185703992843628
65.94,82.09418683858144,74.18659328109456,458,2.2508645057678223
65.97,82.10351834496664,74.21370061919319,458,2.314117670059204
66.0,82.1163867156711,74.24665343274255,463,2.3753621578216553
66.03,82.12739654004368,74.28036180047404,467,2.434504747390747
66.06,82.13615114073774,74.31568142045036,467,2.49145245552063
66.09,82.14651848428181,74.34839934584431,465,2.546111583709717
66.12,82.15847537022529,74.37656604660478,469,2.5983903408050537
66.15,82.17212563835432,74.3951799815889,469,2.648195505142212
66.18,82.19145610344135,74.41203224684166,468,2.695436954498291
66.21000000000001,82.21090974116801,74.43208569877913,465,2.7400243282318115
66.24,82.2344605033696,74.45377668139444,465,2.7818689346313477
66.27,82.26179753835952,74.47197193866661,466,2.8208847045898438
66.3,82.28369109205362,74.48717270736825,467,2.8569869995117188
66.33,82.30737218563084,74.48598763066322,468,2.8900938034057617
66.36,82.32841090002714,74.48467083600111,470,2.9201250076293945
66.39,82.3501247361215,74.48156959310593,470,2.9470033645629883
66.42,82.36824008061484,74.48054424950105,468,2.9706552028656006
66.45,82.38342438330453,74.47251460886774,468,2.991008996963501
66.48,82.40046147112814,74.46317107173932,468,3.0079970359802246
66.51,82.42097517991584,74.45428506470785,469,3.021554470062256
66.54,82.44102144871536,74.43846209979431,466,3.0316195487976074
66.57000000000001,82.4583816646067,74.42230516555053,467,3.038133382797241
66.6,82.46913873118498,74.40882987290097,464,3.041041135787964
66.63,82.47470788010129,74.40583979674692,459,3.040290117263794
66.66,82.4828904510793,74.40655373073871,456,3.035832405090332
66.69,82.48770891873686,74.41635702058555,457,3.027622938156128
66.72,82.49010111528683,74.43561281597617,456,3.0156190395355225
66.75,82.49717823139916,74.47313829592217,457,2.999781370162964
66.78,82.50851495750985,74.50934148133955,456,2.9800734519958496
66.81,82.51630345072853,74.557582743872,456,2.9564602375030518
66.84,82.5188818902856,74.60230465135746,457,2.9289116859436035
66.87,82.51377026508189,74.64006303991329,453,2.897399663925171
66.9,82.50652764281544,74.67882840929876,455,2.8619000911712646
66.93,82.49331009728401,74.71328350529318,456,2.8223929405212402
66.96000000000001,82.47801731522141,74.74360061052877,458,2.7788610458374023
66.99,82.46453053757249,74.76770435468343,459,2.731292724609375
67.02,82.44907270538397,74.78994062348228,458,2.6796798706054688
67.05,82.43505396100042,74.7998239283556,459,2.624018669128418
67.08,82.42323090537376,74.79913556689745,462,2.5643105506896973
67.11,82.41262368064451,74.79431847126934,465,2.5005626678466797
67.14,82.40360834662766,74.783345970344,464,2.432786226272583
67.17,82.40219981511697,74.75466946278199,461,2.360999345779419
67.2,82.40280517707848,74.71524747937222,460,2.2852251529693604
67.23,82.40111551684714,74.6768955727971,456,2.2054896354675293
67.26,82.39418681289995,74.63989476767188,464,2.121739387512207
67.29,82.38472762475548,74.59627923486062,468,2.030921459197998
67.32000000000001,82.37653092871525,74.54742307496295,473,1.9015412330627441
67.35,82.37445398786933,74.49491208196511,474,1.751651406288147
67.38,82.36861005371036,74.44602862585768,474,1.6022701263427734
67.41,82.35862163523004,74.40814588443145,476,1.4537272453308105
67.44,82.35134086492772,74.36996221401817,476,1.306085467338562
67.47,82.3489261191286,74.33138441026811,481,1.159412145614624
67.5,82.34595188226778,74.30384674145459,482,1.0137814283370972
67.53,82.33555344263065,74.27868563074,485,0.8692720532417297
67.56,82.32777867266385,74.26070343456396,486,0.725968599319458
67.59,82.31851773490627,74.2415707265533,482,0.5839599370956421
67.62,82.31275890745249,74.22426086399516,481,0.44333916902542114
67.65,82.30535144249247,74.20007775782182,479,0.30420246720314026
67.68,82.29678018418966,74.17094414986634,476,0.16664868593215942
67.71000000000001,82.2817301741763,74.13747455150224,479,0.030778564512729645
67.74,82.25724502829604,74.10277214127848,477,-0.10330566763877869
67.77,82.22458226803418,74.06920405727955,473,-0.23550084233283997
67.8,82.19304537099879,74.02774044581243,472,-0.36570340394973755
67.83,82.16144194976452,73.98968427834555,465,-0.4938097298145294
67.86,82.13266944277628,73.95242327399968,469,-0.6197167634963989
67.89,82.1066436954563,73.921807203903,460,-0.7433223724365234
67.92,82.0813001481763,73.88893237566504,458,-0.8645259737968445
67.95,82.0513666706815,73.85420559510342,458,-0.9832282066345215
67.98,82.02528325184532,73.81629198495092,461,-1.0993318557739258
68.01,82.01397919150722,73.77977053357371,464,-1.2127416133880615
68.04,82.00002462245354,73.7495927252757,463,-1.3233643770217896
68.07000000000001,81.97991831594989,73.72705030984179,461,-1.43110990524292
68.1,81.97017748092169,73.70136365189323,463,-1.5358903408050537
68.13,81.96097210936898,73.6679027210939,464,-1.6376210451126099
68.16,81.95924882279868,73.63822879764032,465,-1.7362202405929565
68.19,81.96346303358173,73.62424329588858,468,-1.831627368927002
68.22,81.9740385123786,73.61140168008355,475,-1.924379825592041
68.25,81.978155427732,73.60329850738813,478,-2.0294198989868164
68.28,81.98710945052159,73.59895548826164,478,-2.1725962162017822
68.31,82.00397758916492,73.60720326163917,483,-2.318420648574829
68.34,82.0217506205631,73.6296589129233,483,-2.4630751609802246
68.37,82.0357090006284,73.65878933885978,475,-2.6063616275787354
68.4,82.04079638475471,73.6924326127159,472,-2.7480885982513428
68.43,82.03962793785418,73.7208844513777,474,-2.8880624771118164
68.46000000000001,82.04338281600532,73.75042323120496,473,-3.0260863304138184
68.49,82.05469833105617,73.78589889244857,469,-3.1619627475738525
68.52,82.0753114360877,73.82641464568034,472,-3.29549503326416
68.55,82.102335546163,73.86549342677355,474,-3.4264867305755615
68.58,82.13548271182334,73.89742671685808,472,-3.5547425746917725
68.61,82.16342054484036,73.93018091154964,473,-3.6800696849823
68.64,82.18462920357405,73.96519821220527,474,-3.8022751808166504
68.67,82.20470243724445,74.01048034563642,478,-3.921154260635376
68.7,82.22987223761982,74.05207002648116,479,-4.010875701904297
68.73,82.25191169283818,74.09143521599846,483,-4.024272918701172
68.76,82.2766561191364,74.12150291005375,485,-4.025445461273193
68.79,82.3056830274637,74.14479142416009,484,-4.023257732391357
68.82000000000001,82.33704887402105,74.1648736008566,481,-4.020089626312256
68.85000000000001,82.3563236061929,74.17288622027635,484,-4.01694917678833
68.88,82.37099956124321,74.1702218595637,482,-4.014110565185547
68.91,82.38963793593987,74.16704839922699,482,-4.011542320251465
68.94,82.40588574341511,74.16469086093845,479,-4.00916051864624
68.97,82.42051623140483,74.15390043677948,478,-4.006901264190674
69.0,82.43249277471612,74.13473765673939,476,-4.004717826843262
69.03,82.4404494266856,74.12814125416232,474,-4.002574920654297
69.06,82.44373490787338,74.12109890139995,474,-4.000442028045654
69.09,82.4472829856749,74.1096357150781,480,-3.9982895851135254
69.12,82.44732819276801,74.09892120505788,475,-3.996088981628418
69.15,82.44453274584411,74.08481469279427,471,-3.993807077407837
69.18,82.43672951050249,74.0740488662511,471,-3.9914045333862305
69.21000000000001,82.43173212568138,74.06141694125736,469,-3.9888317584991455
69.24,82.4281971218896,74.04809579477786,467,-3.9860222339630127
69.27,82.42558908765284,74.04184226441653,464,-3.9828832149505615
69.3,82.42107621899775,74.03987524740809,465,-3.9792776107788086
69.33,82.41648909271966,74.0401643863702,467,-3.974997043609619
69.36,82.40952861378558,74.04386587214668,467,-3.9697153568267822
69.39,82.40318746304949,74.05268793739288,472,-3.962913990020752
69.42,82.40131784096002,74.06803100580555,471,-3.9538044929504395
69.45,82.39584464311447,74.0855158279861,473,-3.9413199424743652
69.48,82.38794017448384,74.10370114901629,478,-3.9243276119232178
69.51,82.37662246224606,74.12532644199864,476,-3.901984453201294
69.54,82.36231477800591,74.15332938891201,478,-3.8738913536071777
69.57000000000001,82.34750852596491,74.18084813161386,474,-3.8399295806884766
69.60000000000001,82.33184933276013,74.20734453959209,470,-3.8000781536102295
69.63,82.31557264827875,74.23146559557213,475,-3.754336357116699
69.66,82.29495550231421,74.24065619190493,474,-3.7027106285095215
69.69,82.2756482403567,74.24191646623436,474,-3.6452138423919678
69.72,82.2546686026491,74.23537917647697,482,-3.5818629264831543
69.75,82.23380769265118,74.2143916860142,483,-3.512681722640991
69.78,82.21481753200604,74.1927626228722,487,-3.437699317932129
69.81,82.19930844478812,74.16910172405194,489,-3.3569509983062744
69.84,82.181719875148,74.14495832220476,489,-3.270477533340454
69.87,82.16549303105467,74.1276564679247,494,-3.1783266067504883
69.9,82.15329557826124,74.11577968216936,496,-3.0805506706237793
69.93,82.14159715835507,74.10645372973283,496,-2.977207899093628
69.96000000000001,82.13726767949483,74.09966070408304,502,-2.8683629035949707
69.99,82.13191173951677,74.08786001841149,500,-2.754087209701538
70.02,82.12448333424135,74.07381755544655,502,-2.634457588195801
70.05,82.12083852651033,74.06097899321296,503,-2.5095577239990234
70.08,82.12352158540642,74.0558203950356,494,-2.379477024078369
70.11,82.12794375870762,74.0503842216739,494,-2.2443108558654785
70.14,82.12796929617375,74.05919284702541,494,-2.1040563583374023
70.17,82.12885338583506,74.06210229802156,497,-1.94154953956604
70.2,82.13472098187636,74.05457732864076,491,-1.7372779846191406
70.23,82.13768834998524,74.03037953770742,489,-1.5335065126419067
70.26,82.13610639648218,74.00397976754263,490,-1.331331491470337
70.29,82.13775377757814,73.9691683218541,491,-1.1308510303497314
70.32000000000001,82.13955619784744,73.93329275006647,493,-0.9321684837341309
70.35000000000001,82.13337037055007,73.89265564855941,492,-0.7353925108909607
70.38,82.11613289084686,73.85820835766424,489,-0.5406362414360046
70.41,82.10483204368468,73.816849542618,494,-0.34801727533340454
70.44,82.09484175221081,73.76635199156084,490,-0.15765681862831116
70.47,82.07906270282551,73.72084429811962,488,0.030320968478918076
70.5,82.07064047710764,73.67686026599318,481,0.2157898098230362
70.53,82.06662028771429,73.61910130391276,483,0.3986221253871918
70.56,82.05644421186315,73.56286387953432,486,0.5786897540092468
70.59,82.04475342400595,73.51679270811441,483,0.7558643221855164
70.62,82.03814523759316,73.47628506428043,480,0.9300180077552795
70.65,82.03462646224247,73.42801460069758,478,1.1010240316390991
70.68,82.02855725232435,73.36406711710063,480,1.2687567472457886
70.71000000000001,82.02230733775332,73.30681311899733,483,1.4330922365188599
70.74,82.030240175205,73.26543705100318,477,1.5939090251922607
70.77,82.04339961026139,73.2328925056356,472,1.7510886192321777
70.8,82.0604731442715,73.20748400281666,471,1.9046860933303833
70.83,82.08170804160102,73.18646650345339,469,2.07643461227417
70.86,82.0941767801988,73.16987919540307,470,2.2851483821868896
70.89,82.1016066189509,73.15100076574657,473,2.4945504665374756
70.92,82.10069684867695,73.14255141448051,474,2.703941583633423
70.95,82.10176554462603,73.14220174676012,474,2.913081169128418
70.98,82.11276565454126,73.15386147469422,477,3.1217236518859863
71.01,82.12840993733984,73.17043269363626,475,3.329620122909546
71.04,82.14199742756865,73.1894992137842,476,3.5365171432495117
71.07000000000001,82.15449980777885,73.21020230443084,475,3.742159128189087
71.10000000000001,82.1700654456479,73.24424129331857,479,3.9462435245513916
71.13,82.18939582655364,73.28181374978426,485,4.070048809051514
71.16,82.20529471423173,73.31290046760485,483,4.147290229797363
71.19,82.21773184856211,73.34351794621841,480,4.219893455505371
71.22,82.23810844926578,73.3752526352437,474,4.287838935852051
71.25,82.25303388113547,73.41449886118154,474,4.3510308265686035
71.28,82.26504089874997,73.45391360125929,479,4.4093828201293945
71.31,82.28045454265283,73.47938879800878,479,4.462820053100586
71.34,82.29700725865568,73.50441866809263,474,4.511277675628662
71.37,82.31118197654516,73.52519303990174,475,4.554701805114746
71.4,82.32025732714861,73.54403499957004,478,4.593048095703125
71.43,82.32823400271397,73.56966019566298,477,4.626283168792725
71.46000000000001,82.32648415875221,73.58284732705938,479,4.654384136199951
71.49,82.32165359832462,73.59229209757147,485,4.677338600158691
71.52,82.31508547503796,73.59956789356134,480,4.695138931274414
71.55,82.3099795397362,73.59763756207111,479,4.707793712615967
71.58,82.31411546590047,73.60019700085249,478,4.715314865112305
71.61,82.3184179695023,73.60553902747658,475,4.717724323272705
71.64,82.31728563017141,73.60355580584547,476,4.715051174163818
71.67,82.31039304747833,73.60184616327295,477,4.707330226898193
71.7,82.29790817540588,73.60529870758955,483,4.694604396820068
71.73,82.28858221520822,73.60937295422012,481,4.676921367645264
71.76,82.28038432547086,73.60919688957347,481,4.6543354988098145
71.79,82.27603022068854,73.59753602426079,484,4.6269073486328125
71.82000000000001,82.28223239405823,73.58233108105529,482,4.594700813293457
71.85000000000001,82.2899002258155,73.57361585536682,481,4.557788848876953
71.88,82.29353776877822,73.56141215428872,488,4.516247272491455
71.91,82.29706920080515,73.54917617553397,490,4.470158576965332
71.94,82.2986732247998,73.54095889900348,487,4.419609069824219
71.97,82.30195726047083,73.53705587688651,492,4.36469030380249
72.0,82.3026941604674,73.54561206187208,494,4.305500030517578
72.03,82.30264582785414,73.5614091692135,497,4.242140769958496
72.06,82.30111449372976,73.58523444845085,493,4.174721717834473
72.09,82.30199812467416,73.5949516590632,497,4.103360652923584
72.12,82.30344998049611,73.60865881204107,496,4.029536247253418
72.15,82.29932413721559,73.63066868471475,489,3.994365930557251
72.18,82.28684014462712,73.65292689876132,486,3.9889755249023438
72.21000000000001,82.2732111450653,73.67115416623847,491,3.985691547393799
72.24,82.2617507865731,73.68820682805853,498,3.9822661876678467
72.27,82.25350397433233,73.70321466268577,501,3.978355884552002
72.3,82.24978384792726,73.71738535280085,495,3.9736952781677246
72.33,82.24332392144137,73.72965759149746,492,3.9678969383239746
72.36,82.23616415125953,73.73598129506,495,3.960354804992676
72.39,82.22445781711632,73.73638822059775,490,3.9501776695251465
72.42,82.21611405096952,73.72868418254563,492,3.9362449645996094
72.45,82.20954834768591,73.7244383947001,494,3.9174959659576416
72.48,82.20040781317385,73.72155837430121,491,3.89326548576355
72.51,82.1873492404731,73.72256608072327,488,3.8633038997650146
72.54,82.17730731751168,73.71845626313036,489,3.827568292617798
72.57000000000001,82.17014828886542,73.71935789775586,486,3.7860758304595947
72.60000000000001,82.1656115324563,73.72255252444154,487,3.738854169845581
72.63,82.16089261429828,73.72811405772356,486,3.685936212539673
72.66,82.15876537527376,73.73728540584348,491,3.6273581981658936
72.69,82.1547486946284,73.746222047541,490,3.563161849975586
72.72,82.15147981015961,73.74944984052617,488,3.493391752243042
72.75,82.1517937570025,73.74646770687914,487,3.4180989265441895
72.78,82.15299184569821,73.74889745932539,491,3.337339162826538
72.81,82.14813414642119,73.75788850889148,490,3.2511723041534424
72.84,82.14264609650107,73.76334413306758,498,3.159665584564209
72.87,82.13966391997586,73.75857093690195,503,3.062891721725464
72.9,82.1386002796787,73.75171027092658,498,2.9609298706054688
72.93,82.13747760162474,73.74358921567729,506,2.853864908218384
72.96000000000001,82.13674616209006,73.71866443809147,500,2.741788625717163
72.99,82.12908625193649,73.6936389472213,503,2.6247992515563965
73.02,82.12319075963012,73.6683627055933,504,2.503002166748047
73.05,82.12428998179375,73.6472378103766,502,2.3765087127685547
73.08,82.12639857883678,73.62327969214189,508,2.2454373836517334
73.11,82.12873247778994,73.59014588280338,502,2.1098275184631348
73.14,82.13091920068578,73.54640735534046,498,1.9555028676986694
73.17,82.13974094508998,73.50901509359794,492,1.757187008857727
73.2,82.15649215804417,73.47453235977491,490,1.5591152906417847
73.23,82.17317626196841,73.43928056343688,495,1.3630975484848022
73.26,82.18712614267051,73.39841877749296,496,1.1692454814910889
73.29,82.19865197554128,73.34740753362827,492,0.9776751399040222
73.32000000000001,82.2076659317107,73.29959935130688,493,0.7885072827339172
73.35000000000001,82.2143241098132,73.26324038815443,491,0.6018662452697754
73.38,82.22733713508006,73.22644400319943,488,0.4178791046142578
73.41,82.23851663156242,73.1908544787123,485,0.23667514324188232
73.44,82.24991596096235,73.15920541794773,484,0.058385517448186874
73.47,82.25434329533377,73.1214552144083,480,-0.11685724556446075
73.5,82.25611230959112,73.09010939072495,480,-0.28892022371292114
73.53,82.25863195567042,73.0700783459435,478,-0.45767080783843994
73.56,82.26092965292541,73.05334341534956,483,-0.6229773759841919
73.59,82.26431380102265,73.04534038403565,487,-0.7847097516059875
73.62,82.27132801996682,73.0394786833008,484,-0.9427402019500732
73.65,82.2819039098,73.03368520910438,481,-1.0969433784484863
73.68,82.29089489513503,73.02043998054756,480,-1.2471973896026611
73.71000000000001,82.30200844665174,73.01764389546186,484,-1.3933825492858887
73.74,82.31200114871342,73.02762596983986,486,-1.535382628440857
73.77,82.32005221723787,73.03226009111947,485,-1.6730848550796509
73.8,82.32721471063995,73.0423847374251,482,-1.8063852787017822
73.83,82.3315393142583,73.06003445702726,485,-1.9358553886413574
73.86,82.34320640956204,73.07608042809144,488,-2.089912176132202
73.89,82.35484779670008,73.09162543166967,493,-2.27248215675354
73.92,82.37178365751488,73.10104309995926,497,-2.4540557861328125
73.95,82.38869700248136,73.10648486974871,499,-2.634101152420044
73.98,82.40787788344868,73.12756647319294,500,-2.8123767375946045
74.01,82.43536921588856,73.16373534238335,506,-2.9886412620544434
74.04,82.45270978844813,73.20824908121786,510,-3.1626546382904053
74.07000000000001,82.4606887259699,73.24103614727836,506,-3.3341753482818604
74.10000000000001,82.46665908379417,73.27317811879236,511,-3.5029633045196533
74.13,82.47475005473439,73.30944709366254,511,-3.668779134750366
74.16,82.48363752431823,73.33853710538523,502,-3.8313839435577393
74.19,82.4916481639035,73.35875620536903,500,-3.9885802268981934
74.22,82.49686729478047,73.37515327682446,499,-4.048519134521484
74.25,82.50277291069087,73.38509417391809,507,-4.079155445098877
74.28,82.50502110733622,73.39151621854431,509,-4.103942394256592
74.31,82.49940127891149,73.39487886514594,501,-4.123630523681641
74.34,82.48144829598141,73.40239384331358,502,-4.138246059417725
74.37,82.47048335952816,73.40973438998255,499,-4.147770404815674
74.4,82.45891670485751,73.41864922110564,499,-4.152186393737793
74.43,82.44943922045923,73.41902688020947,500,-4.151493072509766
74.46000000000001,82.44304628941859,73.41910639817716,497,-4.145698547363281
74.49,82.43977773060824,73.40808958352117,495,-4.134821891784668
74.52,82.4333647702967,73.39858291075323,492,-4.118895530700684
74.55,82.42442783699242,73.38191157813208,490,-4.097970485687256
74.58,82.40831938182079,73.36141735155356,491,-4.072193145751953
74.61,82.3918352906984,73.33723079942138,494,-4.042652606964111
74.64,82.37854762576539,73.31889246035149,488,-4.017879486083984
74.67,82.3708723447649,73.30558838607217,484,-4.0087432861328125
74.7,82.36708198975532,73.2911440145293,485,-4.005339622497559
74.73,82.36109456562347,73.27706028832725,489,-4.002689838409424
74.76,82.35067641624437,73.26291775803841,494,-4.000146389007568
74.79,82.33888006060188,73.25432261077147,496,-3.9976093769073486
74.82000000000001,82.32108617727921,73.24574491868232,500,-3.995025157928467
74.85000000000001,82.30179143397301,73.23690829586413,504,-3.992339611053467
74.88,82.2888732184826,73.2254021264821,504,-3.9894895553588867
74.91,82.28252988507589,73.20821639815111,503,-3.9863924980163574
74.94,82.27889542879345,73.19085669589734,503,-3.9829342365264893
74.97,82.27445808291971,73.1844830981668,503,-3.9789462089538574
75.0,82.2643944192098,73.1850685153922,501,-3.9741671085357666
75.03,82.25432461062925,73.18859022256127,500,-3.968179702758789
75.06,82.23916454017422,73.18532429399383,498,-3.960317373275757
75.09,82.22033192729857,73.18505586918157,499,-3.9495890140533447
75.12,82.19988549470729,73.19132911260998,501,-3.9347519874572754
75.15,82.18411142253915,73.20219411463107,498,-3.9146664142608643
75.18,82.17376841748694,73.22169359021058,499,-3.8886592388153076
75.21000000000001,82.1616230452344,73.2320166501669,498,-3.856501817703247
75.24,82.14947831636479,73.23913257852796,497,-3.818162202835083
75.27,82.13545897029212,73.24822916648812,507,-3.7736589908599854
75.3,82.11705134742978,73.25895754126465,502,-3.72301983833313
75.33,82.09932230652426,73.27302404505765,505,-3.666278600692749
75.36,82.08548107803776,73.28764568653462,501,-3.6034700870513916
75.39,82.0748876345811,73.31011208626651,501,-3.534635305404663
75.42,82.06491469620121,73.33289289739753,506,-3.4598186016082764
75.45,82.05032887343964,73.35490706330769,504,-3.3790690898895264
75.48,82.03784503468182,73.365952539256,501,-3.2924411296844482
75.51,82.02433219243338,73.36917791703213,503,-3.199993371963501
75.54,82.00931425133788,73.37918925280715,505,-3.1017909049987793
75.57000000000001,81.9923868607964,73.3909408704679,506,-2.9979045391082764
75.60000000000001,81.97873014049469,73.40570492613485,503,-2.8884105682373047
75.63,81.96387883627023,73.41119116751604,503,-2.77339243888855
75.66,81.94928294354791,73.41969364032076,509,-2.652939558029175
75.69,81.93685650378413,73.42486877389453,509,-2.527147054672241
75.72,81.92841441794262,73.41943046207294,505,-2.3961188793182373
75.75,81.92426026171263,73.41771400740556,508,-2.2599637508392334
75.78,81.91777110711422,73.40893506582694,507,-2.118741273880005
75.81,81.913851916543,73.39272398552671,507,-1.9598228931427002
75.84,81.91351841430266,73.36237003610637,502,-1.7549068927764893
75.87,81.92183890556163,73.33137705437575,503,-1.549611210823059
75.9,81.93196223389349,73.29437850290553,498,-1.3459863662719727
75.93,81.94112632595461,73.24528376766332,502,-1.1441439390182495
75.96000000000001,81.95398426846971,73.19302619206657,497,-0.9441999793052673
75.99,81.97266840334225,73.14344322870716,498,-0.7462761402130127
76.02,81.99377263981944,73.09145403944719,499,-0.5504995584487915
76.05,82.00930456130412,73.03210625327678,497,-0.35700100660324097
76.08,82.02571925006056,72.97263380125521,495,-0.16591450572013855
76.11,82.05133065739574,72.91035198814158,499,0.022623572498559952
76.14,82.07231160174102,72.84991392371236,501,0.20847520232200623
76.17,82.09740665550399,72.80070254716654,494,0.3915008008480072
76.2,82.12738728391818,72.76466067225942,496,0.5715598464012146
76.23,82.15233101014958,72.73087268542939,500,0.7485117316246033
76.26,82.17422187604463,72.69978226913145,503,0.9222163558006287
76.29,82.19678781931144,72.68046692480596,502,1.0925346612930298
76.32000000000001,82.22081499450577,72.66887204311932,501,1.2593297958374023
76.35000000000001,82.24863409093612,72.66435677259068,498,1.4224671125411987
76.38,82.27081865103133,72.65989652428375,499,1.5818147659301758
76.41,82.2951918615314,72.65877780804645,498,1.737244725227356
76.44,82.31796258311896,72.64883876816563,498,1.8887284994125366
76.47,82.33879709989482,72.63834714655525,497,2.051858425140381
76.5,82.35356709947625,72.64288748732393,497,2.256585121154785
76.53,82.36834618215264,72.66529099527038,495,2.4623851776123047
76.56,82.38567583793957,72.6945222197539,496,2.6677756309509277
76.59,82.40751186863712,72.72697293558977,497,2.872507095336914
76.62,82.43186216374383,72.76480165413574,505,3.0763282775878906
76.65,82.45375792253503,72.80329174465257,499,3.278984785079956
76.68,82.47128415057571,72.83871316381592,500,3.480219602584839
76.71000000000001,82.49360563402414,72.87199148211113,497,3.6797733306884766
76.74,82.51376226528016,72.90795840094066,496,3.877384901046753
76.77,82.52525584876756,72.94329730381992,497,4.037611484527588
76.8,82.53486974320715,72.9733449850764,496,4.1096696853637695
76.83,82.54062248080392,72.99796624673338,495,4.175694465637207
76.86,82.54715262425476,73.02094237670421,493,4.236824035644531
76.89,82.54835479366959,73.03446298711145,490,4.29296875
76.92,82.54556399958375,73.04489807774341,489,4.3440470695495605
76.95,82.53607480039828,73.03970668863217,491,4.389986038208008
76.98,82.52374608425228,73.03025732491736,495,4.430728912353516
77.01,82.5118618924145,73.01825386229054,497,4.4662275314331055
77.04,82.49951276313642,73.00632734754073,498,4.496446132659912
77.07000000000001,82.48432415326575,72.99548458344604,500,4.521357536315918
77.10000000000001,82.46764430613041,72.99214372889303,507,4.540946960449219
77.13,82.45382794326983,72.98437785202276,505,4.55521297454834
77.16,82.44085436230843,72.97451749988245,508,4.564162731170654
77.19,82.42942137346151,72.96440946083253,508,4.567815780639648
77.22,82.41669040572063,72.954172669475,506,4.5662007331848145
77.25,82.40798024480074,72.93462485033335,507,4.559357643127441
77.28,82.39927954930528,72.91395095775161,507,4.547331809997559
77.31,82.38854651346531,72.89635885905696,508,4.530179977416992
77.34,82.38146010263065,72.87713214037515,507,4.507966995239258
77.37,82.36994322309965,72.86479509019196,506,4.480766773223877
77.4,82.35400552776647,72.85522291745407,511,4.448658466339111
77.43,82.33853024298155,72.84676127985219,511,4.411726951599121
77.46000000000001,82.32109193233794,72.84357569604161,510,4.3700666427612305
77.49,82.31173099594658,72.84404444370813,510,4.323776721954346
77.52,82.3036075825317,72.8502049997978,515,4.272960662841797
77.55,82.28730212480966,72.86401679928883,516,4.217729091644287
77.58,82.26087837670025,72.87451215277531,519,4.158197402954102
77.61,82.2327781506193,72.87757171088286,517,4.094493389129639
77.64,82.20165123128336,72.87557053702375,514,4.028447151184082
77.67,82.16912468556615,72.87787654764354,513,3.9971389770507812
77.7,82.1317203980724,72.87594286420418,508,3.992267608642578
77.73,82.10069834241304,72.87934516110656,507,3.9893345832824707
77.76,82.07471284728412,72.89070032696168,502,3.9863357543945312
77.79,82.05268894171313,72.89718247373109,504,3.9830305576324463
77.82000000000001,82.03531225720707,72.89747088794623,502,3.979259967803955
77.85000000000001,82.01702729278989,72.89723199522072,496,3.974801540374756
77.88,81.99607401273467,72.89934248847852,499,3.969308853149414
77.91,81.97807165533527,72.89834806617274,495,3.9622347354888916
77.94,81.96758656431274,72.89567965226463,496,3.952755928039551
77.97,81.95918739862009,72.88930510032947,499,3.939788818359375
78.0,81.95048411446419,72.89237651722928,508,3.9222283363342285
78.03,81.94380002661721,72.89582259648479,511,3.8993051052093506
78.06,81.93871160804483,72.89033296027293,508,3.870690107345581
78.09,81.93070760270564,72.886277494189,505,3.8363118171691895
78.12,81.91681733244134,72.89361503915634,500,3.7961814403533936
78.15,81.90045345456333,72.90076410208113,502,3.750326156616211
78.18,81.88397549850785,72.89839528173354,503,3.6987810134887695
78.21000000000001,81.8672860464107,72.89912611889251,500,3.6415834426879883
78.24,81.85553232953639,72.90306323084555,508,3.5787763595581055
78.27,81.85165522892511,72.91208992652294,508,3.5104095935821533
78.3,81.85128729076725,72.91197200381873,510,3.436537504196167
78.33,81.84505442079127,72.91372880293224,508,3.357219696044922
78.36,81.84124236766532,72.91032069662526,501,3.2725226879119873
78.39,81.84749657084724,72.90499873554337,507,3.18251895904541
78.42,81.85563757833373,72.90288976248675,507,3.0872864723205566
78.45,81.86255186576857,72.89054201770868,506,2.9869110584259033
78.48,81.8751634879199,72.86831234538556,509,2.881484270095825
78.51,81.89245787841921,72.84945222045575,509,2.7711048126220703
78.54,81.91457862584893,72.84494965401106,505,2.6558775901794434
78.57000000000001,81.94493379567184,72.836872883168,508,2.535914897918701
78.60000000000001,81.98077902885852,72.82808378096927,507,2.4113354682922363
78.63,82.01672358466232,72.82346479106202,506,2.2822649478912354
78.66,82.04895361611578,72.81780479039509,508,2.148819923400879
78.69,82.08038115032407,72.79510120956469,509,2.0067484378814697
78.72,82.11561245438224,72.76901959262415,506,1.8162434101104736
78.75,82.15344345961964,72.73764976582426,505,1.618814468383789
78.78,82.19340490165239,72.70348718866826,501,1.4235326051712036
78.81,82.22669851230367,72.66709052160991,499,1.2305222749710083
78.84,82.2572191812575,72.6282047412711,503,1.0399049520492554
78.87,82.28462397326908,72.5857560798848,507,0.851806640625
78.9,82.31269975186878,72.55733911664524,505,0.6663568019866943
78.93,82.337895272051,72.53355059916963,509,0.4836879372596741
78.96000000000001,82.35916038517071,72.50567952998803,508,0.3039340376853943
78.99,82.37740492296057,72.47321597321725,507,0.1272299885749817
79.02,82.39202299413206,72.44515902317993,503,-0.0462893471121788
79.05,82.40159010728755,72.42323626103543,501,-0.21648971736431122
79.08,82.40930493730373,72.40647708168875,498,-0.3832382559776306
79.11,82.42582277753723,72.40341793236365,497,-0.5464038848876953
79.14,82.43795230044852,72.4068297767333,501,-0.7058581709861755
79.17,82.44856928393452,72.40520077702878,509,-0.8614757061004639
79.2,82.4544233918602,72.40171833488435,504,-1.013134479522705
79.23,82.4649677337302,72.40070983599158,504,-1.1607165336608887
79.26,82.47469438696022,72.39451725329037,509,-1.3041080236434937
79.29,82.47924688301832,72.39619336719915,511,-1.443198323249817
79.32000000000001,82.47935548717963,72.39750320326633,514,-1.577879786491394
79.35000000000001,82.47701278902628,72.39225879698154,508,-1.7080484628677368
79.38,82.48489001071152,72.38776483753131,506,-1.833619236946106
79.41,82.50120128942902,72.3925587474251,506,-1.9560030698776245
79.44,82.51681163430268,72.39041663632163,509,-2.109408378601074
79.47,82.53227159289787,72.38238313791467,514,-2.284050941467285
79.5,82.54316596771606,72.38829414096898,514,-2.457113742828369
79.53,82.55870651689828,72.39319504462875,509,-2.6282238960266113
79.56,82.57816877281529,72.40124320270132,513,-2.7971439361572266
79.59,82.59340107793687,72.4092811227657,517,-2.9636380672454834
79.62,82.60702607753463,72.42798233573028,517,-3.1274726390838623
79.65,82.61913541395857,72.46012262525646,524,-3.288417100906372
79.68,82.63560396883528,72.49252418290288,524,-3.4462411403656006
79.71000000000001,82.64966774124456,72.51997867920042,524,-3.6007187366485596
79.74,82.65867955685314,72.5573528062996,521,-3.7516262531280518
79.77,82.6614444612097,72.58741986676725,517,-3.8987410068511963
79.8,82.66420988167599,72.61496030866755,520,-4.017152309417725
79.83,82.66693259890899,72.65378495074833,523,-4.045286655426025
79.86,82.66346960474004,72.69804634229497,526,-4.060027599334717
79.89,82.66478361008312,72.74325375397424,530,-4.068636894226074
79.92,82.65857897982544,72.77972893966705,526,-4.071991920471191
79.95,82.64273070320178,72.80709324384397,526,-4.07032585144043
79.98,82.62610492998546,72.8312236170067,533,-4.063817024230957
80.01,82.60944036341256,72.84781487441644,529,-4.052860260009766
80.04,82.58885882667518,72.86347154671016,532,-4.0387773513793945
80.07000000000001,82.5702128204293,72.87588867404703,535,-4.025369167327881
80.10000000000001,82.54616460272048,72.89509681005852,526,-4.0169878005981445
80.13,82.52078421344054,72.91379774047918,519,-4.012496471405029
80.16,82.49110691375527,72.91874647162781,512,-4.009328365325928
80.19,82.45609514454478,72.91155867257585,513,-4.006558418273926
80.22,82.4217968753938,72.89789950064971,515,-4.003955364227295
80.25,82.39022408485997,72.87801358028773,516,-4.0014328956604
80.28,82.3612506165296,72.85783192248353,515,-3.9989354610443115
80.31,82.33441558669303,72.82855750203649,517,-3.9964146614074707
80.34,82.30941753124395,72.78990114990796,519,-3.993821382522583
80.37,82.28166612455364,72.74908911361017,517,-3.991100788116455
80.4,82.25647495056369,72.71656810659725,520,-3.9881839752197266
80.43,82.23315566301116,72.6775256890946,513,-3.9849793910980225
80.46000000000001,82.20729564397928,72.62668321686004,505,-3.981355905532837
80.49,82.18091232041631,72.57292347910463,505,-3.977116584777832
80.52,82.15469259687399,72.52606926481398,508,-3.971951484680176
80.55,82.12942844685841,72.48534449284242,508,-3.9653632640838623
80.58,82.10889454298137,72.44226297737043,515,-3.9565744400024414
80.61,82.08954463314554,72.41550175778211,515,-3.9444854259490967
80.64,82.06967148278423,72.38762451293088,513,-3.927854061126709
80.67,82.05217336194697,72.36198472022593,517,-3.905702829360962
80.7,82.02882075560781,72.34202392244916,519,-3.8775575160980225
80.73,82.00507688306703,72.34057034264484,521,-3.843292236328125
80.76,81.98146530619262,72.3453107169429,520,-3.8029048442840576
80.79,81.95380630606394,72.34748350279007,523,-3.756418228149414
80.82000000000001,81.92241334901288,72.35048144308765,522,-3.7038614749908447
80.85000000000001,81.88701363959358,72.35768948591469,522,-3.6452667713165283
80.88,81.85388673944477,72.3661883711475,519,-3.5806703567504883
80.91,81.8306969605589,72.37588137309258,519,-3.5101137161254883
80.94,81.81308278571278,72.38211677289662,519,-3.4336423873901367
80.97,81.79543002292533,72.38262516777041,518,-3.3513073921203613
81.0,81.78062482388252,72.38034471762475,519,-3.26316499710083
81.03,81.77083169722111,72.37349691457163,520,-3.1692771911621094
81.06,81.76737110243721,72.36536424170673,518,-3.0697124004364014
81.09,81.77028059523063,72.36026670078026,513,-2.9645442962646484
81.12,81.78262790198572,72.3625862704366,513,-2.853853702545166
81.15,81.80169642617427,72.36209801206658,513,-2.7377278804779053
81.18,81.81687846256887,72.35898322956011,515,-2.6162595748901367
81.21000000000001,81.82981432646159,72.3543766574723,517,-2.4895498752593994
81.24,81.84020593236394,72.35138228165324,516,-2.357706069946289
81.27,81.85782979593536,72.34170864426713,516,-2.2208411693573
81.3,81.88404911986603,72.32587744887581,510,-2.0787770748138428
81.33,81.91401959993651,72.29976874279122,509,-1.905400276184082
81.36,81.94060005377321,72.28331440958723,509,-1.7000970840454102
81.39,81.96997773612298,72.27187244776061,512,-1.4961897134780884
81.42,81.99554353817636,72.25986078737672,514,-1.2940421104431152
81.45,82.0232939476923,72.24073113691523,519,-1.0937663316726685
81.48,82.04906932365733,72.2222686658983,528,-0.8954803347587585
81.51,82.0693415099291,72.21706799919897,526,-0.6993074417114258
81.54,82.08598644404283,72.21813800150414,531,-0.5053756237030029
81.57000000000001,82.10264251789819,72.21373118802038,527,-0.31381717324256897
81.60000000000001,82.12724729256148,72.2035623400743,525,-0.12476753443479538
81.63,82.15619853863579,72.19996731180758,526,0.0616353303194046
81.66,82.1899180859486,72.2033122012636,523,0.24525192379951477
81.69,82.22784140140986,72.21373852898579,528,0.4259421229362488
81.72,82.26410307628308,72.21435667104595,532,0.6035659313201904
81.75,82.30072141476421,72.20901155704763,528,0.7779843807220459
81.78,82.33808979203452,72.20995167227532,525,0.9490599632263184
81.81,82.36637538485243,72.20346275255484,526,1.1166574954986572
81.84,82.38697772508839,72.17888390010933,527,1.2806442975997925
81.87,82.40814980994777,72.16256398093907,523,1.4408906698226929
81.9,82.43136070090911,72.1534105395094,526,1.597271203994751
81.93,82.4575301228456,72.13473232880662,528,1.749664068222046
81.96000000000001,82.49096728956117,72.11051119481577,527,1.8980908393859863
81.99,82.52127806400782,72.08529869998641,524,2.0607404708862305
82.02,82.5461018053377,72.06887903128727,521,2.262752056121826
82.05,82.56976710492938,72.05255692686693,523,2.4653451442718506
82.08,82.59453149020044,72.03992209672349,524,2.6673943996429443
82.11,82.61303784492559,72.03127787636076,522,2.868655204772949
82.14,82.63373489774031,72.03392836171213,517,3.068880081176758
82.17,82.65626796770403,72.04688888067085,519,3.2678189277648926
82.2,82.67254028706252,72.05923936196851,522,3.465219259262085
82.23,82.68385115677005,72.06897452147071,519,3.6608259677886963
82.26,82.69429533317289,72.0869922989208,519,3.8543813228607178
82.29,82.70747134926667,72.10592328603339,521,4.025119304656982
82.32000000000001,82.71918830744838,72.12342314044733,519,4.095228672027588
82.35000000000001,82.72501435712164,72.15456420385318,521,4.157373428344727
82.38,82.72914839529952,72.18810137191709,517,4.214629173278809
82.41,82.73258986007697,72.22375893621646,522,4.2669196128845215
82.44,82.73121288055772,72.25630143706955,522,4.3141703605651855
82.47,82.72692547387034,72.28901101523785,527,4.356320381164551
82.5,82.71426678084788,72.31675441260332,525,4.393317222595215
82.53,82.6958395541523,72.34862578447864,526,4.42512321472168
82.56,82.66759276600901,72.3893925118093,521,4.451714515686035
82.59,82.63839369596504,72.4330936809065,523,4.473077774047852
82.62,82.61114692470348,72.47751050033294,527,4.489211559295654
82.65,82.5827623162385,72.51317029872276,534,4.500125408172607
82.68,82.55472662838594,72.54407678249927,536,4.505838871002197
82.71000000000001,82.52472434017179,72.5660709720145,535,4.506382942199707
82.74,82.49524302821158,72.58343044486574,541,4.501795291900635
82.77,82.46627434238775,72.59442044204904,540,4.492121696472168
82.8,82.43954389697636,72.59539973418339,541,4.477417469024658
82.83,82.41475300205624,72.59229062042456,535,4.4577460289001465
82.86,82.39022784905588,72.57925835227921,530,4.433176517486572
82.89,82.36611349743326,72.54976229064121,533,4.403785228729248
82.92,82.35074659021707,72.50981290885748,526,4.369656562805176
82.95,82.33954213321675,72.46683454377293,527,4.330878257751465
82.98,82.33072098086464,72.430419367012,527,4.287546634674072
83.01,82.31805271184773,72.40167830020074,527,4.239761829376221
83.04,82.30233751344207,72.37614769006126,529,4.187631130218506
83.07000000000001,82.28929020753829,72.34594760708758,528,4.131265163421631
83.10000000000001,82.28373431263819,72.31580885545914,534,4.0708417892456055
83.13,82.28225146997846,72.28759603992752,535,4.013425827026367
83.16,82.28013463750935,72.26738020562503,526,3.996899366378784
83.19,82.27740788203442,72.25942910288818,525,3.9934563636779785
83.22,82.26898674746107,72.26351715076515,530,3.9907758235931396
83.25,82.2556797544665,72.263242611622,536,3.9879872798919678
83.28,82.22967040307525,72.26809747519425,537,3.984954833984375
83.31,82.19356075843353,72.28093124284939,537,3.9815633296966553
83.34,82.15120232310355,72.28428277449898,529,3.9776504039764404
83.37,82.10405196126331,72.28463964148895,523,3.972968816757202
83.4,82.05720128343857,72.27623758531671,522,3.967130184173584
83.43,82.0142379758281,72.26854484464818,517,3.9595320224761963
83.46000000000001,81.96795234165329,72.26385508411582,513,3.949296236038208
83.49,81.91921290581497,72.25645149330448,509,3.9353408813476562
83.52,81.87058827728332,72.2455303476154,510,3.916661024093628
83.55,81.82684889022659,72.22668450003592,518,3.8926377296447754
83.58,81.78937675714465,72.18723851900334,519,3.8630406856536865
83.61,81.7580233746107,72.13516954152759,519,3.8278348445892334
83.64,81.7313300485411,72.0748941829414,519,3.787038564682007
83.67,81.70947176938228,72.01011962120764,525,3.740683078765869
83.7,81.69380366509805,71.9468837640761,525,3.6888060569763184
83.73,81.68404741580386,71.90484999694762,524,3.6314477920532227
83.76,81.68299042643626,71.87713924942905,519,3.5686545372009277
83.79,81.6792824898937,71.84550378997781,518,3.5004782676696777
83.82000000000001,81.67554106479267,71.81353425210091,519,3.426975965499878
83.85000000000001,81.67023014009641,71.78841207962101,522,3.3482110500335693
83.88,81.66352816489996,71.76330800046415,524,3.2642505168914795
83.91,81.66122689108347,71.74022938493589,526,3.1751694679260254
83.94,81.66164816485012,71.72605062311618,525,3.081047534942627
83.97,81.67115045644653,71.71982311688453,521,2.981971263885498
84.0,81.6922660139886,71.71874236481707,520,2.878032684326172
84.03,81.71544569220474,71.7281955620873,519,2.7693302631378174
84.06,81.74260844958606,71.73068311023258,524,2.6559696197509766
84.09,81.7773923857737,71.72985962979098,523,2.53806209564209
84.12,81.81547261102268,71.7386369194822,528,2.4157280921936035
84.15,81.856997149724,71.75547765822341,522,2.289093255996704
84.18,81.91104379788453,71.77683978845785,527,2.1582791805267334
84.21000000000001,81.97310153211862,71.80167025292836,529,2.020524501800537
84.24,82.03507148255981,71.82416727440408,531,1.8363736867904663
84.27,82.09562175992174,71.83025309663428,537,1.6414999961853027
84.3,82.15255815321923,71.84128024996764,534,1.4488617181777954
84.33,82.21165683530057,71.853983244901,529,1.2585856914520264
84.36,82.26917200931544,71.86667172164088,530,1.0707844495773315
84.39,82.32658857634182,71.8720646976004,531,0.8855752944946289
84.42,82.37490569809216,71.86999141498795,536,0.7030789852142334
84.45,82.42108518364454,71.86218587995336,536,0.5234193801879883
84.48,82.46076059092834,71.84477123086461,539,0.34672191739082336
84.51,82.4909125991763,71.81800967535722,535,0.1731128990650177
84.54,82.51763863517051,71.78503258388385,531,0.0027184821665287018
84.57000000000001,82.54158668177091,71.76028703502374,526,-0.16433602571487427
84.60000000000001,82.56505827127212,71.73246563381842,529,-0.327926903963089
84.63,82.58105299341412,71.70511013212854,534,-0.48793211579322815
84.66,82.59285134252735,71.66018248927517,536,-0.6442314982414246
84.69,82.60569170065666,71.6192954871376,533,-0.7967069149017334
84.72,82.61952315607505,71.58386796481508,529,-0.9452425837516785
84.75,82.63412343334728,71.54974165425749,531,-1.0897254943847656
84.78,82.64420770634116,71.51425887436775,526,-1.2300463914871216
84.81,82.64832531538367,71.49530785096876,521,-1.3660988807678223
84.84,82.65361777041336,71.48784221887358,522,-1.4977812767028809
84.87,82.66417643452574,71.47987289504646,520,-1.6249957084655762
84.9,82.66953067197325,71.48242478055188,515,-1.7476497888565063
84.93,82.67296506677938,71.48901987404109,515,-1.8657114505767822
84.96000000000001,82.67314359168756,71.5059913760689,520,-1.983086109161377
84.99,82.67578093563674,71.51796823507709,520,-2.1389565467834473
85.02,82.67704925999504,71.52782426993282,528,-2.3065497875213623
85.05,82.67616672646666,71.53317384827625,533,-2.472280502319336
85.08,82.67330991743817,71.54439778735332,536,-2.635892391204834
85.11,82.66303634077943,71.57579437435074,538,-2.7971677780151367
85.14,82.65683524162945,71.60999144825726,539,-2.9558894634246826
85.17,82.65079962565403,71.64725832705398,539,-3.111842632293701
85.2,82.64241611372748,71.69497151959446,538,-3.2648138999938965
85.23,82.63180927584402,71.74484066576358,539,-3.414592981338501
85.26,82.624538133026,71.80020735936596,540,-3.560971975326538
85.29,82.60763121486026,71.85519966089264,537,-3.7037458419799805
85.32000000000001,82.58560915643415,71.9281375738737,542,-3.8427140712738037
85.35000000000001,82.56634408418199,71.99215162312291,542,-3.9766767024993896
85.38,82.55198584711525,72.04297697887921,539,-4.029513835906982
85.41,82.54269290044795,72.08070469261416,542,-4.041492938995361
85.44,82.53979295037317,72.11245717221644,542,-4.045498371124268
85.47,82.53912436592134,72.13383452215656,542,-4.044323921203613
85.5,82.53973924900454,72.14414440059066,547,-4.0392255783081055
85.53,82.54766214175768,72.15102594125153,544,-4.031820774078369
85.56,82.55703725623472,72.16081519214097,540,-4.024424076080322
85.59,82.56711740755688,72.16632332540958,536,-4.018745422363281
85.62,82.57094191764563,72.17145374907886,538,-4.014686107635498
85.65,82.57227459277887,72.17413712905237,539,-4.011484622955322
85.68,82.57231956370039,72.18419437866042,542,-4.008686542510986
85.71000000000001,82.56740762172267,72.18989275845121,542,-4.006099700927734
85.74,82.55947520802685,72.19010527400486,544,-4.00363302230835
85.77,82.54470653028812,72.19131781863253,543,-4.0012288093566895
85.8,82.52163126416842,72.18740840206638,540,-3.998840808868408
85.83,82.49530958761848,72.16455389681805,546,-3.996427536010742
85.86,82.46389904963637,72.14227780918941,543,-3.993946075439453
85.89,82.43242835939522,72.12702524310087,541,-3.9913485050201416
85.92,82.40077537088766,72.11678315620473,542,-3.988574981689453
85.95,82.36647520702316,72.09739149087119,542,-3.9855473041534424
85.98,82.33007522577235,72.07127955187629,539,-3.9821557998657227
86.01,82.29224579932882,72.04547478734075,534,-3.9782376289367676
86.04,82.25895759765807,72.01241130972011,531,-3.9735419750213623
86.07000000000001,82.22658642251014,71.97632505927875,531,-3.967672348022461
86.10000000000001,82.19475189049088,71.93877290304862,530,-3.9600043296813965
86.13,82.15751839299345,71.90914673917274,531,-3.9496188163757324
86.16,82.11915748909698,71.87889769452977,524,-3.9353690147399902
86.19,82.08153847232003,71.85058389957044,523,-3.9161901473999023
86.22,82.04712142571954,71.82324830140023,527,-3.891430616378784
86.25,82.0114560267857,71.78944610159954,530,-3.860856294631958
86.28,81.97689553464082,71.7519094217039,537,-3.8244309425354004
86.31,81.9520445883885,71.71194739190403,544,-3.7821731567382812
86.34,81.93110894552775,71.66454130427688,546,-3.734111785888672
86.37,81.90828010558094,71.61895980869512,548,-3.6802797317504883
86.4,81.88611098015433,71.57287388878866,544,-3.620713710784912
86.43,81.86890343571098,71.52408489775061,540,-3.5554544925689697
86.46000000000001,81.85506553898618,71.47317920555022,537,-3.484546184539795
86.49,81.84557693499957,71.42962228013398,542,-3.4080381393432617
86.52,81.8387124655375,71.394929159538,539,-3.325984001159668
86.55,81.83653561447836,71.36236978415184,530,-3.2384424209594727
86.58,81.84064288098051,71.32964737132541,530,-3.145477056503296
86.61,81.84835871279952,71.31848852064394,532,-3.0471572875976562
86.64,81.85588744398189,71.31106007896855,529,-2.9435572624206543
86.67,81.86341569320314,71.29568104669619,529,-2.8347582817077637
86.7,81.86564066703852,71.2851099893538,528,-2.7208454608917236
86.73,81.8650630014322,71.29231444131032,528,-2.601912498474121
86.76,81.86459993235749,71.30162213409359,528,-2.478058099746704
86.79,81.87277740603346,71.32036219918842,532,-2.3493881225585938
86.82000000000001,81.88981810959366,71.3379513983428,533,-2.216014862060547
86.85000000000001,81.90868353449856,71.35796779940995,532,-2.0777344703674316
86.88,81.9317073509112,71.36952829388146,532,-1.9087636470794678
86.91,81.9568119406776,71.3817593889606,534,-1.707777500152588
86.94,81.98113357328508,71.39994763436304,536,-1.508331060409546
86.97,82.00749275062711,71.40567710682643,540,-1.310821533203125
87.0,82.04274500980749,71.40553877636067,542,-1.1153560876846313
87.03,82.08070865422162,71.40381498812748,547,-0.9220466613769531
87.06,82.11915272379022,71.40416879079758,547,-0.7310104966163635
87.09,82.16013302873687,71.40608971643506,539,-0.5423679351806641
87.12,82.19781603541476,71.42106437518213,542,-0.35624226927757263
87.15,82.22974301108073,71.42658517463144,544,-0.1727585345506668
87.18,82.26617503594818,71.42525321701055,542,0.007956808432936668
87.21000000000001,82.30578006890262,71.42566278289806,541,0.18577586114406586
87.24,82.3425685243074,71.42537617403283,542,0.36057010293006897
87.27,82.37257955731457,71.41745989475768,545,0.5322111248970032
87.3,82.40059577258191,71.40507008517005,551,0.7005714178085327
87.33,82.42538959401472,71.38888436421668,550,0.8655247688293457
87.36,82.45027562346709,71.3645861207768,547,1.026946783065796
87.39,82.47220419979178,71.34628207507716,545,1.184715986251831
87.42,82.48865485405283,71.33777079052578,541,1.3387134075164795
87.45,82.50411156241066,71.32986328024843,543,1.4888232946395874
87.48,82.52086197835044,71.3276859583135,550,1.6349331140518188
87.51,82.53733955239724,71.31715910329717,547,1.7769354581832886
87.54,82.5509531901199,71.29887865583234,549,1.9150124788284302
87.57000000000001,82.56168285356016,71.28822879425522,548,2.071380615234375
87.60000000000001,82.57230891409145,71.29728035738454,539,2.2630343437194824
87.63,82.57486663074499,71.32523152086463,536,2.454587459564209
87.66,82.57915035572373,71.35101002540564,538,2.6452059745788574
87.69,82.58352933626634,71.36646103513665,536,2.8346526622772217
87.72,82.58411655444569,71.37615195472895,537,3.0226895809173584
87.75,82.58988860840793,71.37170020458375,534,3.2090771198272705
87.78,82.59495037073685,71.35668625388789,541,3.3935775756835938
87.81,82.59820506526077,71.35243980388448,542,3.575953483581543
87.84,82.60587289705859,71.35397974979686,542,3.7559690475463867
87.87,82.61350130632947,71.3704381056615,553,3.9333672523498535
87.9,82.61973988147031,71.39267181571782,552,4.045627593994141
87.93,82.62650366711188,71.42431046172516,547,4.095947742462158
87.96000000000001,82.63052075872831,71.4622944364028,548,4.140708923339844
87.99,82.63275539516614,71.49060132538956,546,4.180680751800537
88.02,82.63377980301004,71.51619819401783,543,4.215821743011475
88.05,82.63053518994084,71.54093345599662,547,4.246091365814209
88.08,82.62101576069915,71.56881970241847,552,4.271455764770508
88.11,82.60406104552033,71.59594420351381,563,4.291894912719727
88.14,82.58788987912327,71.62882786789477,560,4.30739688873291
88.17,82.57080965662814,71.66629510632566,557,4.3179612159729
88.2,82.5543892678842,71.69690881762207,559,4.3235979080200195
88.23,82.54127892755344,71.71755092052405,559,4.32432746887207
88.26,82.52901911301178,71.73119296407765,558,4.320180892944336
88.29,82.51669765581441,71.75018841671728,561,4.311198711395264
88.32000000000001,82.5012333586584,71.77081690708275,561,4.29742956161499
88.35000000000001,82.48030675512639,71.78413747768958,555,4.278931140899658
88.38,82.45958961503817,71.78028890639118,554,4.255766868591309
88.41,82.43830776660697,71.7645734394971,554,4.228011608123779
88.44,82.41695039746534,71.7499955887001,549,4.195743560791016
88.47,82.39806938023973,71.73710610237441,550,4.159050464630127
88.5,82.375981263241,71.71915638588395,547,4.118027210235596
88.53,82.35574674868208,71.70464719829896,546,4.072840690612793
88.56,82.33828236106476,71.6980074118643,552,4.026521682739258
88.59,82.3209236897637,71.70292752781113,549,4.004439830780029
88.62,82.30103703542646,71.7132574785054,555,4.00023889541626
88.65,82.28261774485287,71.72260345377931,555,3.997810125350952
88.68,82.26690460210347,71.73004731130159,559,3.9954700469970703
88.71000000000001,82.24653944010345,71.73015398118747,555,3.993072748184204
88.74,82.22802309750563,71.72314586002214,554,3.9905669689178467
88.77,82.21313096813877,71.7167582316189,547,3.987898349761963
88.8,82.19756481457279,71.71602249416698,545,3.9849953651428223
88.83,82.18398918724348,71.70959853242476,550,3.9817609786987305
88.86,82.1707908826596,71.70557168880251,551,3.9780526161193848
88.89,82.15730238425883,71.70568849641629,551,3.973656415939331
88.92,82.13605194595624,71.6878913096732,548,3.96824049949646
88.95,82.11275347927166,71.67345686380126,551,3.9612910747528076
88.98,82.08474844382765,71.66141814332492,551,3.952049493789673
89.01,82.06123749639194,71.65820013281217,546,3.9395370483398438
89.04,82.0373140925032,71.64694946693344,545,3.922762870788574
89.07000000000001,82.01594341817379,71.62482062471067,550,3.9010281562805176
89.10000000000001,81.99590996852503,71.5996273519616,544,3.874023675918579
89.13,81.97689233038243,71.57231712955863,545,3.841679096221924
89.16,81.95501238906907,71.53612830493049,548,3.804006576538086
89.19,81.93138567703343,71.48547478408061,546,3.761037588119507
89.22,81.90627534336359,71.43827004900305,545,3.71280837059021
89.25,81.8814571537379,71.40080603273537,543,3.659360885620117
89.28,81.86134737563951,71.35579968300334,546,3.600740909576416
89.31,81.83911613632138,71.30564275931755,541,3.536998987197876
89.34,81.8211941882681,71.25372490167275,543,3.468190908432007
89.37,81.8125741765159,71.20922744180884,540,3.394376754760742
89.4,81.81597337483188,71.15841135442005,538,3.3156230449676514
89.43,81.82313997922525,71.1048569860585,535,3.232001781463623
89.46000000000001,81.83088757677497,71.05410538961284,534,3.143589496612549
89.49,81.8397145184391,71.01120508336189,527,3.0504701137542725
89.52,81.84946905966952,70.96439717556454,534,2.9527337551116943
89.55,81.85537286199482,70.93149812789626,536,2.8504772186279297
89.58,81.8662116722237,70.90382086141909,539,2.743802785873413
89.61,81.88298276241986,70.86875784939825,544,2.632819175720215
89.64,81.90166434518879,70.83535915585561,543,2.517641067504883
89.67,81.92530227799081,70.80640905371821,541,2.3983888626098633
89.7,81.95202875153741,70.79107192828067,545,2.275188446044922
89.73,81.97709118329648,70.78358807745354,547,2.1481542587280273
89.76,82.00255601393253,70.793365366346,550,2.0136687755584717
89.79,82.0366631273689,70.81659371898306,549,1.832435131072998
89.82000000000001,82.07391086706652,70.8444853148955,545,1.6424446105957031
89.85000000000001,82.11770077718337,70.87087252755842,540,1.4548859596252441
89.88,82.15900561526524,70.89710397499897,544,1.2698737382888794
89.91,82.19819744168976,70.9258133758913,552,1.0875110626220703
89.94,82.2399078184011,70.95569862498188,553,0.9079071283340454
89.97,82.28167283184385,70.9730080230721,557,0.7311750054359436
90.0,82.32260996659454,70.98963941647105,556,0.5574310421943665
90.03,82.36050425874497,71.00035442345921,550,0.3867940604686737
90.06,82.40148341734206,70.99902984929304,550,0.219385027885437
90.09,82.44193360028326,70.98562663924045,553,0.0553264245390892
90.12,82.47398333240822,70.97405366675208,550,-0.10525842010974884
90.15,82.5032487628908,70.95601876513686,553,-0.2622460126876831
90.18,82.53193144484354,70.92605152880624,550,-0.41551342606544495
90.21000000000001,82.55438090757121,70.89117171676384,553,-0.5649389028549194
90.24,82.57255875955988,70.85747472980324,549,-0.7104023098945618
90.27,82.59272006847382,70.82660930296143,545,-0.8517856597900391
90.3,82.61874130277984,70.78758723288958,541,-0.9889747500419617
90.33,82.64759627717223,70.75113028026618,538,-1.1218599081039429
90.36,82.67939401981448,70.71778522211666,536,-1.250336766242981
90.39,82.70390861749344,70.69403807849044,538,-1.3743058443069458
90.42,82.72562937260577,70.67058715802409,536,-1.4936738014221191
90.45,82.74229647364713,70.6564190712477,538,-1.6083534955978394
90.48,82.75530193245649,70.64542361439044,536,-1.7182648181915283
90.51,82.76690128085733,70.63447631770951,539,-1.8233466148376465
90.54,82.78166512730994,70.62914298260307,548,-1.9240994453430176
90.57000000000001,82.7923117760277,70.63470319816054,550,-2.0371572971343994
90.60000000000001,82.79353572372557,70.66060268732923,548,-2.186431646347046
90.63,82.77941002837288,70.70421543316333,552,-2.3359293937683105
90.66,82.76509056185266,70.75929659140125,556,-2.482781171798706
90.69,82.75608126397854,70.81969807341773,551,-2.6267735958099365
90.72,82.74585533266323,70.87836136351511,559,-2.767700672149658
90.75,82.73241855946803,70.93988892570903,564,-2.9053547382354736
90.78,82.71590330167258,70.99954590547952,557,-3.0395305156707764
90.81,82.70365863171097,71.0532193443825,560,-3.170022964477539
90.84,82.69417193254891,71.10263517486308,557,-3.296630620956421
90.87,82.68454101666299,71.14580356585898,559,-3.419156789779663
90.9,82.673113491164,71.17914059961981,562,-3.537407159805298
90.93,82.66120235950025,71.19544293082824,561,-3.6511929035186768
90.96000000000001,82.64672061373321,71.20285879165058,562,-3.760329008102417
90.99,82.62669193860462,71.2152896164314,559,-3.8646352291107178
91.02,82.61412253864056,71.22009076173089,562,-3.9633774757385254
91.05,82.60575609762363,71.22864214902967,563,-4.009997367858887
91.08,82.5982363891925,71.23884650058719,568,-4.012146472930908
91.11,82.59339606807771,71.24632636424019,570,-4.009910583496094
91.14,82.590799511186,71.24113979779759,571,-4.007274150848389
91.17,82.58720113303762,71.23048984494862,566,-4.004698753356934
91.2,82.57523201891198,71.22878041546302,567,-4.002185821533203
91.23,82.56670680583315,71.22844259274807,568,-3.9996891021728516
91.26,82.55886669806975,71.2257701032157,568,-3.997164011001587
91.29,82.54727123649994,71.23920325292941,569,-3.9945623874664307
91.32000000000001,82.53120500605023,71.25792757066944,567,-3.991830348968506
91.35000000000001,82.51282993781366,71.26939375970389,563,-3.9888994693756104
91.38,82.49558037353556,71.28343208605035,567,-3.9856770038604736
91.41,82.47378880759928,71.29397299904129,566,-3.9820306301116943
91.44,82.44787972127453,71.31529985212212,569,-3.9777581691741943
91.47,82.42444236385867,71.34688816880212,562,-3.9725382328033447
91.5,82.40760935713409,71.39096531690168,564,-3.9658496379852295
91.53,82.39178861637161,71.43324383896301,560,-3.956862688064575
91.56,82.37468839775762,71.45467758129324,556,-3.9443886280059814
91.59,82.35701042299203,71.45845489434399,551,-3.9270787239074707
91.62,82.33850581839079,71.45462123140108,551,-3.9038822650909424
91.65,82.31821766708205,71.44346293386037,553,-3.874302387237549
91.68,82.29311683653705,71.42648773197477,555,-3.8382110595703125
91.71000000000001,82.26388474324386,71.40542912211639,551,-3.7956044673919678
91.74,82.23312342498146,71.37511797862878,548,-3.746504306793213
91.77,82.19339979447886,71.33913215142856,548,-3.6909427642822266
91.8,82.15151859358133,71.29952231861179,552,-3.6289587020874023
91.83,82.11325040711945,71.26242583379835,549,-3.5605995655059814
91.86,82.0851823563707,71.2190775839917,551,-3.4859209060668945
91.89,82.06038301343621,71.17265044469033,556,-3.404987096786499
91.92,82.04011482154688,71.13081348609285,558,-3.3178696632385254
91.95,82.02615096453353,71.08528651534233,555,-3.2246477603912354
91.98,82.01559901203245,71.03012829823933,554,-3.1254067420959473
92.01,82.00334868209826,70.97414793549868,554,-3.020240306854248
92.04,81.99961607975376,70.92499015597735,558,-2.909247398376465
92.07000000000001,82.00147794073084,70.8820376756705,562,-2.792534828186035
92.10000000000001,82.00111814734171,70.85461324460891,557,-2.670215368270874
92.13,81.99790327145936,70.84218846159598,556,-2.5424084663391113
92.16,81.99563081992713,70.83962710957798,557,-2.409240245819092
92.19,81.99734207724575,70.83692004638644,555,-2.270843982696533
92.22,82.0019601265492,70.8246020366725,557,-2.1273193359375
92.25,81.99959574221894,70.81128641934583,551,-1.968092679977417
92.28,81.99460714142457,70.79807846459178,553,-1.761168360710144
92.31,81.99364573995842,70.78820447191951,553,-1.5532963275909424
92.34,81.99034592004776,70.79081577708114,554,-1.347182035446167
92.37,81.9884927394245,70.80667269723034,554,-1.142958402633667
92.4,81.99164789381568,70.82139611779058,553,-0.9407639503479004
92.43,82.00156339728889,70.83217794946175,553,-0.7407423853874207
92.46000000000001,82.01980938278635,70.843579537147,556,-0.5430417656898499
92.49,82.03911207227995,70.83734780972402,562,-0.3478133976459503
92.52,82.05923507734911,70.82416477546941,563,-0.15521112084388733
92.55,82.08361964032548,70.80548616316679,564,0.034609630703926086
92.58,82.1090606535768,70.77454775615527,560,0.22149264812469482
92.61,82.13668601919984,70.73359996966371,557,0.4052814841270447
92.64,82.16380937444973,70.6964883167464,558,0.5858208537101746
92.67,82.19335825771677,70.67161576818677,558,0.762958288192749
92.7,82.21731747723375,70.64154716204486,561,0.9365447759628296
92.73,82.2367780587468,70.60251373011528,562,1.1064352989196777
92.76,82.25824506108593,70.55172063335243,563,1.272489070892334
92.79,82.28216476034859,70.50049257215764,561,1.4345695972442627
92.82000000000001,82.31220227065826,70.4544445164124,569,1.5925451517105103
92.85000000000001,82.34937628834379,70.41506488015236,567,1.7462890148162842
92.88,82.3897538847643,70.37073575048709,566,1.895804762840271
92.91,82.42618957553839,70.34572981688545,560,2.0586512088775635
92.94,82.45385219025249,70.32982075143246,558,2.2611351013183594
92.97,82.48115434729692,70.3246996330701,559,2.4640119075775146
93.0,82.50845675154787,70.30950536585405,557,2.6660640239715576
93.03,82.53466852496348,70.29860449993816,559,2.8670284748077393
93.06,82.56199374651592,70.28981251613557,564,3.0666370391845703
93.09,82.58979396764593,70.28500056261309,564,3.2646210193634033
93.12,82.6052294213031,70.28037281176613,564,3.460707902908325
93.15,82.61741448696665,70.28880129282585,567,3.6546249389648438
93.18,82.62263706960908,70.304491124174,569,3.846097469329834
93.21000000000001,82.62357298535689,70.31450884796217,570,4.019617557525635
93.24,82.62478145741092,70.32198415579576,569,4.088493347167969
93.27,82.6244212397465,70.33346121592128,573,4.1475605964660645
93.3,82.61957961579817,70.35651952063037,572,4.20139217376709
93.33,82.61019376317296,70.38664285797455,573,4.249927520751953
93.36,82.60036825673548,70.42160590205629,568,4.29309606552124
93.39,82.59206517183348,70.45176037492037,570,4.33083963394165
93.42,82.58164151018995,70.47250062846975,569,4.3631134033203125
93.45,82.57080504032416,70.49139318232244,563,4.389884948730469
93.48,82.56358436629993,70.51277688114757,564,4.4111328125
93.51,82.55914723957767,70.53745503534662,572,4.426845073699951
93.54,82.55794724118344,70.55168619783994,569,4.437023639678955
93.57000000000001,82.55595902219595,70.56774012054815,569,4.441678524017334
93.60000000000001,82.55420300060423,70.58489714151094,567,4.440829753875732
93.63,82.5501488211058,70.61623019304729,576,4.434505939483643
93.66,82.54119295469069,70.64777632195099,573,4.42274284362793
93.69,82.52693993483643,70.67716624024807,572,4.405584335327148
93.72,82.51815827020413,70.7091444930558,578,4.383081912994385
93.75,82.51030192424318,70.75070313337928,578,4.355292797088623
93.78,82.49988315077849,70.80223935921772,575,4.3222808837890625
93.81,82.48577611053538,70.8547470419352,575,4.284117698669434
93.84,82.4741011246811,70.89942659660494,573,4.240880489349365
93.87,82.46568485076065,70.94892378394864,577,4.192652225494385
93.9,82.45559140025402,70.99164309756318,576,4.139522075653076
93.93,82.43997156059005,71.01759777005566,577,4.081610679626465
93.96000000000001,82.42752870809048,71.03113704591053,572,4.022226810455322
93.99,82.41725304301983,71.04388902645906,573,3.998159885406494
94.02,82.40481294423448,71.06536140537044,578,3.9938037395477295
94.05,82.39502977462,71.08876542363126,579,3.9907569885253906
94.08,82.38402613476231,71.109257313123,579,3.987581491470337
94.11,82.37274515119125,71.12590243992626,574,3.984067916870117
94.14,82.35928037399587,71.1384568092572,571,3.9800374507904053
94.17,82.34290339495281,71.15117182546192,567,3.9752237796783447
94.2,82.32230200966438,71.16089426363833,565,3.969197988510132
94.23,82.2993983829463,71.16247288911168,566,3.961266279220581
94.26,82.27063061750027,71.16715709334295,564,3.9503729343414307
94.29,82.24066530118824,71.17151118523145,562,3.9351694583892822
94.32000000000001,82.2165635773609,71.17807728248415,567,3.914407253265381
94.35000000000001,82.19329820350677,71.17576232026516,567,3.8873565196990967
94.38,82.16866157825423,71.17520866624099,570,3.853780746459961
94.41,82.14305855505816,71.17454515044987,570,3.8136541843414307
94.44,82.11760098924866,71.1727284356849,573,3.7670035362243652
94.47,82.09673050041468,71.16296095270462,573,3.7138671875
94.5,82.08030270044377,71.16109817818031,571,3.6542892456054688
94.53,82.07535247122594,71.16114445216601,572,3.588320255279541
94.56,82.07028498298658,71.15282159945399,573,3.516019821166992
94.59,82.06638878813125,71.1442435496897,568,3.437453269958496
94.62,82.05896453509942,71.1370868362773,562,3.3526933193206787
94.65,82.05378904238566,71.12779518064005,560,3.2618203163146973
94.68,82.05191989508796,71.11654319449983,563,3.1649231910705566
94.71000000000001,82.05144170962534,71.1021207544532,564,3.0620980262756348
94.74,82.05302018834972,71.08369415768792,557,2.9534497261047363
94.77,82.04932201764363,71.05972271587521,563,2.8390910625457764
94.8,82.04344264235625,71.0234117023448,562,2.7191433906555176
94.83,82.03841159393347,70.97729584208705,563,2.593735933303833
94.86,82.03395769517952,70.93603053058006,563,2.463006019592285
94.89,82.03722755249278,70.9044824397021,557,2.327099561691284
94.92,82.04657297857366,70.8804918494638,559,2.1861674785614014
94.95,82.05547538315138,70.85936835483658,558,2.038996934890747
94.98,82.058670505173,70.82699584627885,562,1.8476983308792114
95.01,82.06336055414538,70.78373807712373,565,1.6401147842407227
95.04,82.07326716331666,70.73421368917445,566,1.4343870878219604
95.07000000000001,82.0858635178976,70.68213498680561,571,1.2306889295578003
95.10000000000001,82.09772861523332,70.6382356659588,575,1.0291712284088135
95.13,82.10933095899595,70.59572927882354,573,0.8299888372421265
95.16,82.1305840133963,70.55946965885317,573,0.6333011388778687
95.19,82.15818602065822,70.52877762032071,565,0.4392697513103485
95.22,82.18537361768973,70.50568747486619,564,0.24805821478366852
95.25,82.20933959023985,70.47871349529245,562,0.059830814599990845
95.28,82.2266733772143,70.44266483363481,564,-0.12524893879890442
95.31,82.2381010926176,70.4068713027054,565,-0.30701977014541626
95.34,82.25282859866407,70.38427408361311,572,-0.4853232502937317
95.37,82.26964490211037,70.37143405638386,579,-0.660003662109375
95.4,82.29475834951367,70.37063005619261,572,-0.8309080600738525
95.43,82.32151346246567,70.38113499846484,571,-0.9978861212730408
95.46000000000001,82.34074996450283,70.38376686719702,571,-1.1607906818389893
95.49,82.35844087381922,70.3785150116146,568,-1.3194767236709595
95.52,82.38114959831829,70.36368925069385,569,-1.4738025665283203
95.55,82.40961185290136,70.34981882750574,566,-1.6236295700073242
95.58,82.43661856495146,70.32990770691133,569,-1.7688238620758057
95.61,82.46854159892186,70.31186466573212,570,-1.9094817638397217
95.64,82.50240081769208,70.28761714086016,572,-2.0661463737487793
95.67,82.53024204573948,70.26050285599018,581,-2.2590396404266357
95.7,82.5527334391878,70.21840417471883,574,-2.4513752460479736
95.73,82.57000733423098,70.16953724956424,573,-2.6421446800231934
95.76,82.57918444747176,70.11922028760769,568,-2.8310766220092773
95.79,82.59119167241259,70.06937802950742,564,-3.0179007053375244
95.82000000000001,82.60443701473373,70.01573274964994,565,-3.202347993850708
95.85000000000001,82.61567659088571,69.95403899237327,564,-3.3841521739959717
95.88,82.62349421629378,69.89872814356643,561,-3.5630483627319336
95.91,82.62273238109016,69.84885864738126,566,-3.738774538040161
95.94,82.62402657378074,69.80919216493837,572,-3.911068916320801
95.97,82.62795606490046,69.78265725375215,573,-4.03467321395874
96.0,82.63876274727593,69.75642055020629,577,-4.079836368560791
96.03,82.65235519955309,69.74374072406128,575,-4.117491722106934
96.06,82.66923386985668,69.74422469244227,574,-4.149627208709717
96.09,82.68498875715075,69.75932362077725,578,-4.1762566566467285
96.12,82.69534476698315,69.77936360596262,576,-4.197348594665527
96.15,82.70458069601888,69.80188794119825,570,-4.212881565093994
96.18,82.71379723062925,69.8384162335048,565,-4.2228474617004395
96.21000000000001,82.7168702971209,69.87887476180272,568,-4.227250099182129
96.24000000000001,82.71778067364247,69.92022638690669,561,-4.2261061668396
96.27,82.72378206412502,69.96516940801018,567,-4.219438552856445
96.3,82.72941213926981,70.0084277292072,566,-4.207281112670898
96.33,82.73052243640211,70.05718862436868,563,-4.189675807952881
96.36,82.7320169778214,70.09831514519593,565,-4.166671276092529
96.39,82.72934419976113,70.13343891702206,561,-4.138324737548828
96.42,82.72747100232358,70.16767025990734,558,-4.104703903198242
96.45,82.72404898148406,70.19754671175642,562,-4.066011905670166
96.48,82.72140156862936,70.22140791093344,557,-4.025796413421631
96.51,82.71803743953839,70.23583962820192,558,-4.0061564445495605
96.54,82.71728727551857,70.24699116890939,567,-4.001623630523682
96.57000000000001,82.71739088962518,70.2735945914289,564,-3.998775005340576
96.60000000000001,82.71246192159255,70.30512199033042,564,-3.9960086345672607
96.63,82.7037520201398,70.33736902246143,563,-3.9931552410125732
96.66,82.68957291855386,70.37197935393309,560,-3.990133762359619
96.69,82.67190867886555,70.40703901169839,560,-3.986847400665283
96.72,82.6548390240411,70.4455781974117,559,-3.9831619262695312
96.75,82.63269696006434,70.47778548886306,564,-3.9788756370544434
96.78,82.6081140699366,70.50740281432681,566,-3.9736692905426025
96.81,82.57721659443706,70.5436385545952,573,-3.967020273208618
96.84,82.5448390600583,70.58910668614246,571,-3.958085298538208
96.87,82.51082927017029,70.62578986645693,570,-3.9456257820129395
96.9,82.47581738680422,70.66077123293331,571,-3.9281961917877197
96.93,82.44690805279443,70.69920583266982,572,-3.9046430587768555
96.96000000000001,82.42401661001263,70.7348154228428,578,-3.874413013458252
96.99000000000001,82.40354720625822,70.76108069778745,580,-3.8373591899871826
97.02,82.38284733219938,70.78387151518181,576,-3.7934679985046387
97.05,82.36219521893644,70.80407266371449,575,-3.7427518367767334
97.08,82.33979903234315,70.80656970177435,574,-3.685229539871216
97.11,82.31767184605334,70.80086082299097,573,-3.620926856994629
97.14,82.30264819627992,70.79163044748545,578,-3.5498757362365723
97.17,82.28985442665578,70.78788585022556,580,-3.472116231918335
97.2,82.27614107876306,70.77911313960448,578,-3.3876969814300537
97.23,82.26267724132934,70.7590183917931,575,-3.2966744899749756
97.26,82.25627685116177,70.72450170270476,576,-3.199113607406616
97.29,82.2497283224724,70.68464940815221,572,-3.095088481903076
97.32000000000001,82.24375685172649,70.65019604095477,570,-2.9846808910369873
97.35000000000001,82.23712032597275,70.61960934058213,570,-2.86798095703125
97.38,82.2314034853337,70.58404851411365,573,-2.745086908340454
97.41,82.22517380806474,70.55489829485124,575,-2.6161036491394043
97.44,82.22033009505493,70.53584317294295,575,-2.481144905090332
97.47,82.22573093196426,70.51603445127272,576,-2.340331792831421
97.5,82.2290436857331,70.49438708679044,578,-2.1937906742095947
97.53,82.22540073969662,70.4722981563548,578,-2.0404231548309326
97.56,82.22057466824793,70.45010370931887,581,-1.8419808149337769
97.59,82.21771020586539,70.42636084271042,576,-1.6267883777618408
97.62,82.22084481012946,70.4185263446493,580,-1.4128848314285278
97.65,82.22822428564176,70.41309813969266,580,-1.20042884349823
97.68,82.23644103840914,70.40878798384212,576,-0.9895626306533813
97.71000000000001,82.24989663821489,70.40321946821804,571,-0.7804346680641174
97.74000000000001,82.26271056300978,70.38787361143794,566,-0.5731983780860901
97.77,82.27507826438558,70.36641189387959,575,-0.368011474609375
97.8,82.28640257735533,70.3481240046424,574,-0.16503506898880005
97.83,82.2915260778794,70.32343515154399,569,0.035566605627536774
97.86,82.29315457083904,70.299139027553,571,0.23362722992897034
97.89,82.29147406952124,70.27656965659517,571,0.4289792776107788
97.92,82.28805338049051,70.25930586528615,572,0.6214544177055359
97.95,82.29002241542834,70.24274314985574,574,0.8108846545219421
97.98,82.29016234386303,70.22587963004256,575,0.9971022605895996
98.01,82.28991258718266,70.2216268138833,574,1.179941177368164
98.04,82.29001085406068,70.21619195090662,579,1.3592363595962524
98.07000000000001,82.29255674791524,70.20344705171786,580,1.534826397895813
98.10000000000001,82.29540068926919,70.19031634888191,585,1.7065536975860596
98.13,82.30056789684593,70.16545169183208,584,1.8743151426315308
98.16,82.30739101309797,70.14598356867216,591,2.0524158477783203
98.19,82.31684054827585,70.1352147262724,594,2.2738072872161865
98.22,82.3264656697963,70.12212807689728,588,2.4966225624084473
98.25,82.33636857302142,70.11794829337903,592,2.7194395065307617
98.28,82.34920389624638,70.11312269218244,593,2.9419803619384766
98.31,82.36024502435977,70.09759438253394,589,3.1639630794525146
98.34,82.37845320732976,70.066898757898,585,3.385103940963745
98.37,82.39997349421658,70.03333505134908,585,3.605117082595825
98.4,82.42180044416125,69.99041288446246,582,3.8237123489379883
98.43,82.44338804783621,69.94744196011378,579,4.025079727172852
98.46000000000001,82.46281430279514,69.92366845164811,575,4.120482444763184
98.49000000000001,82.47967650550672,69.89651756694606,571,4.208263397216797
98.52,82.49602125584052,69.86727318693686,571,4.290903568267822
98.55,82.50680262644116,69.837502770659,573,4.368288516998291
98.58,82.52611201343454,69.8057739248132,578,4.440314292907715
98.61,82.54157514747651,69.77392232642552,583,4.5068888664245605
98.64,82.55115139703304,69.7415716202667,580,4.567932605743408
98.67,82.56040904484719,69.71195544759898,582,4.623377799987793
98.7,82.57186502901729,69.67206380300053,580,4.6731648445129395
98.73,82.57707958483068,69.63975003016141,581,4.71724796295166
98.76,82.58355244125983,69.62176312194018,578,4.755591869354248
98.79,82.59163418814452,69.59792679418047,579,4.788168430328369
98.82000000000001,82.59852956141195,69.58104294114682,577,4.814960956573486
98.85000000000001,82.60724808396866,69.57091770005528,578,4.835963726043701
98.88,82.60888517254375,69.55886907812004,579,4.8511810302734375
98.91,82.60783657803188,69.5484584850438,575,4.860626220703125
98.94,82.59622296662926,69.53720662821655,578,4.864321231842041
98.97,82.58094485987058,69.52823598021601,575,4.8622965812683105
99.0,82.56492935885838,69.52306675129175,579,4.8545918464660645
99.03,82.55195592474412,69.51201184901592,580,4.841251850128174
99.06,82.54006282460675,69.50815487801972,579,4.822332382202148
99.09,82.53474090945033,69.51501444782966,578,4.7978949546813965
99.12,82.53054743071775,69.53616325793833,577,4.768009662628174
99.15,82.5217385801682,69.5658391903009,574,4.732751846313477
99.18,82.50649778961224,69.58874382771845,570,4.692205429077148
99.21000000000001,82.49609327557299,69.6153173957149,571,4.64646053314209
99.24000000000001,82.4856349206869,69.64292809021612,574,4.595612049102783
99.27,82.47676144589295,69.68143324571632,579,4.539762496948242
99.3,82.46769928183139,69.74087243565641,585,4.47901725769043
99.33,82.4583014366649,69.80045937096143,584,4.413488388061523
99.36,82.4545200723344,69.85586522582366,579,4.343291282653809
99.39,82.45125809210161,69.90815710460495,579,4.268546104431152
99.42,82.44570025306128,69.96195863354814,585,4.189373970031738
99.45,82.43525813552785,70.02089932483202,595,4.105903625488281
99.48,82.42445916539728,70.08941908804397,586,4.0205888748168945
99.51,82.42020808350163,70.15254600223723,584,3.9880034923553467
99.54,82.40794848956897,70.21145014550414,578,3.981527090072632
99.57000000000001,82.38862661379245,70.26609228135871,584,3.976489305496216
99.60000000000001,82.36776845687201,70.3088011959083,586,3.9706473350524902
99.63,82.3446392824988,70.34158708708559,594,3.963122844696045
99.66,82.32416443432193,70.36827804140692,589,3.9528849124908447
99.69,82.30938517830688,70.38550104416674,585,3.9386024475097656
99.72,82.29781239612664,70.3926552971549,581,3.9189538955688477
99.75,82.28761283471798,70.40230427323232,585,3.8930892944335938
99.78,82.26834071900538,70.41708265120957,585,3.860694646835327
99.81,82.24868525565448,70.42777479705912,583,3.821723699569702
99.84,82.23345916917616,70.4289547241452,581,3.776198148727417
99.87,82.22128953266763,70.42300641871897,584,3.724154472351074
99.9,82.20911964426158,70.41568395625285,578,3.665635824203491
99.93,82.19638337515855,70.41036566314263,580,3.6006906032562256
99.96000000000001,82.1862588631315,70.40375025159099,578,3.529374122619629
99.99000000000001,82.18153902776062,70.40869961833133,580,3.4517486095428467
100.02,82.17439771931274,70.42376447598213,583,3.367882251739502
100.05,82.17101953380998,70.43734937006919,585,3.2778501510620117
100.08,82.16171529976174,70.44783321883192,583,3.181734085083008
100.11,82.15361922331424,70.45874635214642,583,3.0796244144439697
100.14,82.15205211538316,70.47058851419797,583,2.971618175506592
100.17,82.1569468325614,70.48083619202627,581,2.8578200340270996
100.2,82.16467168885124,70.48347294801417,579,2.738342523574829
100.23,82.17171602555207,70.47455506807093,579,2.6133065223693848
100.26,82.18392472790309,70.46012940531487,581,2.4828410148620605
100.29,82.20122153829273,70.4330045025604,582,2.347083330154419
100.32000000000001,82.2234888469583,70.39594384320644,580,2.2061767578125
100.35000000000001,82.24607784667992,70.34846439835152,582,2.059652090072632
100.38,82.26421707964072,70.30182352380015,578,1.8747528791427612
100.41,82.28163942204208,70.25590949395703,576,1.6660162210464478
100.44,82.29712097010115,70.2119570346334,571,1.4589619636535645
100.47,82.31193424738925,70.16743379313894,572,1.2538127899169922
100.5,82.32302776725697,70.11733006902935,571,1.0507179498672485
100.53,82.33194899857575,70.0648873338811,573,0.8498323559761047
100.56,82.34164208127862,70.01986212459528,576,0.6513158082962036
100.59,82.34682154833192,69.97993685642828,581,0.45533132553100586
100.62,82.3508036747051,69.95030945580753,582,0.262043297290802
100.65,82.3528815247521,69.93032011230243,581,0.0716155469417572
100.68,82.3527894543716,69.90665691650668,587,-0.11578912287950516
100.71000000000001,82.3465061787727,69.88467370267186,586,-0.30000975728034973
100.74000000000001,82.33697873646396,69.88348562006273,587,-0.48088768124580383
100.77,82.33201720240483,69.88680925008882,586,-0.6582669019699097
100.8,82.33523955949657,69.88206322917057,581,-0.8319942951202393
100.83,82.3433919972549,69.87525840658029,583,-1.0019193887710571
100.86,82.35103777949261,69.87336912709728,582,-1.167894959449768
100.89,82.36196622291479,69.87196122884441,584,-1.3297771215438843
100.92,82.37307742686033,69.8756752111738,585,-1.4874253273010254
100.95,82.38466808121072,69.88664454419104,591,-1.6407029628753662
100.98,82.39552727470388,69.88296056185727,590,-1.7894806861877441
101.01,82.40853696815867,69.87504486752657,588,-1.934188961982727
101.04,82.42717316110712,69.87730851464379,586,-2.105501413345337
101.07000000000001,82.44679017457932,69.89497585275313,583,-2.3039016723632812
101.10000000000001,82.46942867613183,69.90486579915468,589,-2.501433849334717
101.13,82.49201806210822,69.8936340813315,590,-2.697690010070801
101.16,82.51090400733666,69.87613761344112,592,-2.8924033641815186
101.19,82.53456540643454,69.86825157105098,591,-3.0853054523468018
101.22,82.56329183179042,69.85900810714953,586,-3.276125907897949
101.25,82.59631535662339,69.84166023626523,583,-3.4645931720733643
101.28,82.62621955748776,69.82421185045793,580,-3.6504335403442383
101.31,82.646892943457,69.7964980228656,578,-3.8333733081817627
101.34,82.66450100878751,69.7714705837729,583,-4.006536483764648
101.37,82.67790392676675,69.73540867183654,582,-4.072244644165039
101.4,82.68549119311967,69.6911982024812,583,-4.122102737426758
101.43,82.68758552888909,69.64748413048001,585,-4.166476726531982
101.46000000000001,82.69285992896802,69.61933943693762,589,-4.2053914070129395
101.49000000000001,82.70012957523339,69.59438891629614,597,-4.238786220550537
101.52,82.70243010913738,69.57224119155728,602,-4.266615867614746
101.55,82.70555430421675,69.54426883922402,603,-4.288847923278809
101.58,82.70622364021096,69.52159324184956,597,-4.3054609298706055
101.61,82.70129018726632,69.50353709774423,600,-4.316448211669922
101.64,82.69723300359968,69.49349999521519,604,-4.3218159675598145
101.67,82.68453153198968,69.49363980792569,597,-4.321579456329346
101.7,82.66768684629606,69.49050840243062,587,-4.315765380859375
101.73,82.65193802130379,69.48573380539317,591,-4.304410934448242
101.76,82.6408336677042,69.48324429409394,592,-4.287562370300293
101.79,82.6326607915246,69.48057336070126,590,-4.2652764320373535
101.82000000000001,82.6230565611493,69.47733173074906,592,-4.237617015838623
101.85000000000001,82.61677864053588,69.47196965679771,593,-4.204653739929199
101.88,82.61847285726009,69.48325754499355,591,-4.166463851928711
101.91,82.62240458548513,69.49100869630169,589,-4.123129844665527
101.94,82.62651784117433,69.49907124469551,589,-4.074794769287109
101.97,82.62941668120862,69.5143359028232,589,-4.024689197540283
102.0,82.63526507869314,69.54278835431286,581,-4.0020952224731445
102.03,82.639991901708,69.56789662091397,587,-3.9976966381073
102.06,82.64066491674457,69.59258029666809,584,-3.994807481765747
102.09,82.6320259786484,69.60980594614249,577,-3.9918954372406006
102.12,82.6165909806481,69.62470779116826,575,-3.988787889480591
102.15,82.59496752771206,69.65221714884704,568,-3.985369920730591
102.18,82.57487368795373,69.67845956613556,569,-3.981485366821289
102.21000000000001,82.5540982318049,69.69687283653982,569,-3.976895570755005
102.24000000000001,82.53392159933367,69.71203265654567,565,-3.9712183475494385
102.27,82.5172811028199,69.7269749736214,559,-3.963826894760132
102.3,82.5007701296943,69.74104143640844,559,-3.953735113143921
102.33,82.48228616177704,69.7592830133046,556,-3.9395978450775146
102.36,82.46745292277987,69.77953628927469,554,-3.9200327396392822
102.39,82.45319789277771,69.78949299124517,556,-3.894120454788208
102.42,82.43569130778228,69.79607573228931,559,-3.8615031242370605
102.45,82.4206053627425,69.80432571535111,569,-3.822108268737793
102.48,82.40565370572028,69.80586501458195,564,-3.7759361267089844
102.51,82.3963655540401,69.8055772523182,572,-3.72300124168396
102.54,82.38369629624472,69.80427035147267,572,-3.6633245944976807
102.57000000000001,82.3726609635165,69.80442994839689,574,-3.596932888031006
102.60000000000001,82.36394577792615,69.81433485971719,576,-3.5238590240478516
102.63,82.35150697534777,69.83235821288324,582,-3.444143056869507
102.66,82.3393325155363,69.85642884415313,584,-3.357832193374634
102.69,82.32922787296825,69.8792968995731,588,-3.264981985092163
102.72,82.32166243965038,69.88797868867005,594,-3.1656558513641357
102.75,82.3152949036936,69.90314581748409,596,-3.0599260330200195
102.78,82.31553058543832,69.91228984460282,595,-2.947870969772339
102.81,82.32202592024612,69.91396718178322,594,-2.8295795917510986
102.84,82.33436584799225,69.91823190595349,594,-2.705148696899414
102.87,82.35100890530099,69.9269625093457,597,-2.5746819972991943
102.9,82.37027776472686,69.93092655055936,606,-2.4382917881011963
102.93,82.39162608839115,69.9201182590655,598,-2.2960968017578125
102.96000000000001,82.4112556998401,69.89355230675419,594,-2.148209571838379
102.99000000000001,82.43563655091067,69.86709302893692,592,-1.988228440284729
103.02,82.45531548094861,69.84708561272188,591,-1.7774490118026733
103.05,82.47144190352412,69.83105549288139,593,-1.5629663467407227
103.08,82.48446325050149,69.81487713359436,595,-1.3498194217681885
103.11,82.49434068046844,69.8027667290037,593,-1.138145923614502
103.14,82.5038756866318,69.78830565693534,586,-0.9280881285667419
103.17,82.51151917267116,69.77451208637927,585,-0.7197933197021484
103.2,82.52156069525613,69.75612011966501,581,-0.513412594795227
103.23,82.5263056227503,69.74452771475708,579,-0.30910083651542664
103.26,82.52489632194363,69.74222167597155,573,-0.10701572895050049
103.29,82.52145649553854,69.74192735342103,578,0.0926828607916832
103.32000000000001,82.51677519429299,69.74619899883963,575,0.28983330726623535
103.35000000000001,82.50893776050782,69.74677982174369,574,0.48427245020866394
103.38,82.49641790415549,69.73759597691297,585,0.6758365035057068
103.41,82.48868999220407,69.72010466845742,585,0.8643619418144226
103.44,82.48076236063909,69.71049265016006,588,1.0496854782104492
103.47,82.47122143680375,69.70060079573996,592,1.2316453456878662
103.5,82.46253926526234,69.68460647514279,594,1.410082459449768
103.53,82.4583732074987,69.66802684621803,587,1.5848424434661865
103.56,82.4607784221431,69.65508872632759,583,1.7557753324508667
103.59,82.46359581721325,69.63991892237398,584,1.9230420589447021
103.62,82.46849947694272,69.62925743390568,583,2.117286443710327
103.65,82.48219995750891,69.62085797925177,584,2.3405184745788574
103.68,82.4987033716272,69.6207925456568,583,2.564145088195801
103.71000000000001,82.51167049458152,69.62871784914765,583,2.7878119945526123
103.74000000000001,82.52395211162896,69.62837806845405,582,3.011244297027588
103.77,82.53852856209447,69.61365951149085,589,3.2341628074645996
103.8,82.55661500204307,69.59864267808786,596,3.4562840461730957
103.83,82.56822719524972,69.59631760287633,599,3.6773219108581543
103.86,82.56715250889472,69.60542383399272,596,3.8969874382019043
103.89,82.56609678399755,69.60777377261255,592,4.060537338256836
103.92,82.5681795571172,69.59905125226602,599,4.153674602508545
103.95,82.57679047654622,69.58176883107816,599,4.241687774658203
103.98,82.5825764963953,69.56606430047368,598,4.3246307373046875
104.01,82.5892408267003,69.54361161021082,603,4.402398109436035
104.04,82.59745044868569,69.51744463385624,600,4.474897861480713
104.07000000000001,82.61170172110874,69.50960672877216,604,4.542048931121826
104.10000000000001,82.63114335118662,69.51130955596281,601,4.6037821769714355
104.13,82.65787203959661,69.52844234006226,598,4.660039901733398
104.16,82.6791302818454,69.55027578555261,595,4.710771083831787
104.19,82.69822599617959,69.56824580071597,591,4.755934715270996
104.22,82.7128620329172,69.59996011186968,591,4.795502185821533
104.25,82.7237089694923,69.63459960671364,589,4.8294501304626465
104.28,82.72715829719154,69.66328279856991,585,4.857766151428223
104.31,82.73322488275649,69.680229242238,593,4.880444526672363
104.34,82.73653390778745,69.68827426615256,592,4.897486686706543
104.37,82.73738297104534,69.68762670220573,593,4.908899784088135
104.4,82.73319499983499,69.67337366166659,594,4.914700508117676
104.43,82.72991426175874,69.65723868369054,593,4.914907932281494
104.46000000000001,82.7280724989627,69.64793836361866,595,4.909551620483398
104.49000000000001,82.72536538260891,69.63091949327215,596,4.898666858673096
104.52,82.7297499640366,69.60555338985397,596,4.882298469543457
104.55,82.73098520188549,69.5711209804179,590,4.860498428344727
104.58,82.72824202891752,69.52699389297857,593,4.833325386047363
104.61,82.71566412128334,69.48857343103211,590,4.800846099853516
104.64,82.70235888753737,69.44857223659706,587,4.763136863708496
104.67,82.68836993616267,69.41006329460753,588,4.720278739929199
104.7,82.66929125315126,69.3705013996645,588,4.672359943389893
104.73,82.64660053313837,69.33387180611246,589,4.619476795196533
104.76,82.61747379485274,69.30339906151498,586,4.561729907989502
104.79,82.59222946221593,69.2766030379299,587,4.499227523803711
104.82000000000001,82.56236743000977,69.24968112171624,584,4.432083606719971
104.85000000000001,82.53064653714982,69.22274331616875,578,4.360415458679199
104.88,82.50128025217838,69.20592833771076,574,4.2843451499938965
104.91,82.47461650339942,69.18947095557112,569,4.203999042510986
104.94,82.44465612462389,69.1602467353795,574,4.119506359100342
104.97,82.41881154948199,69.13832344282679,572,4.03188943862915
105.0,82.3986968341956,69.12871642832198,576,3.9890427589416504
105.03,82.38568366084297,69.12558229452712,575,3.981597423553467
105.06,82.37303545335851,69.12555141486739,574,3.9764890670776367
105.09,82.36659533934028,69.13732152098932,585,3.970731258392334
105.12,82.36681024111208,69.16539783293753,590,3.9633877277374268
105.15,82.36568161308018,69.20490746620392,589,3.9534659385681152
105.18,82.3595902597756,69.25159376183505,591,3.939697504043579
105.21000000000001,82.35281285041279,69.29780732335331,589,3.9207990169525146
105.24000000000001,82.34361323604651,69.34768934217226,586,3.8959109783172607
105.27,82.33536685844777,69.39669461718567,593,3.864699363708496
105.3,82.3240684567454,69.4513360568526,597,3.8271055221557617
105.33,82.31050563517617,69.4976068034419,594,3.783146619796753
105.36,82.3001131514914,69.52923936608764,600,3.7328553199768066
105.39,82.29273008465451,69.56770650716055,600,3.67626953125
105.42,82.2904607216112,69.60447040161341,603,3.613433599472046
105.45,82.28401949718163,69.64175768187742,606,3.544398546218872
105.48,82.27792077435689,69.67409464715459,609,3.4692208766937256
105.51,82.27768665771353,69.7046676031045,605,3.387964963912964
105.54,82.2891617000216,69.7336557986754,608,3.3007009029388428
105.57000000000001,82.30394821408838,69.76391811361155,607,3.207505226135254
105.60000000000001,82.32103792467007,69.79049243017633,607,3.1084630489349365
105.63,82.34234511667219,69.8034898580542,606,3.0036656856536865
105.66,82.36908361961902,69.80624208634377,608,2.8932132720947266
105.69,82.3965082501947,69.81901917062203,613,2.7772130966186523
105.72,82.42189566286767,69.8212538812146,609,2.6557812690734863
105.75,82.44732045526641,69.81633118408399,606,2.5290415287017822
105.78,82.46948721899993,69.80125529107558,594,2.397125720977783
105.81,82.4896688147384,69.76546779031914,592,2.260174036026001
105.84,82.50708506357168,69.7339438087225,591,2.118277072906494
105.87,82.51775357349446,69.71464072187835,593,1.9585907459259033
105.9,82.52261240035615,69.69627009797463,587,1.75330650806427
105.93,82.53032159494683,69.66791551026972,584,1.5479607582092285
105.96000000000001,82.53901572652246,69.63891896363619,582,1.3445472717285156
105.99000000000001,82.55163111345576,69.61416990554153,586,1.143206238746643
106.02,82.56335385721096,69.5898015827281,581,0.9440829753875732
106.05,82.57341346299593,69.56584795758513,581,0.7473268508911133
106.08,82.58214009353803,69.53721072387738,586,0.5530887246131897
106.11,82.58799860490804,69.5097078919768,583,0.361520916223526
106.14,82.59162681206602,69.48015062819468,581,0.17277610301971436
106.17,82.59082665367188,69.45534234796402,581,-0.012993620708584785
106.2,82.58859460217137,69.44113571376761,584,-0.19563651084899902
106.23,82.58626079844574,69.42750297334749,588,-0.3750016987323761
106.26,82.58793832800255,69.405594910437,595,-0.5509400963783264
106.29,82.58913654178075,69.39062018155992,593,-0.7233043313026428
106.32000000000001,82.58240953717574,69.3803243326314,599,-0.8919497728347778
106.35000000000001,82.5785319031748,69.36510613857531,598,-1.0567348003387451
106.38,82.5709069350883,69.35530386939138,606,-1.217521071434021
106.41,82.56145506903482,69.35287188111708,598,-1.3741745948791504
106.44,82.55703408285082,69.34991987179825,597,-1.5265660285949707
106.47,82.56075291732584,69.35290060683661,593,-1.674572467803955
106.5,82.56443872078395,69.35621524981003,590,-1.818084478378296
106.53,82.5673378725539,69.36098634075056,586,-1.9583967924118042
106.56,82.56889961750014,69.37556268322786,588,-2.1333658695220947
106.59,82.57172067783789,69.39128712526697,586,-2.327164888381958
106.62,82.57695713166908,69.40999263335578,590,-2.5199055671691895
106.65,82.58351066367628,69.42657895770108,592,-2.7112951278686523
106.68,82.59160597918665,69.44062439152798,592,-2.901082992553711
106.71000000000001,82.59782457271214,69.45607268707779,597,-3.089017629623413
106.74000000000001,82.60680582243049,69.47169543704388,597,-3.274846315383911
106.77,82.61657720050603,69.4836422142062,598,-3.4583139419555664
106.8,82.62610180183383,69.50251553570361,592,-3.6391642093658447
106.83,82.6406459767313,69.5202897633147,595,-3.8171398639678955
106.86,82.65043152093705,69.53877793668045,597,-3.9901254177093506
106.89,82.65433628992852,69.54838857620406,594,-4.061524391174316
106.92,82.65811684866128,69.54581362891393,604,-4.107113838195801
106.95,82.66061833686334,69.54455486479094,604,-4.147270202636719
106.98,82.66196834161121,69.52722087780977,602,-4.182165622711182
107.01,82.6618744714446,69.50069296540852,604,-4.2117509841918945
107.04,82.66057888768748,69.47235046430515,605,-4.2359795570373535
107.07000000000001,82.66604053397073,69.44496649258903,603,-4.254821300506592
107.10000000000001,82.67096926150127,69.4125550688346,605,-4.268256187438965
107.13,82.67559984155876,69.39120256352487,605,-4.276278972625732
107.16,82.68134089397009,69.37053342844814,609,-4.278894424438477
107.19,82.68916878654355,69.35595499252194,614,-4.276120185852051
107.22,82.70235236884041,69.35203582804073,610,-4.267983436584473
107.25,82.71841538818164,69.35104557344593,610,-4.254519939422607
107.28,82.72505824943269,69.3425541326315,609,-4.235774993896484
107.31,82.73070617508067,69.32807746635507,606,-4.211801052093506
107.34,82.73375116352499,69.32321719039905,605,-4.18265962600708
107.37,82.73266102212186,69.3246961905803,598,-4.148416996002197
107.4,82.73473561706682,69.3202600884876,594,-4.109151363372803
107.43,82.73961610640269,69.30733529940282,598,-4.065077781677246
107.46000000000001,82.73106852978061,69.28874209348129,601,-4.021066665649414
107.49000000000001,82.71625044461972,69.26865582891314,604,-4.003460884094238
107.52,82.71008396403703,69.24997015195255,599,-3.9995579719543457
107.55,82.70451177232773,69.23447970764956,599,-3.99682354927063
107.58,82.69787882045749,69.21014067876578,602,-3.9940969944000244
107.61,82.68946622094992,69.18400442027827,598,-3.991243839263916
107.64,82.67632756813016,69.15228388561881,597,-3.988180160522461
107.67,82.65916256379788,69.1255916236031,587,-3.984800100326538
107.7,82.63229157589737,69.11425457985538,589,-3.9809494018554688
107.73,82.59768183561775,69.10814564465167,583,-3.976393461227417
107.76,82.5594098835598,69.10388133733822,586,-3.970754384994507
107.79,82.52026941589197,69.09323554580885,587,-3.9634182453155518
107.82000000000001,82.48974984723887,69.07382769695651,584,-3.95342755317688
107.85000000000001,82.47483973609575,69.04929191648459,582,-3.9394843578338623
107.88,82.45900769588435,69.03647450574216,580,-3.9202609062194824
107.91,82.44509046374463,69.03266429156653,583,-3.894864082336426
107.94,82.43427521007551,69.03351156397909,584,-3.8629376888275146
107.97,82.42282322239674,69.03182577002084,585,-3.8244028091430664
108.0,82.413803913353,69.02890310319712,578,-3.779257297515869
108.03,82.40711436080115,69.02352774891213,578,-3.7275140285491943
108.06,82.4076395253983,69.02148736394692,586,-3.6691935062408447
108.09,82.41281135313154,69.01296184922575,586,-3.604323148727417
108.12,82.4250556972621,69.01680053029213,587,-3.5329349040985107
108.15,82.44277774112825,69.0178822045925,584,-3.455069065093994
108.18,82.45825008533426,69.0217946639201,589,-3.370771884918213
108.21000000000001,82.47069717983011,69.02270272494674,590,-3.2800965309143066
108.24000000000001,82.48204742338486,69.02474951707357,592,-3.183103561401367
108.27,82.49263258068915,69.0324415314215,591,-3.079861879348755
108.3,82.50294107634147,69.03426508934612,593,-2.970447301864624
108.33,82.515388420663,69.04042407605294,598,-2.8549444675445557
108.36,82.5223215639292,69.0493712404152,603,-2.733445882797241
108.39,82.52602153400638,69.05312009512174,604,-2.606050968170166
108.42,82.5319110237334,69.04922669520776,603,-2.472869396209717
108.45,82.53380065158757,69.0424640648821,603,-2.3340179920196533
108.48,82.53479138121067,69.0496127576992,600,-2.1896190643310547
108.51,82.54156800419416,69.05546579930854,597,-2.038452386856079
108.54,82.54574863899167,69.05514403930763,598,-1.842093586921692
108.57000000000001,82.546368646128,69.05581699935415,602,-1.6295353174209595
108.60000000000001,82.54771696233671,69.06360307228196,606,-1.418358325958252
108.63,82.55603779495206,69.06775469827511,605,-1.2087172269821167
108.66,82.56603381665468,69.07331923910796,599,-1.000750184059143
108.69,82.57724816179667,69.0843370102516,594,-0.7946016788482666
108.72,82.58714735611886,69.08790898691646,591,-0.5904204845428467
108.75,82.59988489209698,69.08520904249164,592,-0.3883588910102844
108.78,82.60796343445278,69.09414164028738,593,-0.18857157230377197
108.81,82.61632592552668,69.10792275328285,584,0.008785199373960495
108.84,82.6210938216928,69.1326289127964,587,0.2035544216632843
108.87,82.62538808036687,69.14576493991896,597,0.39557892084121704
108.9,82.62782235845445,69.15483669529324,592,0.5847025513648987
108.93,82.63321772561176,69.16103190086851,598,0.7707712054252625
108.96000000000001,82.63597969055343,69.15798877822728,604,0.9536336064338684
108.99000000000001,82.63719980677236,69.16630572188464,614,1.133141279220581
109.02,82.63593535576148,69.17159258232361,612,1.3091486692428589
109.05,82.63478921945986,69.16997226531606,609,1.4815129041671753
109.08,82.63868022732854,69.16670026065144,607,1.650093674659729
109.11,82.64021794384503,69.1727087715772,608,1.8147598505020142
109.14,82.64108783424788,69.17847511437995,608,1.977672815322876
109.17,82.64271656206631,69.1858950779686,604,2.183424472808838
109.2,82.63763690342896,69.20006037643229,606,2.401549816131592
109.23,82.63110196134883,69.22406811620503,608,2.6197454929351807
109.26,82.62177504088285,69.23140920871866,610,2.837742328643799
109.29,82.617621116482,69.23498427812673,610,3.0552735328674316
109.32000000000001,82.61169044309956,69.23767729544973,605,3.2720701694488525
109.35000000000001,82.60419593598697,69.23974920697633,606,3.487861156463623
109.38,82.60185110193889,69.23061581612669,608,3.7023749351501465
109.41,82.59547769712269,69.2195267867385,610,3.9153361320495605
109.44,82.59483365302007,69.20823425529878,616,4.063739776611328
109.47,82.59657033572353,69.20655256003238,615,4.149842739105225
109.5,82.59622699195296,69.2104992737759,620,4.230940341949463
109.53,82.59719975621705,69.21212500962253,625,4.307066917419434
109.56,82.60256025752402,69.20808305478934,625,4.378134727478027
109.59,82.60801836000303,69.21028991400686,624,4.444066524505615
109.62,82.61310650420988,69.2265485718077,619,4.504796028137207
109.65,82.62346364186412,69.24656762063593,613,4.560268878936768
109.68,82.63458202324767,69.26854993292405,616,4.610440731048584
109.71000000000001,82.64109705228874,69.28993453938203,614,4.655279636383057
109.74000000000001,82.64516073987834,69.31036848409019,610,4.69475793838501
109.77,82.65032953531826,69.32364264798011,607,4.728858947753906
109.8,82.65573240445698,69.33710470053731,609,4.757571220397949
109.83,82.66481252163355,69.35171648845395,615,4.780889511108398
109.86,82.67409416600367,69.37303819962568,613,4.798816204071045
109.89,82.68154594691856,69.38220728381427,610,4.811358451843262
109.92,82.68908256811736,69.37871138135105,608,4.818530559539795
109.95,82.70032366292398,69.3673750213495,606,4.820352554321289
109.98,82.70769350172182,69.35816812365098,604,4.816849708557129
110.01,82.71485781440879,69.34255858154154,605,4.808053970336914
110.04,82.72598337230016,69.32455651521322,606,4.794003963470459
110.07000000000001,82.73510181945241,69.30338184983215,609,4.774744510650635
110.10000000000001,82.7383395695589,69.28878300737875,609,4.750327110290527
110.13,82.73401284765633,69.2772735999018,612,4.720814228057861
110.16,82.7240712255051,69.26460093757983,609,4.686273574829102
110.19,82.71006742897998,69.24447780250371,609,4.646782398223877
110.22,82.69583130702675,69.22458464347989,606,4.602423667907715
110.25,82.68200528483975,69.19787238214481,600,4.553287506103516
110.28,82.66434096271769,69.17418310554892,601,4.499472618103027
110.31,82.64132428144111,69.15726447474356,603,4.4410810470581055
110.34,82.62164147573075,69.14066723196729,611,4.378218173980713
110.37,82.60198798956172,69.11993471895,608,4.310997009277344
110.4,82.57854018905941,69.09746030235172,597,4.23953104019165
110.43,82.55901880855902,69.08361488043278,600,4.1639404296875
110.46000000000001,82.54143549043687,69.0646998791313,602,4.084360599517822
110.49000000000001,82.52868351252711,69.041074538489,604,4.008362770080566
110.52,82.52148399206848,69.01526215625759,600,3.9886972904205322
110.55,82.5136496014744,68.97961624171661,597,3.983907699584961
110.58,82.50615716470524,68.94058193003843,596,3.979851722717285
110.61,82.50075413391761,68.90936616439122,596,3.975235939025879
110.64,82.49665278583451,68.87622672747516,594,3.9695627689361572
110.67,82.49255638505387,68.84265320403219,592,3.9622204303741455
110.7,82.48751796778028,68.79979088116733,596,3.9523074626922607
110.73,82.4816128819718,68.76766114169074,598,3.9386465549468994
110.76,82.47473923757283,68.74836408682961,595,3.920067310333252
110.79,82.4704179864496,68.72544158172389,599,3.8957979679107666
110.82000000000001,82.47024737192692,68.71275672475703,607,3.865539073944092
110.85000000000001,82.47261900651895,68.70542934072822,602,3.829240083694458
110.88,82.46739648658635,68.70134327609307,603,3.7869222164154053
110.91,82.45326653472783,68.69507482260578,603,3.7386202812194824
110.94,82.4391746282158,68.694229845187,603,3.684373140335083
110.97,82.42654291722853,68.69731893880615,598,3.6242241859436035
111.0,82.41756228326685,68.71109166854419,602,3.558220863342285
111.03,82.40622880724989,68.74445171883418,607,3.486415147781372
111.06,82.39708861530987,68.78722464838005,608,3.4088635444641113
111.09,82.39260141357995,68.828773005364,612,3.3256289958953857
111.12,82.38948952808285,68.86650525548568,613,3.236780881881714
111.15,82.38664350673828,68.90236015218458,612,3.14239501953125
111.18,82.39015986835936,68.93281271543353,618,3.0425546169281006
111.21000000000001,82.39819015681398,68.96208516821288,622,2.9373528957366943
111.24000000000001,82.40860672758632,68.98222374838483,625,2.8268909454345703
111.27,82.42677489500211,68.99751627259504,620,2.7112796306610107
111.3,82.44817764314777,69.01030978246693,622,2.5906383991241455
111.33,82.46857085088261,69.01287048055393,619,2.4650959968566895
111.36,82.48840096149758,69.01677610005997,612,2.3347883224487305
111.39,82.50525296389598,69.03302375598429,607,2.1998581886291504
111.42,82.52058176253922,69.04708090983895,608,2.059802770614624
111.45,82.53827769632453,69.04726936980346,606,1.8828009366989136
111.48,82.55415878617471,69.03247702164792,606,1.681302547454834
111.51,82.56659989150444,69.01926876901472,595,1.4817448854446411
111.54,82.57579239076894,69.00144585397331,591,1.2843616008758545
111.57000000000001,82.5889552253938,68.97252647591435,589,1.0892796516418457
111.60000000000001,82.60250878357103,68.94040432492768,592,0.8966302871704102
111.63,82.6147056374382,68.91313779177838,596,0.7065468430519104
111.66,82.62547978256215,68.89481273138684,601,0.5191652774810791
111.69,82.63242225567072,68.88554273037288,602,0.334623247385025
111.72,82.633424970152,68.87888574852752,606,0.1530589610338211
111.75,82.63313173819915,68.87080621670096,602,-0.025389084592461586
111.78,82.63527569516842,68.86757910359864,608,-0.20058299601078033
111.81,82.64035277106927,68.8685390012294,613,-0.37238597869873047
111.84,82.64100078937865,68.86337448957678,613,-0.5406626462936401
111.87,82.64332740047615,68.84955921111131,613,-0.7052794098854065
111.9,82.64952073147325,68.84074971480882,617,-0.8661060929298401
111.93,82.65544484922539,68.84222319221169,615,-1.0230170488357544
111.96000000000001,82.65979630421725,68.85587245302953,617,-1.1758917570114136
111.99000000000001,82.66888088288205,68.87016035708147,616,-1.324614405632019
112.02,82.67806750315938,68.87803299319911,610,-1.4690743684768677
112.05,82.6900354805084,68.88073708969297,603,-1.6091666221618652
112.08,82.69989657217454,68.88804741162978,604,-1.7447916269302368
112.11,82.70304616007023,68.90634885363333,603,-1.8759257793426514
112.14,82.70746341400042,68.92708135743956,609,-2.0102014541625977
112.17,82.70876233473355,68.9500030992994,611,-2.1877527236938477
112.2,82.70930553827436,68.96415449363262,607,-2.369917631149292
112.23,82.7088324754303,68.9806807032165,605,-2.5506300926208496
112.26,82.71128897814918,68.98647512725297,600,-2.72965669631958
112.29,82.7152263856063,68.9875519818283,600,-2.9067671298980713
112.32000000000001,82.71565707394603,68.99741466729114,608,-3.0817294120788574
112.35000000000001,82.71187109134662,69.00504389891798,609,-3.254309892654419
112.38,82.7050206342817,69.01087736002822,612,-3.4242749214172363
112.41,82.69943490460983,69.01106058925996,615,-3.591390609741211
112.44,82.69406597378611,69.00750003976306,614,-3.755422592163086
112.47,82.69229150804013,68.99986875733482,610,-3.916130781173706
112.5,82.69076879599224,68.98889763192248,613,-4.029969692230225
112.53,82.69297962844914,68.98320537192265,614,-4.065568447113037
112.56,82.6966150114225,68.99106793761788,614,-4.092877388000488
112.59,82.69266347177722,69.00467747018531,613,-4.115002632141113
112.62,82.68904870839316,69.01911985986945,616,-4.1321120262146
112.65,82.6907357423231,69.03992893343936,620,-4.144197940826416
112.68,82.69272977157227,69.06187848960252,617,-4.151247501373291
112.71000000000001,82.69143160638903,69.08562359006652,614,-4.153254985809326
112.74000000000001,82.68656706490931,69.11247099209274,607,-4.15022611618042
112.77,82.68533589042585,69.13027332756252,612,-4.142175674438477
112.8,82.6826429198028,69.1459313228975,613,-4.129130840301514
112.83,82.68025296082136,69.14676233207419,610,-4.111128330230713
112.86,82.67558673055241,69.14311866075033,608,-4.088237762451172
112.89,82.67143981689708,69.13956539386173,602,-4.0607523918151855
112.92,82.67136629863855,69.14139711333422,607,-4.0313520431518555
112.95,82.670625491812,69.13399957993363,609,-4.012929916381836
112.98,82.66782888816084,69.11826157186417,613,-4.00731897354126
113.01,82.6659613859258,69.09847613611319,614,-4.004421710968018
113.04,82.66495805971398,69.07737620391595,607,-4.00186014175415
113.07000000000001,82.65997124565418,69.04644910834742,607,-3.9993529319763184
113.10000000000001,82.65649639632473,69.02163350942729,608,-3.9968321323394775
113.13,82.6630872935484,68.99434314120074,611,-3.9942474365234375
113.16,82.67223400005825,68.95845297056624,607,-3.991544723510742
113.19,82.67605612103148,68.91975068521128,607,-3.988656759262085
113.22,82.67379156127281,68.8989718272718,611,-3.9854953289031982
113.25,82.67497988594175,68.88892857311173,610,-3.98193359375
113.28,82.68397875695014,68.87580174883013,615,-3.977782964706421
113.31,82.6864934610393,68.8611359725446,614,-3.9727468490600586
113.34,82.68823704388632,68.85050547080314,616,-3.9663467407226562
113.37,82.68981585806563,68.84119663697999,608,-3.9578256607055664
113.4,82.6844934575533,68.83161351852675,610,-3.9460880756378174
113.43,82.68168751771536,68.81798973279865,608,-3.92984676361084
113.46000000000001,82.67535877996984,68.80413315832631,603,-3.908029317855835
113.49000000000001,82.66093866883737,68.78730914464924,600,-3.8800740242004395
113.52,82.63931808778688,68.76995958583922,596,-3.8458046913146973
113.55,82.61681485615826,68.74672522257076,592,-3.8051881790161133
113.58,82.59848814040423,68.72189560194164,591,-3.7582247257232666
113.61,82.5837176301621,68.69905304735677,594,-3.7049245834350586
113.64,82.56382518453495,68.66734631068152,590,-3.6453042030334473
113.67,82.5442866698541,68.64232338313013,588,-3.5793864727020264
113.7,82.53219426856039,68.6180314678416,593,-3.5072004795074463
113.73,82.51913259216447,68.58806111491707,602,-3.428783893585205
113.76,82.51228910975492,68.54874358203871,602,-3.3441808223724365
113.79,82.51124624784076,68.50713507063465,603,-3.2534432411193848
113.82000000000001,82.50978072738005,68.4828359537248,605,-3.1566309928894043
113.85000000000001,82.50699178284125,68.45672262243491,600,-3.053812026977539
113.88,82.50771516545225,68.43190332089277,603,-2.9450626373291016
113.91,82.50958194855912,68.39933181803113,608,-2.830467700958252
113.94,82.51346614071744,68.37358675237355,607,-2.710120439529419
113.97,82.51365579950337,68.34670336500115,611,-2.5841238498687744
114.0,82.51584541384251,68.31509610571155,611,-2.4525890350341797
114.03,82.5235576123795,68.28609166743465,609,-2.3156368732452393
114.06,82.53019225837535,68.27066715988232,608,-2.173391103744507
114.09,82.53519117597936,68.26075004128279,607,-2.023639678955078
114.12,82.53693549657918,68.26002720555837,611,-1.8260236978530884
114.15,82.53628040406683,68.27070847550435,610,-1.6168395280838013
114.18,82.53905665400562,68.29300606169572,606,-1.4092172384262085
114.21000000000001,82.54160457765433,68.31460515859345,603,-1.2033005952835083
114.24000000000001,82.54237669066208,68.33981310534057,607,-0.9992270469665527
114.27,82.54915246618401,68.35778074716514,607,-0.7971382737159729
114.3,82.56144711134652,68.36534734322504,608,-0.5971802473068237
114.33,82.57795666219484,68.36908342474504,611,-0.3995020091533661
114.36,82.59264076388168,68.37033699557807,611,-0.20425423979759216
114.39,82.6009765995178,68.3776373011905,614,-0.011588234454393387
114.42,82.60842803284443,68.390886823159,614,0.17834500968456268
114.45,82.61563896497142,68.40155007756036,614,0.3653954565525055
114.48,82.62078767102071,68.41818779500124,616,0.5494147539138794
114.51,82.62587193965219,68.43426765785578,622,0.7302563190460205
114.54,82.63179817107539,68.45135486991124,621,0.9077754616737366
114.57000000000001,82.63499923475308,68.4728781613806,621,1.0818291902542114
114.60000000000001,82.64027713947817,68.50149826575957,616,1.2522773742675781
114.63,82.64320334057948,68.5287147460325,615,1.4189821481704712
114.66,82.64425158667645,68.55349564713053,610,1.5818090438842773
114.69,82.65235023183256,68.58263309414052,613,1.7406286001205444
114.72,82.66203091050608,68.60823195576381,615,1.8954342603683472
114.75,82.67570972733435,68.63207182240423,620,2.064831495285034
114.78,82.68706659490678,68.66429903674506,619,2.2735040187835693
114.81,82.69574562278014,68.69761568317632,620,2.48274564743042
114.84,82.70194324661594,68.72858901168712,624,2.691570281982422
114.87,82.70745202779185,68.74337539695333,628,2.8997268676757812
114.9,82.71181058078744,68.75191687811689,631,3.106963872909546
114.93,82.7103938494572,68.76136869044855,628,3.31302809715271
114.96000000000001,82.70374556958622,68.76675153426774,636,3.517666816711426
114.99000000000001,82.69826890201081,68.7702443197608,636,3.7206273078918457
115.02,82.69050274984848,68.7810022483779,627,3.921649932861328
115.05,82.68229095583224,68.7854787266948,625,4.057653903961182
115.08,82.6744486432991,68.79111778241102,633,4.131573677062988
115.11,82.66412289275861,68.7976644068122,629,4.2004170417785645
115.14,82.65790484998026,68.80400957340721,626,4.264352321624756
115.17,82.65572784521645,68.81256453955858,624,4.323303699493408
115.2,82.6535634684489,68.820307638892,622,4.377208709716797
115.23,82.65365154105089,68.83072841520769,625,4.4260149002075195
115.26,82.65435101167718,68.84036838700145,621,4.46967887878418
115.29,82.65490264566718,68.85248777427958,616,4.5081658363342285
115.32000000000001,82.65538789636587,68.85889145953439,618,4.541450023651123
115.35000000000001,82.66014512758709,68.85850904162312,628,4.569514751434326
115.38,82.66637708056966,68.86046170969205,628,4.592350006103516
115.41,82.67245231669924,68.86821353554447,625,4.609955787658691
115.44,82.67948898023288,68.88040366111069,627,4.622337341308594
115.47,82.6856520798441,68.88457758245333,625,4.62951135635376
115.5,82.68991336155068,68.88847902322154,625,4.63149881362915
115.53,82.69650692866834,68.89228347837667,619,4.628332138061523
115.56,82.7078023976003,68.89415278786593,624,4.620051383972168
115.59,82.72413896403776,68.90161912491227,621,4.606704235076904
115.62,82.7418349528429,68.9183215176809,616,4.588346481323242
115.65,82.75948762268145,68.92539989179004,613,4.565039157867432
115.68,82.77185144325671,68.92096980091634,608,4.536853790283203
115.71000000000001,82.77953774769831,68.93290770226417,610,4.503868579864502
115.74000000000001,82.78616793695097,68.94756622076412,607,4.466166019439697
115.77,82.79346942289946,68.96385276966828,606,4.423835754394531
115.8,82.7968142720345,68.9762167328557,609,4.376973628997803
115.83,82.79533658539798,68.98733238251602,606,4.325677871704102
115.86,82.79284763466414,68.98688969220488,605,4.270051002502441
115.89,82.7839103191014,68.96806149339018,615,4.21019983291626
115.92,82.77133470389415,68.95173720423571,610,4.146234035491943
115.95,82.75482881938144,68.93404590212963,614,4.078296184539795
115.98,82.73733025049097,68.92076786704014,607,4.012773036956787
116.01,82.7176219678439,68.91861500964926,608,3.9939463138580322
116.04,82.69947659243115,68.91709114357494,616,3.9901082515716553
116.07000000000001,82.68065690763268,68.90832548082695,614,3.987098217010498
116.10000000000001,82.66079529029864,68.88955403569808,614,3.9838814735412598
116.13,82.64226070947903,68.85854616199228,606,3.98024845123291
116.16,82.62803159188205,68.81540970562898,604,3.97599458694458
116.19,82.61630357572204,68.76949273385887,603,3.970811367034912
116.22,82.6009103721513,68.72591667347233,608,3.964214324951172
116.25,82.58400668785102,68.6815048863843,602,3.955461025238037
116.28,82.57466097984056,68.62459738438884,603,3.9435319900512695
116.31,82.57028969290488,68.57779906014433,606,3.927304983139038
116.34,82.56264580732149,68.54639304488926,602,3.9059109687805176
116.37,82.55663150258594,68.51434539503626,609,3.8789281845092773
116.4,82.55503062493003,68.48048315345365,618,3.84624981880188
116.43,82.55381552238089,68.44712533673584,618,3.80788254737854
116.46000000000001,82.55547284661174,68.412612508471,615,3.763859510421753
116.49000000000001,82.55331598820422,68.3835780001178,618,3.7142207622528076
116.52,82.55107093167571,68.36817296190985,625,3.6590096950531006
116.55,82.5468610363907,68.3598045269922,620,3.598273992538452
116.58,82.53985032138729,68.35393430188012,611,3.532067060470581
116.61,82.53258875137821,68.3545110151822,620,3.460447311401367
116.64,82.5199834422855,68.35898551919446,625,3.383479595184326
116.67,82.50267361050877,68.38073344512915,636,3.3012354373931885
116.7,82.49035928357874,68.40245898285157,637,3.2137928009033203
116.73,82.4798213294235,68.41835724457974,629,3.12123703956604
116.76,82.46756838079648,68.43098721859717,633,3.0236613750457764
116.79,82.45181670785874,68.43583035458933,627,2.9211652278900146
116.82000000000001,82.43403092375418,68.4244441290151,631,2.813856601715088
116.85000000000001,82.41957931401724,68.40984100792343,621,2.701850652694702
116.88,82.4106480036139,68.40263759337739,625,2.5852699279785156
116.91,82.40572878342631,68.39756281892528,626,2.4642441272735596
116.94,82.40683574099413,68.38900311310685,620,2.3389086723327637
116.97,82.4139744100238,68.38703149019,611,2.209404706954956
117.0,82.42757949856546,68.3831302405241,614,2.075511932373047
117.03,82.44333545813643,68.36671862536619,614,1.9115549325942993
117.06,82.45562411000496,68.34254087010818,618,1.716092824935913
117.09,82.46363399039728,68.32169314825407,613,1.5226006507873535
117.12,82.47576101806735,68.30788976518025,616,1.3315227031707764
117.15,82.4952784947862,68.29728958637362,616,1.142971396446228
117.18,82.52001289495507,68.28944726578153,610,0.9570631980895996
117.21000000000001,82.54499307703037,68.28624001718269,613,0.773918092250824
117.24000000000001,82.56738556596343,68.30052750893823,613,0.593658983707428
117.27,82.59018169360812,68.31997827810184,616,0.4164104461669922
117.3,82.61265584408278,68.33120686662198,617,0.2422982007265091
117.33,82.63375661285016,68.34265851263548,618,0.07144826650619507
117.36,82.65070012236136,68.35934626438632,617,-0.09601375460624695
117.39,82.66055100840515,68.38973848787204,616,-0.25996384024620056
117.42,82.66437716972678,68.42333667519344,615,-0.42028123140335083
117.45,82.66688471296602,68.45265031856266,618,-0.5768486857414246
117.48,82.67266928322236,68.48691302575892,623,-0.7295531630516052
117.51,82.67665211509606,68.51524431522569,623,-0.8782850503921509
117.54,82.67526465047357,68.53275978372024,618,-1.0229381322860718
117.57000000000001,82.66931762144127,68.55515311218923,619,-1.163409948348999
117.60000000000001,82.66777266019078,68.58165469467413,616,-1.2996020317077637
117.63,82.67237553403012,68.60720449174946,622,-1.4314194917678833
117.66,82.67042173058186,68.63522649850785,625,-1.5587724447250366
117.69,82.66419246920923,68.64258282992746,619,-1.6815756559371948
117.72,82.66003273352553,68.63682306894151,618,-1.7997533082962036
117.75,82.6609041455625,68.63367756250972,621,-1.9135684967041016
117.78,82.66772982855227,68.6335393860848,623,-2.038860559463501
117.81,82.67495864832576,68.62635068795103,620,-2.2024309635162354
117.84,82.67994898219474,68.6191465564347,624,-2.3664979934692383
117.87,82.68049660129536,68.61996370932145,623,-2.528510093688965
117.9,82.67695156900166,68.62015841754209,619,-2.688260078430176
117.93,82.67174132040667,68.61839613539549,618,-2.8455440998077393
117.96000000000001,82.6622951132713,68.6265586292044,616,-3.0001602172851562
117.99000000000001,82.65228400831577,68.62637457182582,610,-3.1519079208374023
118.02,82.65042635983147,68.6080520471799,606,-3.3005881309509277
118.05,82.65188371466432,68.58457441078907,607,-3.4460034370422363
118.08,82.65444178407787,68.56696120255442,607,-3.587958812713623
118.11,82.65662037606887,68.55469368408066,612,-3.726261615753174
118.14,82.65483434242401,68.54855741310371,605,-3.860720634460449
118.17,82.65133213959997,68.54946432669264,600,-3.9883835315704346
118.2,82.65323245765741,68.54870653750018,596,-4.028828144073486
118.23,82.6599990745635,68.54394067768513,610,-4.0374321937561035
118.26,82.6671537977742,68.54166434009986,615,-4.038775444030762
118.29,82.6722244125432,68.54893084837425,619,-4.035745143890381
118.32000000000001,82.67789059244774,68.56770892686092,615,-4.030186653137207
118.35000000000001,82.69065377927092,68.58787625303545,623,-4.0241169929504395
118.38,82.69794253123128,68.60548525380807,627,-4.01901912689209
118.41,82.70287738524586,68.61268085800978,621,-4.015092849731445
118.44,82.71109085925904,68.6165782813419,619,-4.011899948120117
118.47,82.71302163715035,68.62726830280904,617,-4.00909423828125
118.5,82.71475890371916,68.63814760384014,617,-4.006502628326416
118.53,82.71207636053212,68.6529497593566,622,-4.004034519195557
118.56,82.70776315631507,68.6705820700037,618,-4.001630783081055
118.59,82.7021914618293,68.68333256773087,619,-3.9992470741271973
118.62,82.69885524522195,68.69317597075474,625,-3.996840715408325
118.65,82.7001108881546,68.69338787137815,626,-3.9943699836730957
118.68,82.69822363822942,68.68918718284039,627,-3.9917876720428467
118.71000000000001,82.69628232291906,68.6831069075573,620,-3.9890358448028564
118.74000000000001,82.68704988899682,68.68387657787389,622,-3.9860382080078125
118.77,82.67982272536364,68.6769410035461,622,-3.98268723487854
118.8,82.67391196318577,68.67393757579683,619,-3.978825092315674
118.83,82.67091217244219,68.66157623850039,624,-3.9742062091827393
118.86,82.6687867139785,68.63844285647572,626,-3.9684417247772217
118.89,82.66719860459106,68.60998524884378,626,-3.960911512374878
118.92,82.66481661994219,68.59540315643349,625,-3.9506869316101074
118.95,82.66639210389617,68.59132444286989,626,-3.9365780353546143
118.98,82.67084054335567,68.58370558685084,619,-3.9174394607543945
119.01,82.6774699315665,68.56709467355792,619,-3.892538547515869
119.04,82.6852373556641,68.54658086856605,621,-3.8615875244140625
119.07000000000001,82.68937563669269,68.52145568685731,617,-3.824516534805298
119.10000000000001,82.69115379471145,68.49539540114603,614,-3.7813162803649902
119.13,82.68829500498246,68.46859276549851,614,-3.7319893836975098
119.16,82.68778041389392,68.43929173930607,607,-3.676546096801758
119.19,82.68565746095948,68.40147574555088,602,-3.6150028705596924
119.22,82.68341616876107,68.36769711211171,604,-3.54738450050354
119.25,82.67931096734043,68.33540482261608,605,-3.4737229347229004
119.28,82.67040495976978,68.310829962131,605,-3.394057273864746
119.31,82.66159190005543,68.29094268747423,609,-3.3084352016448975
119.34,82.65491096344151,68.26684479437503,609,-3.216912269592285
119.37,82.65086412559937,68.23252283425084,616,-3.119551420211792
119.4,82.64942086153096,68.2044270366903,609,-3.016425132751465
119.43,82.64606221517494,68.17385930526368,611,-2.9076130390167236
119.46000000000001,82.64311349670498,68.14493071934645,612,-2.7932050228118896
119.49000000000001,82.6372132460737,68.13124763471568,617,-2.6732988357543945
119.52,82.62962357954054,68.13417911736663,622,-2.548001289367676
119.55,82.62187956038973,68.13162182897412,617,-2.4174277782440186
119.58,82.6181576849492,68.1125972537493,623,-2.2817018032073975
119.61,82.6147390259385,68.09312668976038,622,-2.1409339904785156
119.64,82.6144297187951,68.07522155639805,618,-1.9883787631988525
119.67,82.6169543722905,68.06251162029672,616,-1.7861098051071167
119.7,82.62050874581287,68.04786695820732,622,-1.5803823471069336
119.73,82.61918553075412,68.0371528256629,623,-1.3763998746871948
119.76,82.61885071673795,68.04022845013036,621,-1.1742944717407227
119.79,82.61846593007068,68.05368068590171,622,-0.9742019772529602
119.82000000000001,82.611781460314,68.06510585288619,619,-0.776263952255249
119.85000000000001,82.6059503251311,68.0730684274627,619,-0.5806257128715515
119.88,82.59935287324384,68.0890350958041,618,-0.3874340355396271
119.91,82.59146932012364,68.10428087068226,618,-0.19683659076690674
119.94,82.59003904939834,68.11438433185697,618,-0.00898081436753273
119.97,82.59355462618466,68.12694843083952,619,0.17598676681518555
120.0,82.5962819818611,68.14102703704107,620,0.35792115330696106
120.03,82.60047156333779,68.1619255448796,622,0.5366795063018799
120.06,82.60521042001203,68.17626271610226,627,0.7121214866638184
120.09,82.60527879429745,68.19316831623682,626,0.8841090202331543
120.12,82.60696941408385,68.21383340655935,627,1.052506446838379
120.15,82.60690893276711,68.24392480962797,629,1.2171814441680908
120.18,82.60293395362702,68.2689777484058,631,1.378005027770996
120.21000000000001,82.60833232307759,68.28586227430921,631,1.5348515510559082
120.24000000000001,82.61822132926311,68.30301736128555,630,1.687599539756775
120.27,82.63360853924446,68.30510952631477,633,1.8361456394195557
120.3,82.6552175504691,68.30263223354874,632,1.983525037765503
120.33,82.67979594976796,68.29906659910719,631,2.1732707023620605
120.36,82.69639488965379,68.3009313833959,630,2.3739328384399414
120.39,82.71176010752146,68.29962193928009,629,2.573957920074463
120.42,82.72024908388269,68.30228471975333,630,2.7730977535247803
120.45,82.72848655398528,68.30361714573203,631,2.9711108207702637
120.48,82.73238927313903,68.30528020380126,633,3.1677544116973877
120.51,82.73172076576147,68.30208865163763,632,3.3627848625183105
120.54,82.72694671794977,68.29747096246321,632,3.555957555770874
120.57000000000001,82.71701573905523,68.27788952725228,630,3.7470290660858154
120.60000000000001,82.70364234033978,68.27026829145885,630,3.9357333183288574
120.63,82.6896272175113,68.264842642098,632,4.0541486740112305
120.66,82.67687610070311,68.26563795475275,626,4.1153645515441895
120.69,82.67033412633846,68.27545786614685,629,4.171370983123779
120.72,82.66445018895467,68.28514184363941,627,4.222468376159668
120.75,82.65824609356912,68.29134492432307,629,4.2685980796813965
120.78,82.65417311855046,68.30340011533816,632,4.3097076416015625
120.81,82.65166934193202,68.33701794548082,629,4.345755577087402
120.84,82.6547856485361,68.38107216209382,631,4.37671422958374
120.87,82.65855322665134,68.42214975358196,635,4.402565956115723
120.9,82.66412269958712,68.45745258517205,634,4.4233012199401855
120.93,82.66297637149573,68.49793183449589,633,4.438920497894287
120.96000000000001,82.66069957800477,68.53473193735591,622,4.44943380355835
120.99000000000001,82.65650663867774,68.56840008564178,619,4.454860687255859
121.02,82.64691158913989,68.60385510090256,614,4.455226421356201
121.05,82.64006902067194,68.64697843824241,612,4.450567722320557
121.08,82.63291499179057,68.68635698785208,617,4.440927505493164
121.11,82.62827127486543,68.72539571980296,615,4.4263596534729
121.14,82.62667025033807,68.74877696895065,614,4.406922817230225
121.17,82.6233801814698,68.765933279021,619,4.38268518447876
121.2,82.62461710504354,68.77361940057823,621,4.353720664978027
121.23,82.63043279416362,68.7806497952867,622,4.32011079788208
121.26,82.63464860660959,68.77999626714575,627,4.281940937042236
121.29,82.63922844121606,68.78087345618877,622,4.2393035888671875
121.32000000000001,82.64739296848401,68.78314229381259,623,4.192295074462891
121.35000000000001,82.65811071173535,68.788997298196,623,4.141012668609619
121.38,82.667867422812,68.80668078530785,612,4.0855793952941895
121.41,82.67871518114858,68.81520911949639,611,4.028156280517578
121.44,82.69226824643341,68.79443858237163,618,4.00045108795166
121.47,82.70953474325901,68.77399578393897,612,3.995924234390259
121.5,82.72485737538861,68.7569069069612,616,3.9932925701141357
121.53,82.73408850271309,68.74276487426825,618,3.9906699657440186
121.56,82.74256478930201,68.72802327499804,617,3.987877607345581
121.59,82.75563854226071,68.70788251993324,612,3.984825611114502
121.62,82.76625300841994,68.68620564310683,613,3.981400489807129
121.65,82.77435739104493,68.65463124000146,612,3.9774348735809326
121.68,82.78437878683248,68.62176377419122,607,3.9726722240448
121.71000000000001,82.7905717391904,68.59466017086952,615,3.9667084217071533
121.74000000000001,82.79590629139875,68.57176210204547,613,3.9589157104492188
121.77,82.7936628624582,68.5428335087889,614,3.948387861251831
121.8,82.78540910098974,68.50470856554762,618,3.9340248107910156
121.83,82.77735022191656,68.46189292850447,612,3.9148366451263428
121.86,82.7711188288997,68.43211103588617,609,3.890237808227539
121.89,82.76510389329076,68.4057501323746,617,3.860025405883789
121.92,82.75861942702407,68.385660914048,617,3.8241758346557617
121.95,82.74883288743567,68.3750605664808,617,3.7827136516571045
121.98,82.73652227213648,68.3810805946653,616,3.7356739044189453
122.01,82.72590692099445,68.40055626309248,623,3.683098554611206
122.04,82.71738184626007,68.42456421584701,625,3.6250321865081787
122.07000000000001,82.71979572279551,68.44417664979679,623,3.5615251064300537
122.10000000000001,82.7245882361081,68.45196116172843,625,3.492633581161499
122.13,82.72999978527207,68.44459674135443,632,3.4184200763702393
122.16,82.73619707440629,68.4304006349026,628,3.338953733444214
122.19,82.73929919977128,68.41587605436146,632,3.2543113231658936
122.22,82.72628118044666,68.41620680787085,632,3.1645779609680176
122.25,82.7141005836288,68.41551149281159,632,3.0698461532592773
122.28,82.69834307465206,68.42351663845487,632,2.9702162742614746
122.31,82.68288206648182,68.42574022463546,632,2.8657970428466797
122.34,82.66840428761614,68.43007672537613,632,2.7567057609558105
122.37,82.6495647751943,68.43739291775125,635,2.6430673599243164
122.4,82.62824475687177,68.44271138945425,633,2.525012969970703
122.43,82.61188703285804,68.43139148770426,634,2.402681350708008
122.46000000000001,82.59840722158161,68.41742912201174,631,2.276216745376587
122.49000000000001,82.58524313629242,68.40226978521858,633,2.1457488536834717
122.52,82.57460469562277,68.39261939721986,627,2.006944417953491
122.55,82.56673552586037,68.39591779207325,630,1.8203409910202026
122.58,82.55481395762186,68.40275251299919,638,1.6269125938415527
122.61,82.54116480859224,68.40087302033535,640,1.435916781425476
122.64,82.52619475253948,68.39129404606794,632,1.247472882270813
122.67,82.51234800988865,68.38350460621399,633,1.0616930723190308
122.7,82.50487322064006,68.36002184160172,631,0.8786928057670593
122.73,82.50018066924613,68.33232933162053,639,0.6985902786254883
122.76,82.49822736414481,68.30212396736401,636,0.5215058326721191
122.79,82.50111105116657,68.26224682578668,638,0.3475606441497803
122.82000000000001,82.50749346209793,68.23224740941333,632,0.17687660455703735
122.85000000000001,82.52316888259735,68.20125177137649,631,0.009575864300131798
122.88,82.53974375201192,68.17583765450173,633,-0.1542191505432129
122.91,82.56271006708208,68.15679866037712,631,-0.3143859803676605
122.94,82.58807332488756,68.15000824121292,629,-0.47080332040786743
122.97,82.61323599375591,68.1470611312775,628,-0.6233527660369873
123.0,82.64006531073173,68.14199608569255,629,-0.7719193696975708
123.03,82.67032248881173,68.14850157211436,629,-0.9163918495178223
123.06,82.6980677777895,68.15572503214055,629,-1.056662917137146
123.09,82.72343167473859,68.15359139276721,632,-1.1926296949386597
123.12,82.74408191287611,68.14951017014482,626,-1.3241938352584839
123.15,82.7626756368796,68.14385521529368,627,-1.451263427734375
123.18,82.77188418648926,68.1479798181086,632,-1.573752999305725
123.21000000000001,82.77617137007432,68.15011030660217,632,-1.6915842294692993
123.24000000000001,82.78100858676639,68.16030687955508,627,-1.8046921491622925
123.27,82.7794322789054,68.17248427968788,626,-1.9133648872375488
123.3,82.76826795820139,68.19144540831932,632,-2.032087802886963
123.33,82.75248222172499,68.20675579226038,631,-2.1893887519836426
123.36,82.73180547755027,68.22805699293976,637,-2.3477180004119873
123.39,82.71482643356862,68.2438507000664,641,-2.503800392150879
123.42,82.70560775352082,68.26151752938331,633,-2.6574394702911377
123.45,82.70306363387839,68.27991055604424,635,-2.8084442615509033
123.48,82.69690001261775,68.308624793201,624,-2.95662522315979
123.51,82.68595176809035,68.34262846645161,622,-3.101794719696045
123.54,82.6790675840295,68.3729016555541,616,-3.2437658309936523
123.57000000000001,82.67599796087605,68.40957478102693,615,-3.3823535442352295
123.60000000000001,82.67025805184815,68.44431381590739,618,-3.517374277114868
123.63000000000001,82.66143946472765,68.47483306588342,612,-3.6486456394195557
123.66,82.6588597704892,68.49494813157078,613,-3.775987148284912
123.69,82.65937491138718,68.51280280172969,617,-3.899216651916504
123.72,82.66141982187439,68.52031593849465,619,-4.004679203033447
123.75,82.66176354611382,68.53066404387923,622,-4.02466344833374
123.78,82.66537616131527,68.53735833763808,617,-4.026855945587158
123.81,82.67291495093546,68.54421267151146,617,-4.024485111236572
123.84,82.6842665731743,68.55306113802892,617,-4.020666122436523
123.87,82.69614561908558,68.56477323041668,620,-4.016886234283447
123.9,82.70548595002155,68.57062780196505,622,-4.013575077056885
123.93,82.71686618277009,68.58146760498877,617,-4.010662078857422
123.96000000000001,82.72392353278005,68.59136619032434,621,-4.008004188537598
123.99000000000001,82.73065937470018,68.59833363426243,624,-4.005501747131348
124.02,82.74016506939344,68.59911797969255,626,-4.003088474273682
124.05,82.74792187785815,68.61136635965515,626,-4.000716686248779
124.08,82.75389805110743,68.62212582579366,633,-3.9983437061309814
124.11,82.75834954461517,68.62836491107153,635,-3.9959304332733154
124.14,82.75897125312974,68.62350010861324,626,-3.9934346675872803
124.17,82.76545696590563,68.6081349103157,625,-3.990807056427002
124.2,82.7741908715565,68.58661037542846,625,-3.9879837036132812
124.23,82.77910942898313,68.56719380467727,624,-3.984879732131958
124.26,82.77931063509922,68.55011132946304,623,-3.9813718795776367
124.29,82.77756617788152,68.53109544352236,630,-3.9772744178771973
124.32000000000001,82.77700634977636,68.49783418481877,638,-3.9722983837127686
124.35000000000001,82.77446942810309,68.46027658650931,636,-3.9659793376922607
124.38000000000001,82.77440520841596,68.42821950638115,636,-3.9575891494750977
124.41,82.77257215270113,68.4099973410356,636,-3.9460792541503906
124.44,82.76964716785375,68.39748936233629,635,-3.9302196502685547
124.47,82.76527172836957,68.39649239189562,636,-3.908975839614868
124.5,82.76042648009984,68.40638205481574,636,-3.881789207458496
124.53,82.75615324356585,68.41387850892261,636,-3.848475694656372
124.56,82.7531110733238,68.41726731562865,641,-3.8089962005615234
124.59,82.75915537544638,68.41789821398675,640,-3.7633466720581055
124.62,82.77068784803163,68.40799025172963,632,-3.711533784866333
124.65,82.78121691142832,68.39040006194496,629,-3.6535723209381104
124.68,82.79373680196595,68.36037639288357,627,-3.5894837379455566
124.71000000000001,82.81141181379347,68.33080443247573,623,-3.5192975997924805
124.74000000000001,82.83235761244468,68.31291878300837,621,-3.4430508613586426
124.77,82.84772944758298,68.30977480687757,622,-3.3607892990112305
124.8,82.85225893577515,68.31906589120807,624,-3.2725658416748047
124.83,82.85381241336044,68.34352582070781,628,-3.1784415245056152
124.86,82.85521515111586,68.363462881369,628,-3.078486204147339
124.89,82.85702579424054,68.37821017244345,629,-2.9727773666381836
124.92,82.86368577174929,68.38544590924457,636,-2.8614001274108887
124.95,82.86975117760059,68.39465969915943,635,-2.744448661804199
124.98,82.87551327150668,68.40785991852731,637,-2.622025966644287
125.01,82.87667795699178,68.41995961389588,633,-2.494241952896118
125.04,82.87303232154017,68.43373231250132,641,-2.3612167835235596
125.07000000000001,82.870222506586,68.4470455165649,637,-2.2230801582336426
125.10000000000001,82.87142700898049,68.45283852590237,637,-2.0796875953674316
125.13000000000001,82.87419865605393,68.45894414145553,636,-1.9050229787826538
125.16,82.87427457426102,68.46630284663587,640,-1.6983234882354736
125.19,82.87114573876926,68.4604338750474,637,-1.4930616617202759
125.22,82.85794004962919,68.4509514023525,641,-1.2896214723587036
125.25,82.8398663607238,68.44448914249087,640,-1.088139295578003
125.28,82.82512089213986,68.4279106445342,636,-0.8887581825256348
125.31,82.80628360713507,68.40193997729766,634,-0.6916256546974182
125.34,82.77735187827261,68.36549560791137,630,-0.4968928396701813
125.37,82.74441421208684,68.3172200645229,624,-0.30471110343933105
125.4,82.71437270521645,68.27635249613739,620,-0.1152319461107254
125.43,82.69146846153562,68.24572459484638,628,0.07139426469802856
125.46000000000001,82.671846033629,68.22541572054742,628,0.2550188899040222
125.49000000000001,82.65191841076033,68.21392655592037,625,0.43549567461013794
125.52,82.63625761123436,68.20091172301372,635,0.6126810908317566
125.55,82.6245666258234,68.19241938296538,629,0.7864351272583008
125.58,82.61938272916983,68.17728318842036,623,0.9566213488578796
125.61,82.62370726378022,68.16116723745326,628,1.1231074333190918
125.64,82.62846714943555,68.13011444137808,629,1.2857649326324463
125.67,82.63366887463961,68.1019955698366,626,1.4444689750671387
125.7,82.64110948394679,68.08562238845653,626,1.5990982055664062
125.73,82.64700932898747,68.08645962641944,624,1.7495354413986206
125.76,82.65025941151133,68.0919620265111,628,1.8957971334457397
125.79,82.64938553912302,68.08975930549968,634,2.054746627807617
125.82000000000001,82.64423894568823,68.0923340270714,638,2.2537941932678223
125.85000000000001,82.64044184371883,68.09639171549247,641,2.4533932209014893
125.88000000000001,82.63807462605645,68.10981808091451,636,2.652172088623047
125.91,82.63406475357968,68.12701481140404,633,2.8498830795288086
125.94,82.62749761136743,68.14963089240871,632,3.0462796688079834
125.97,82.61499209579496,68.16946911105035,634,3.2411134243011475
126.0,82.60926519844458,68.17331754638579,635,3.4341375827789307
126.03,82.60439750113187,68.17793404054885,632,3.6251063346862793
126.06,82.60374922933525,68.18879784675154,635,3.813777208328247
126.09,82.60875527194862,68.19774291440996,627,3.997044324874878
126.12,82.61786294314105,68.19445359047825,632,4.074243068695068
126.15,82.62865507507763,68.19356661965625,636,4.131647109985352
126.18,82.63917169125034,68.20868612705475,634,4.184082984924316
126.21000000000001,82.64956634467798,68.23477736833331,638,4.231564521789551
126.24000000000001,82.66100861591018,68.26082670203354,639,4.274040699005127
126.27,82.67323175006591,68.28549373183341,637,4.311471939086914
126.3,82.68541163347037,68.31095826367591,629,4.343832015991211
126.33,82.69422751716753,68.33403827880987,624,4.3711042404174805
126.36,82.6994017811357,68.35374200456157,630,4.393282413482666
126.39,82.70476813049245,68.37042835153918,627,4.410370826721191
126.42,82.71382381756432,68.39340016452624,629,4.42238187789917
126.45,82.71915583766143,68.42590654229956,627,4.4293389320373535
126.48,82.72291690412622,68.46828457632569,628,4.431271553039551
126.51,82.72485370089774,68.50424445453861,625,4.428217887878418
126.54,82.72455143665977,68.53291629519019,626,4.420224666595459
126.57000000000001,82.71467539891755,68.5589805964328,624,4.407342910766602
126.60000000000001,82.70115987584141,68.5790498866174,624,4.389636039733887
126.63000000000001,82.68795402666748,68.58782771959704,624,4.367167949676514
126.66,82.67668308095752,68.59990892553049,622,4.340014457702637
126.69,82.66296241644957,68.59958764091046,617,4.308252811431885
126.72,82.64928148863349,68.6016670358327,617,4.271968364715576
126.75,82.63850773668459,68.60658793216639,611,4.231250286102295
126.78,82.63074118724263,68.60841071796797,599,4.186193466186523
126.81,82.63314734939196,68.61152211834299,611,4.136897087097168
126.84,82.64213432457905,68.6126861935943,612,4.083486080169678
126.87,82.64988384409794,68.60379237367772,615,4.028200626373291
126.9,82.65740024397724,68.5901211271271,616,4.001318454742432
126.93,82.66370064707914,68.58497733244671,612,3.9968485832214355
126.96000000000001,82.66826693762948,68.57575485459756,614,3.994288206100464
126.99000000000001,82.67432802031324,68.55221587951361,611,3.991758108139038
127.02,82.67958474230637,68.52370922172197,611,3.9890880584716797
127.05,82.68728464070368,68.4975827405979,615,3.986201286315918
127.08,82.70252263996953,68.47987833394917,620,3.983003854751587
127.11,82.71787275998646,68.45485552307012,624,3.9793615341186523
127.14,82.73677655059294,68.42203712343733,623,3.9750711917877197
127.17,82.7606064014873,68.38029100640956,622,3.969818592071533
127.2,82.7838263831683,68.33444939172186,617,3.9631094932556152
127.23,82.80527682362568,68.29569510562469,611,3.9541983604431152
127.26,82.82213363146677,68.27166798596355,607,3.942082405090332
127.29,82.83128923065573,68.26925811207514,618,3.925691604614258
127.32000000000001,82.8374673030357,68.27496439561072,618,3.9042253494262695
127.35000000000001,82.84369240528389,68.28118862130553,620,3.877307653427124
127.38000000000001,82.84912605830007,68.29073610990282,620,3.8448479175567627
127.41,82.8521612156534,68.31840232285838,620,3.806858777999878
127.44,82.84842614823935,68.36572920035394,622,3.763376235961914
127.47,82.84860152236031,68.40876436484437,627,3.7144439220428467
127.5,82.8466591355826,68.43969886169874,631,3.6601102352142334
127.53,82.84646438558542,68.45548514413623,627,3.6004276275634766
127.56,82.84437120156855,68.47561976752122,636,3.5354530811309814
127.59,82.84014591812152,68.50393944101344,636,3.4652504920959473
127.62,82.84096216124819,68.5266295947353,638,3.389889717102051
127.65,82.842232964484,68.54043224240593,644,3.309448003768921
127.68,82.84446072015783,68.54658204740402,636,3.224011182785034
127.71000000000001,82.84664945238322,68.55148288905885,635,3.1336731910705566
127.74000000000001,82.84893080061315,68.55843706284764,639,3.0385353565216064
127.77,82.84976021038501,68.56269149993174,638,2.938706874847412
127.8,82.85139405450734,68.56094758915737,636,2.8343048095703125
127.83,82.85432909580372,68.56342034798985,634,2.725451946258545
127.86,82.85670688964933,68.56857209591661,633,2.612278461456299
127.89,82.85994439742875,68.57900347217621,630,2.494919538497925
127.92,82.85461197040235,68.59834681807389,626,2.37351393699646
127.95,82.84269090757289,68.60822635480953,628,2.248204231262207
127.98,82.82895919704238,68.60562237654268,630,2.1190741062164307
128.01,82.81317657334667,68.59841684256057,626,1.9762086868286133
128.04,82.79453677661948,68.59593142729341,624,1.7869176864624023
128.07,82.7761992981784,68.58839062696107,629,1.5964727401733398
128.1,82.7575653332925,68.57256383441435,633,1.4085801839828491
128.13,82.73666735818487,68.55809233946941,633,1.2233420610427856
128.16,82.71559305090516,68.52965232867128,626,1.0408611297607422
128.19,82.69750157474452,68.49390704522762,628,0.8612438440322876
128.22,82.68046825709324,68.45704693392973,628,0.6846010088920593
128.25,82.65910531343089,68.4231352616046,627,0.5110463500022888
128.28,82.6402693556642,68.3885728491379,631,0.34069639444351196
128.31,82.6280490214626,68.35609015088694,631,0.1736694723367691
128.34,82.62021533676108,68.33856858913377,629,0.010085009038448334
128.37,82.61223854642338,68.32574880812668,630,-0.14993733167648315
128.4,82.60495357629726,68.32307327030404,626,-0.306278258562088
128.43,82.60042782342741,68.31779134877362,627,-0.45881959795951843
128.46,82.59724366374863,68.29583613950187,623,-0.607446014881134
128.49,82.59482773420919,68.27429388100883,623,-0.7520471215248108
128.52,82.59214678026991,68.25872922378899,621,-0.8925186395645142
128.55,82.58854821532702,68.25256911990925,626,-1.0287624597549438
128.58,82.59059624167688,68.2481039928797,620,-1.1606868505477905
128.61,82.59711671383796,68.23894991855614,625,-1.2882061004638672
128.64000000000001,82.60427891696406,68.23008533374212,626,-1.4112420082092285
128.67000000000002,82.61350550033002,68.2223648452339,628,-1.5297216176986694
128.7,82.62656240670788,68.20230482986595,628,-1.6435797214508057
128.73,82.64078958204843,68.18138826433722,631,-1.7527590990066528
128.76,82.65228489149186,68.16564899162361,629,-1.8572529554367065
128.79,82.66446575646899,68.15599613862825,626,-1.959040880203247
128.82,82.67452940045726,68.16191373435893,625,-2.0890986919403076
128.85,82.68519045494077,68.16719790770829,622,-2.2415449619293213
128.88,82.69315007454597,68.17375403259743,628,-2.39208984375
128.91,82.70214919381112,68.19827941042122,623,-2.5402185916900635
128.94,82.70834347115476,68.23465833526286,629,-2.6857569217681885
128.97,82.71884470746676,68.2801726867376,622,-2.828533172607422
129.0,82.73575328149582,68.3235305083387,619,-2.9683780670166016
129.03,82.75075565472483,68.36845146945318,617,-3.105123281478882
129.06,82.75454698959835,68.41358465230967,618,-3.2386014461517334
129.09,82.7565316264714,68.46216095276041,617,-3.3686463832855225
129.12,82.75940398061688,68.50946136611262,616,-3.4950926303863525
129.15,82.7648719714892,68.54493545008029,612,-3.617776393890381
129.18,82.76624089398146,68.57098556727023,609,-3.7365355491638184
129.21,82.76264723499838,68.58990928936142,609,-3.8512089252471924
129.24,82.76024730060642,68.60082628628919,604,-3.9612369537353516
129.27,82.76460498156129,68.61816579865427,608,-4.014845848083496
129.3,82.76424096154528,68.63566034347016,614,-4.019204616546631
129.33,82.7670052115608,68.64627173267111,618,-4.01751708984375
129.36,82.77083419420947,68.64323285207706,618,-4.014707565307617
129.39000000000001,82.77754565803296,68.64078350373877,616,-4.0119171142578125
129.42000000000002,82.78562193666008,68.62816036473606,615,-4.009322166442871
129.45,82.79039077806445,68.61679512850891,616,-4.006885051727295
129.48,82.79802772348174,68.59869142901539,621,-4.004549026489258
129.51,82.80832086729212,68.57205665967898,623,-4.0022687911987305
129.54,82.8193825483675,68.5480402604534,629,-4.000007152557373
129.57,82.8294132722319,68.53069167221894,626,-3.997729539871216
129.6,82.83712659355594,68.51131467255722,625,-3.9954006671905518
129.63,82.84355316902204,68.48127441041952,627,-3.9929819107055664
129.66,82.84430172199848,68.45128167649624,627,-3.990426778793335
129.69,82.83359021748846,68.42152969972658,625,-3.9876747131347656
129.72,82.82115783598734,68.3878699122914,624,-3.9846463203430176
129.75,82.81040701712647,68.36249060589255,628,-3.98122501373291
129.78,82.7992070115637,68.35553727473216,622,-3.977238893508911
129.81,82.78692965892947,68.34639946193727,633,-3.972418785095215
129.84,82.77728069742162,68.33443152755879,638,-3.9663381576538086
129.87,82.76383228410755,68.33022889446053,636,-3.958329200744629
129.9,82.74538172613877,68.33583845001576,632,-3.947427749633789
129.93,82.73075120595334,68.34849082268246,631,-3.932476758956909
129.96,82.71366459048944,68.36532842580459,629,-3.91245698928833
129.99,82.70279726200016,68.39185437210362,634,-3.8867814540863037
130.02,82.6932966856806,68.42966139858362,637,-3.8552439212799072
130.05,82.69071516955542,68.46551696381536,636,-3.817803144454956
130.08,82.69067783041608,68.49031405494995,633,-3.774460792541504
130.11,82.69669270150617,68.51755778776517,630,-3.7252285480499268
130.14000000000001,82.70786071997,68.55410971963465,624,-3.6701231002807617
130.17000000000002,82.723635710187,68.58246316699662,621,-3.609166383743286
130.2,82.743601041222,68.59513366044004,622,-3.542386054992676
130.23,82.76472279301875,68.59613797417077,625,-3.4698169231414795
130.26,82.78737431493228,68.6009958461928,625,-3.391498327255249
130.29,82.81438948272765,68.60276059525623,624,-3.3074758052825928
130.32,82.83966203826155,68.5915121704225,627,-3.217801570892334
130.35,82.86390162598495,68.5752734261848,625,-3.1225335597991943
130.38,82.88422797050397,68.56110050787682,627,-3.0217370986938477
130.41,82.90149605994468,68.55123407988039,627,-2.915484666824341
130.44,82.91453039994471,68.54400125994353,633,-2.803858518600464
130.47,82.92088179932131,68.53840429413414,631,-2.6869490146636963
130.5,82.9257021132693,68.53230809572369,626,-2.564854860305786
130.53,82.92973113287566,68.528536034776,626,-2.4376842975616455
130.56,82.92750418871752,68.52499332202895,632,-2.3055551052093506
130.59,82.91837238375929,68.53449135205092,625,-2.1685891151428223
130.62,82.90155807539118,68.5481786073626,629,-2.02453351020813
130.65,82.8853554755097,68.56498864353014,636,-1.8336238861083984
130.68,82.8646777689647,68.574529268809,637,-1.6307892799377441
130.71,82.84352359805729,68.5876030764818,635,-1.4297794103622437
130.74,82.8284280700687,68.5976762264686,635,-1.2307378053665161
130.77,82.81359798671548,68.6038765169558,632,-1.033796787261963
130.8,82.79626885058761,68.6052163500855,631,-0.8390946388244629
130.83,82.77498614911939,68.60583557632006,626,-0.646773099899292
130.86,82.74872627679419,68.59262644125062,630,-0.4569753408432007
130.89000000000001,82.7229377311161,68.57614712037956,631,-0.26984506845474243
130.92000000000002,82.70617312477314,68.5682448346303,624,-0.08552579581737518
130.95,82.69465022600575,68.56773892017667,627,0.0958402156829834
130.98,82.68202789780788,68.56466327562913,627,0.27411240339279175
131.01,82.66952881679636,68.54833722306172,621,0.44915229082107544
131.04,82.65567512052344,68.52546452348284,622,0.6208235621452332
131.07,82.64044875156095,68.50545631360468,623,0.7889923453330994
131.1,82.6273208962498,68.48302809051037,626,0.9535276293754578
131.13,82.62109402763126,68.45533840747387,627,1.1143016815185547
131.16,82.62174595725071,68.42449744968566,631,1.2711900472640991
131.19,82.61575432408692,68.40254580702451,634,1.4240729808807373
131.22,82.60321965823557,68.37265362872768,636,1.5728321075439453
131.25,82.59174491796665,68.33569854945868,634,1.7173547744750977
131.28,82.57935158214059,68.3050063814106,631,1.8575645685195923
131.31,82.56742142994443,68.29032632289714,638,1.9986518621444702
131.34,82.56048015106501,68.27554701589807,631,2.1834874153137207
131.37,82.55631476863769,68.24778670978115,626,2.3754703998565674
131.4,82.55806452260475,68.22333905465605,624,2.5664570331573486
131.43,82.55723203645309,68.20791743586094,624,2.756209135055542
131.46,82.55790892403154,68.19964547730869,624,2.94449520111084
131.49,82.5601537131928,68.19490481498474,631,3.1310839653015137
131.52,82.56643577724775,68.18861149783267,635,3.315746784210205
131.55,82.57621190552446,68.19442987109058,644,3.498255491256714
131.58,82.58467348202643,68.21060521588703,644,3.6783828735351562
131.61,82.59580107725725,68.22456467064387,648,3.855903387069702
131.64000000000001,82.60658544770133,68.2416554596462,648,4.016200542449951
131.67000000000002,82.61745366030327,68.26046495664541,643,4.073193550109863
131.7,82.63271031514972,68.28275511991811,636,4.118843078613281
131.73,82.65581796600566,68.3141995735155,635,4.159623622894287
131.76,82.67587673042331,68.34399312736187,642,4.19558572769165
131.79,82.6999213375244,68.36608913095914,644,4.226698875427246
131.82,82.71977475813323,68.38786699450752,643,4.2529425621032715
131.85,82.73931803491134,68.40833819248813,639,4.274306297302246
131.88,82.76547220352438,68.42373294259667,632,4.290790557861328
131.91,82.79267012132271,68.43046947185023,633,4.302407264709473
131.94,82.81685774046262,68.43592306051694,632,4.309176921844482
131.97,82.84192330918388,68.43344572751141,632,4.311129093170166
132.0,82.85785912724472,68.42656352757291,631,4.308302879333496
132.03,82.87082042924185,68.41576629332955,626,4.300743103027344
132.06,82.88071236650603,68.409651018984,618,4.288504123687744
132.09,82.88397702827157,68.40625882561943,618,4.271646499633789
132.12,82.8833420663034,68.39983225564603,610,4.250237464904785
132.15,82.88146709365162,68.39005965572053,608,4.224349498748779
132.18,82.87906780965429,68.38642799948435,605,4.194058895111084
132.21,82.87523796429669,68.39119621697606,602,4.159451007843018
132.24,82.86600882376152,68.4006782081943,607,4.120614051818848
132.27,82.85928055640014,68.40291819815346,606,4.0776896476745605
132.3,82.84675573118174,68.4010277247656,615,4.032594680786133
132.33,82.82945663086201,68.39566246043296,615,4.006584644317627
132.36,82.81510146024056,68.39455628946516,613,4.001498222351074
132.39000000000001,82.79695686147872,68.39757879143747,614,3.999056100845337
132.42000000000002,82.77402062504889,68.39232258438349,615,3.9967799186706543
132.45,82.7528630535591,68.37960207447546,614,3.9944705963134766
132.48,82.72968044137913,68.36700088986379,619,3.992077589035034
132.51,82.71225035071281,68.34939240962353,618,3.9895551204681396
132.54,82.70106989242255,68.334903229865,624,3.986844539642334
132.57,82.69172079334471,68.32607160499334,629,3.983869791030884
132.6,82.68416645668368,68.31110162248713,625,3.9805209636688232
132.63,82.67874406754687,68.28684559600347,617,3.97663950920105
132.66,82.67987568162529,68.2594350494108,618,3.9719812870025635
132.69,82.6780847602582,68.2328936472657,615,3.9661688804626465
132.72,82.68230496581796,68.20218531133372,617,3.9586217403411865
132.75,82.68750996491089,68.17433888214948,613,3.948512554168701
132.78,82.6966265724615,68.15880142755552,612,3.934840202331543
132.81,82.70505425719129,68.13852153415488,611,3.916687250137329
132.84,82.71226578657776,68.11274950332715,613,3.893488883972168
132.87,82.71430123254939,68.09507663062627,617,3.865034818649292
132.9,82.71751962687209,68.09780093830841,620,3.831296443939209
132.93,82.72244661960872,68.10917878173744,621,3.7923011779785156
132.96,82.7294832556016,68.12191220442878,625,3.7480900287628174
132.99,82.73796538510429,68.1470571300083,631,3.6987102031707764
133.02,82.74336204172076,68.17134418732908,637,3.6442158222198486
133.05,82.74789579970974,68.20808818521675,629,3.5846667289733887
133.08,82.75506679248684,68.259511637669,627,3.5201292037963867
133.11,82.75998333730145,68.31736887540701,632,3.450676441192627
133.14000000000001,82.76022200286279,68.38012484580761,632,3.3763883113861084
133.17000000000002,82.75495922026712,68.43694821959367,632,3.2973520755767822
133.2,82.74778877809618,68.49558914073539,632,3.213660955429077
133.23,82.74373547369596,68.5607977459766,628,3.1254167556762695
133.26,82.73710464697808,68.62907359999276,630,3.032728433609009
133.29,82.72952326631867,68.69816694854481,627,2.9357118606567383
133.32,82.72272758840104,68.74982078281865,625,2.8344902992248535
133.35,82.7136522670427,68.78241637338303,624,2.7291932106018066
133.38,82.70922170402558,68.79910991003123,624,2.6199533939361572
133.41,82.714525350332,68.80812834200619,622,2.5069079399108887
133.44,82.71955087493293,68.80327700179498,620,2.3901970386505127
133.47,82.7223933556544,68.78968117920154,620,2.2699646949768066
133.5,82.71623564148454,68.77195384626391,619,2.1463372707366943
133.53,82.70870362422667,68.74668936477802,619,2.015843152999878
133.56,82.7032621982225,68.71841037980475,628,1.8396563529968262
133.59,82.69926613543836,68.68449827771903,626,1.654191017150879
133.62,82.69318299283634,68.6549198503245,624,1.471488356590271
133.65,82.68495286417055,68.63030927482603,627,1.2916632890701294
133.68,82.67159487743648,68.60516511687536,626,1.1148115396499634
133.71,82.65701696696503,68.5768885872947,630,0.9410324096679688
133.74,82.64082709250394,68.54424678854186,636,0.7704270482063293
133.77,82.62227000584654,68.51442772553311,639,0.6030990481376648
133.8,82.59836118419072,68.48608656089998,638,0.4391525685787201
133.83,82.58097946851741,68.46370123687706,641,0.2786921262741089
133.86,82.56513226968258,68.43963584651983,645,0.12182091176509857
133.89000000000001,82.54922463402103,68.40871111227733,635,-0.03135939687490463
133.92000000000002,82.54026492299074,68.37025073791978,637,-0.18074931204319
133.95,82.53522538009983,68.33907829976825,641,-0.3262518346309662
133.98,82.52873838734939,68.32236065842393,639,-0.46777281165122986
134.01,82.51789029690407,68.29919167111318,635,-0.6052214503288269
134.04,82.50574036046768,68.27355451241966,640,-0.7385109663009644
134.07,82.49937834300732,68.25189620805038,635,-0.8675592541694641
134.1,82.49822620256995,68.23828890762844,634,-0.9922904968261719
134.13,82.49707925275014,68.2262431496998,640,-1.1126351356506348
134.16,82.50170473794755,68.21631254671202,639,-1.2285304069519043
134.19,82.5044262629795,68.21121616285869,638,-1.3399193286895752
134.22,82.50143295786955,68.21601661518571,642,-1.446751594543457
134.25,82.49830770464482,68.22317892420489,645,-1.5489835739135742
134.28,82.50247660349146,68.24616296500595,643,-1.6465775966644287
134.31,82.51207403585593,68.26705810291567,647,-1.7395033836364746
134.34,82.52410560871495,68.29633633977815,646,-1.8277539014816284
134.37,82.53929201958573,68.31953060942966,644,-1.9117274284362793
134.4,82.5576625743417,68.34725065732414,642,-1.9997618198394775
134.43,82.57779937119025,68.38401715642883,629,-2.1239943504333496
134.46,82.6010448969038,68.42165797681382,630,-2.256115198135376
134.49,82.62425577684402,68.45739254687754,628,-2.385608196258545
134.52,82.64674680751037,68.4884204505397,618,-2.5122437477111816
134.55,82.66989872207061,68.51830916600404,616,-2.635878562927246
134.58,82.69610410606353,68.54388012954583,616,-2.756371021270752
134.61,82.7260214628291,68.56146126315745,620,-2.87358021736145
134.64000000000001,82.75632818148414,68.56703604272731,615,-2.9873669147491455
134.67000000000002,82.7837946549251,68.57285387846375,614,-3.0975944995880127
134.7,82.80642571472961,68.58390556415672,613,-3.2041282653808594
134.73,82.82945894896741,68.60465637128407,609,-3.306835889816284
134.76,82.85015320755494,68.61369060352355,614,-3.405588150024414
134.79,82.86577947677573,68.62632291502352,617,-3.500258207321167
134.82,82.87196205775342,68.62848267879586,619,-3.590721845626831
134.85,82.87683917401195,68.61717987354362,622,-3.6768581867218018
134.88,82.88078161910443,68.59315758211311,618,-3.7585504055023193
134.91,82.88586832089236,68.57042893705525,619,-3.835683822631836
134.94,82.89028276474805,68.54415840462221,626,-3.9081363677978516
134.97,82.8828868102297,68.52489161323494,630,-3.973602294921875
135.0,82.87097601185444,68.49619081094295,634,-3.9986069202423096
135.03,82.85689412381144,68.45160396004206,630,-3.9986705780029297
135.06,82.84061646621852,68.40486720638576,633,-3.9966886043548584
135.09,82.82279759205716,68.35671345735548,639,-3.994507074356079
135.12,82.80504642772699,68.31274789845548,648,-3.992210626602173
135.15,82.79090111134282,68.27777201614495,654,-3.9897661209106445
135.18,82.77865490523364,68.23905128610667,656,-3.9871184825897217
135.21,82.76997115328379,68.21962702089807,644,-3.9841935634613037
135.24,82.7635430480694,68.2058441026904,650,-3.980881929397583
135.27,82.75713202602853,68.19297732763042,649,-3.9770233631134033
135.3,82.75468614309268,68.17401128779564,644,-3.972368001937866
135.33,82.75026809927911,68.16636403615635,637,-3.9665238857269287
135.36,82.7431133989021,68.17455124076412,634,-3.9588801860809326
135.39000000000001,82.74131728110957,68.19826417681104,632,-3.9485530853271484
135.42000000000002,82.74092700310705,68.23385997397833,632,-3.9344606399536133
135.45,82.74104191185556,68.27000608657572,630,-3.9156079292297363
135.48,82.73862347244591,68.29428886139847,630,-3.891380548477173
135.51,82.732733920161,68.32918062924622,629,-3.8615424633026123
135.54,82.7252460419875,68.35977233339975,628,-3.826042413711548
135.57,82.71780740752448,68.3808868595562,629,-3.784881353378296
135.6,82.71318290048849,68.38609996088398,630,-3.7380735874176025
135.63,82.71159069790683,68.39607260670923,629,-3.6856400966644287
135.66,82.7128063807628,68.40709406691296,630,-3.627607583999634
135.69,82.709789182044,68.41726677620505,634,-3.5640077590942383
135.72,82.70569625452356,68.41684344509567,633,-3.4948790073394775
135.75,82.70474473205823,68.41663000211571,626,-3.4202659130096436
135.78,82.70984083396141,68.40131621306105,625,-3.3402180671691895
135.81,82.71641659330184,68.3744659074678,626,-3.254793405532837
135.84,82.72100956335562,68.34805703526654,627,-3.164055585861206
135.87,82.71928776551553,68.33410554312243,631,-3.0680770874023438
135.9,82.7153070412817,68.33696178161468,637,-2.966937303543091
135.93,82.7101870720616,68.35743030326769,636,-2.8607239723205566
135.96,82.70484847838533,68.38924581387904,636,-2.7495315074920654
135.99,82.70261456605027,68.42124579758506,632,-2.6334614753723145
136.02,82.69967237751035,68.45166256650322,632,-2.5126230716705322
136.05,82.69809523552745,68.46683900970937,632,-2.3871331214904785
136.08,82.69847234909592,68.4732002774142,628,-2.2571163177490234
136.11,82.70222443147303,68.47373933713193,632,-2.1226532459259033
136.14000000000001,82.7060660799484,68.48189697360851,631,-1.9736961126327515
136.17000000000002,82.70827519338117,68.48803935846105,632,-1.7775548696517944
136.2,82.71008837313492,68.49314856346724,631,-1.5801740884780884
136.23,82.70749154456789,68.50527986749677,637,-1.3849005699157715
136.26,82.70597435543928,68.51794187132082,641,-1.1918495893478394
136.29,82.70140842056067,68.52129500734472,642,-1.0011403560638428
136.32,82.69640962511603,68.50781872806364,646,-0.8128953576087952
136.35,82.6927898209425,68.49478721561816,639,-0.6272393465042114
136.38,82.68917330735934,68.48956212727458,638,-0.44429752230644226
136.41,82.67849509540672,68.48262884775073,637,-0.2641952335834503
136.44,82.6636632873807,68.46666062495632,635,-0.08705729991197586
136.47,82.64611308386903,68.43996652833287,634,0.08699247986078262
136.5,82.63056182972693,68.42755496282929,633,0.25783100724220276
136.53,82.61922620070433,68.41225555431299,628,0.42533642053604126
136.56,82.61253559920023,68.39221814941268,624,0.5893885493278503
136.59,82.61201814305713,68.36058537418612,630,0.7498696446418762
136.62,82.61357140128413,68.32620332143881,627,0.9066640734672546
136.65,82.61237632147319,68.31202111153145,630,1.059659719467163
136.68,82.6099664662506,68.30286609242147,634,1.208747386932373
136.71,82.60524709724562,68.29248771572352,640,1.353821873664856
136.74,82.6021413223265,68.27336192982301,635,1.4947818517684937
136.77,82.60354668471977,68.25299334729824,638,1.63153076171875
136.8,82.60850889097833,68.23447905571508,630,1.7639786005020142
136.83,82.61969628817202,68.2241346392324,634,1.8921732902526855
136.86,82.63257186107182,68.2178334999425,631,2.02777361869812
136.89000000000001,82.64418566956509,68.21452214794199,629,2.205625295639038
136.92000000000002,82.66334838329125,68.21197991948793,634,2.3856606483459473
136.95000000000002,82.67771892362539,68.21975755791101,639,2.5643863677978516
136.98,82.68046058482585,68.22935932526012,647,2.7415900230407715
137.01,82.68492722443366,68.23103979921218,652,2.9170587062835693
137.04,82.69076078685788,68.23792713327235,652,3.090579032897949
137.07,82.69248294572088,68.25645383443465,658,3.2619380950927734
137.1,82.69251816659764,68.27132276623533,658,3.4309229850769043
137.13,82.69268038035,68.27885528197815,655,3.5973222255706787
137.16,82.695343887244,68.28987888735098,658,3.760927200317383
137.19,82.69893217838771,68.30240975509453,653,3.921520709991455
137.22,82.70232459690071,68.31106080248685,649,4.031735897064209
137.25,82.70094569714973,68.30116825415529,649,4.06744384765625
137.28,82.69317416460765,68.29587563949485,649,4.095642566680908
137.31,82.69095057658883,68.30095642967005,650,4.119083881378174
137.34,82.69651630442185,68.31251053708209,648,4.137918949127197
137.37,82.70522093602266,68.32284242061195,643,4.152151584625244
137.4,82.71747849802814,68.32356805124367,646,4.161779403686523
137.43,82.73072906428462,68.31498853487811,644,4.16680908203125
137.46,82.73894648917455,68.3124354348482,640,4.167259693145752
137.49,82.74562403624232,68.31185406762563,638,4.1631574630737305
137.52,82.7544717117092,68.30851683065912,640,4.154539108276367
137.55,82.77086172123336,68.31025210024207,629,4.1414475440979
137.58,82.79055776103851,68.30741361614386,630,4.123937606811523
137.61,82.808988592785,68.30111055403658,626,4.102077484130859
137.64000000000001,82.8255051760563,68.28706417986174,621,4.076004505157471
137.67000000000002,82.84083145421423,68.27351780940916,623,4.046550273895264
137.70000000000002,82.8545982705702,68.26786018063095,623,4.020549297332764
137.73,82.87416741415613,68.26254998588492,622,4.010056018829346
137.76,82.89255001516435,68.24912350212934,622,4.006653785705566
137.79,82.90569049709605,68.2413976398144,624,4.0042724609375
137.82,82.9129976810606,68.23839566956858,625,4.0020432472229
137.85,82.90551852515911,68.25068590538861,624,3.9998562335968018
137.88,82.89007884072825,68.2589747062615,629,3.997671365737915
137.91,82.8735031008759,68.27322920630735,628,3.995457410812378
137.94,82.85133033250949,68.27961177912852,632,3.993180274963379
137.97,82.82800370267401,68.28113392210032,629,3.9908018112182617
138.0,82.80224725580563,68.2735679197476,623,3.988276958465576
138.03,82.77610495902574,68.26211124299971,627,3.9855449199676514
138.06,82.74811110216238,68.24004640602185,635,3.982525587081909
138.09,82.72195558538365,68.21474894826785,633,3.979102373123169
138.12,82.69978993688242,68.19793213585444,631,3.9751036167144775
138.15,82.68226443788836,68.18691905075711,626,3.970268726348877
138.18,82.6644581107926,68.16451432473018,626,3.9641952514648438
138.21,82.65296706857671,68.13142771862526,629,3.9562785625457764
138.24,82.64738876226514,68.08915103870525,626,3.9456875324249268
138.27,82.64440144772263,68.06290059065597,626,3.9314730167388916
138.3,82.64041104504807,68.02696670936321,623,3.9128270149230957
138.33,82.63941457133102,67.99739435458929,629,3.8892900943756104
138.36,82.64481258764572,67.97871391775227,628,3.8607077598571777
138.39000000000001,82.65539428875437,67.9602363849525,624,3.827069044113159
138.42000000000002,82.66364289445828,67.96691452432731,627,3.7884035110473633
138.45000000000002,82.67171442370142,67.98182055609007,631,3.7447521686553955
138.48,82.67387247538937,67.99705040817636,632,3.696161985397339
138.51,82.67378737838405,68.01749123912865,636,3.6426842212677
138.54,82.67604300340979,68.04222283980641,638,3.5843756198883057
138.57,82.67707500864039,68.07739397568075,628,3.521298885345459
138.6,82.6816586160977,68.1132521691842,631,3.4535231590270996
138.63,82.68184475944273,68.14428065546053,634,3.3811235427856445
138.66,82.6790785932146,68.17785251559572,636,3.3041813373565674
138.69,82.67697865782903,68.22445451406695,634,3.2227840423583984
138.72,82.67696522956871,68.2565869019528,633,3.1370255947113037
138.75,82.672088955661,68.28861472787158,626,3.047006607055664
138.78,82.66084735879345,68.31679238446903,630,2.952833652496338
138.81,82.64817692626619,68.3423356791426,634,2.8546202182769775
138.84,82.64021023932389,68.36240155541596,631,2.7524847984313965
138.87,82.63509517066389,68.36944921021784,631,2.646549701690674
138.9,82.63684177509545,68.35813388231746,633,2.5369434356689453
138.93,82.63972258815276,68.34460741844836,635,2.4237985610961914
138.96,82.63442855095852,68.33771169253112,637,2.3072526454925537
138.99,82.62621335934504,68.32219479110773,640,2.1874430179595947
139.02,82.62210242688647,68.30424230209078,643,2.06386399269104
139.05,82.61564369938895,68.28611813627293,637,1.9087358713150024
139.08,82.61058071515983,68.27496455443942,635,1.725574016571045
139.11,82.60567887881105,68.25981075628951,635,1.544919490814209
139.14000000000001,82.59873103892313,68.24690106027995,636,1.3671759366989136
139.17000000000002,82.58805872663896,68.24037761889954,636,1.1924363374710083
139.20000000000002,82.58167696030917,68.22716548978094,637,1.020797848701477
139.23,82.57574375397776,68.21614873755303,634,0.85235995054245
139.26,82.56881525009896,68.20401989055578,633,0.6872246861457825
139.29,82.56873207829543,68.1908635451291,628,0.5254951119422913
139.32,82.56710182304866,68.1879917328983,630,0.3672735095024109
139.35,82.5673956416093,68.19132588159432,630,0.2126600444316864
139.38,82.57246042382839,68.18789381654578,632,0.06175236403942108
139.41,82.57433043301607,68.19433752657147,633,-0.08535515516996384
139.44,82.57046782452855,68.22146462921712,637,-0.22857165336608887
139.47,82.56717089821134,68.24758401466828,637,-0.3678097128868103
139.5,82.56583639998105,68.26604566373848,634,-0.5029852390289307
139.53,82.56856285347574,68.28569666767335,635,-0.6340172290802002
139.56,82.56777719839818,68.31995616091015,641,-0.7608283162117004
139.59,82.56011714709261,68.35930986005687,642,-0.8833447098731995
139.62,82.55022873902372,68.40530941534112,645,-1.00149667263031
139.65,82.54124880812982,68.45423808686736,645,-1.1152186393737793
139.68,82.53683238854055,68.49812310284416,647,-1.2244490385055542
139.71,82.53656776319906,68.5314154118571,648,-1.3291314840316772
139.74,82.54061110582549,68.55730187187017,639,-1.4292153120040894
139.77,82.54217430549642,68.57991730752,641,-1.5246565341949463
139.8,82.54306067729709,68.59496967790501,637,-1.6154183149337769
139.83,82.54892415444957,68.61266018748796,639,-1.701470136642456
139.86,82.56187922112038,68.62745484078033,640,-1.7827922105789185
139.89000000000001,82.5767888124173,68.62263586871077,638,-1.8594287633895874
139.92000000000002,82.58998128375462,68.61633480804828,635,-1.9323593378067017
139.95000000000002,82.60162929665155,68.6169721163908,637,-2.0139052867889404
139.98,82.6130474915199,68.60338951843902,635,-2.129701614379883
140.01,82.62381167266348,68.57868606856977,638,-2.2497265338897705
140.04,82.63637343515357,68.54039455983688,637,-2.3667190074920654
140.07,82.65851795802726,68.5000963510553,633,-2.4804656505584717
140.1,82.68502114745237,68.46277140971414,636,-2.590826988220215
140.13,82.71249806879304,68.42094966283106,635,-2.697665214538574
140.16,82.73934388196155,68.38827899692917,635,-2.8008456230163574
140.19,82.76149024147034,68.35536321717171,631,-2.900235414505005
140.22,82.78371129457351,68.31423605639495,625,-2.9957053661346436
140.25,82.80495191192514,68.27532533384723,620,-3.0871284008026123
140.28,82.82173304453123,68.253418966428,622,-3.174381732940674
140.31,82.83636084674873,68.2456497796163,621,-3.257345676422119
140.34,82.8497425759099,68.23576911608366,626,-3.3359055519104004
140.37,82.86118047841306,68.22032691381209,630,-3.409949541091919
140.4,82.86849705004956,68.2074563619458,630,-3.4793715476989746
140.43,82.87315051979975,68.19832866984123,639,-3.544069528579712
140.46,82.87204894232582,68.18311145793159,631,-3.6039466857910156
140.49,82.86666249401611,68.17325453736687,636,-3.6589086055755615
140.52,82.85844374023353,68.18352882760666,635,-3.708867073059082
140.55,82.85504622566226,68.20407492950312,639,-3.7537364959716797
140.58,82.85116787709455,68.21812927089782,637,-3.7934365272521973
140.61,82.8416477528229,68.23062031748218,637,-3.827890634536743
140.64000000000001,82.83377514596532,68.23605612555865,639,-3.857027530670166
140.67000000000002,82.82858996144866,68.24422460338299,642,-3.8807783126831055
140.70000000000002,82.8240811220602,68.25339765418708,650,-3.899069309234619
140.73,82.81379559648283,68.26467047846849,652,-3.9118146896362305
140.76,82.80249637207216,68.27979079955108,653,-3.9189341068267822
140.79,82.79548452940482,68.3006364463934,652,-3.920403242111206
140.82,82.78835782631933,68.31962380817835,650,-3.9162652492523193
140.85,82.78211414973146,68.3421217872145,647,-3.9065515995025635
140.88,82.77631850107836,68.36413753552213,644,-3.8912365436553955
140.91,82.76641053046794,68.38801307412197,646,-3.8702712059020996
140.94,82.75188039249416,68.40188999971056,640,-3.84362530708313
140.97,82.74105114168033,68.40717361522488,638,-3.8112924098968506
141.0,82.72951482221926,68.41807684908179,638,-3.7732789516448975
141.03,82.71555322014049,68.44080127232307,637,-3.729597568511963
141.06,82.70035371559878,68.47846912533458,635,-3.680267572402954
141.09,82.68805860492493,68.51544601148143,637,-3.625314474105835
141.12,82.67874536263152,68.53359109353866,641,-3.5647683143615723
141.15,82.67711822328786,68.53416752941513,645,-3.4986660480499268
141.18,82.6843983828314,68.53374978456687,639,-3.4270501136779785
141.21,82.69162736715754,68.53612499921417,642,-3.3499696254730225
141.24,82.69471469331448,68.52842494858244,644,-3.2674808502197266
141.27,82.6924937695426,68.51168433339011,634,-3.1796469688415527
141.3,82.68660211859716,68.48555341620319,629,-3.086538314819336
141.33,82.68328007295598,68.4508344183765,632,-2.9882328510284424
141.36,82.68465960581072,68.41482278859077,626,-2.8848159313201904
141.39000000000001,82.68859197041768,68.36956515359383,624,-2.7763822078704834
141.42000000000002,82.68769631805779,68.3256943734022,626,-2.663031816482544
141.45000000000002,82.68694486500688,68.29952868390289,626,-2.5448737144470215
141.48,82.6893388628117,68.28138316315207,627,-2.4220237731933594
141.51,82.69262797639556,68.26681631285346,624,-2.2946054935455322
141.54,82.69360620778218,68.25522489422123,630,-2.1627416610717773
141.57,82.69166798637654,68.24001161898519,632,-2.024021863937378
141.6,82.686590282844,68.2234206530718,631,-1.839152216911316
141.63,82.68347876869147,68.20734201716431,636,-1.6423567533493042
141.66,82.68339431848132,68.18553383870672,643,-1.4475818872451782
141.69,82.68272972479615,68.1564562686432,642,-1.2549619674682617
141.72,82.68270887653324,68.13342449189086,646,-1.0646148920059204
141.75,82.68057728239437,68.1252783955314,647,-0.8766634464263916
141.78,82.67750606808976,68.11209933018638,640,-0.6912344694137573
141.81,82.66525967049976,68.09367225754619,642,-0.5084574222564697
141.84,82.65287062553051,68.06674613324907,650,-0.32846271991729736
141.87,82.63995723166337,68.03706688251684,644,-0.15138092637062073
141.9,82.6267516727893,68.0086061976406,639,0.022657716646790504
141.93,82.61129827617293,67.9988762147162,633,0.1935240626335144
141.96,82.58922774582453,68.00723373363893,632,0.3610905706882477
141.99,82.56725241762241,68.02205293224418,628,0.5252318382263184
142.02,82.5473799665395,68.0370748544488,624,0.6858248710632324
142.05,82.52140449147771,68.05421323231486,625,0.8427487015724182
142.08,82.50063764648083,68.08232302097093,634,0.9958849549293518
142.11,82.48923815822005,68.11404165457294,631,1.1451178789138794
142.14000000000001,82.47926445121762,68.14549686803576,631,1.2903355360031128
142.17000000000002,82.47615251371913,68.17378717774947,635,1.4314292669296265
142.20000000000002,82.48057268175644,68.19815150146997,636,1.5682945251464844
142.23,82.48810277066367,68.22349500342969,642,1.7008309364318848
142.26,82.50139943752997,68.2459699917198,643,1.8289560079574585
142.29,82.51728348608553,68.25884115976301,634,1.9539458751678467
142.32,82.53228284464544,68.28574890139517,642,2.109855890274048
142.35,82.54786939606124,68.31334275106067,641,2.287738561630249
142.38,82.56116939591985,68.34106435357664,644,2.4643540382385254
142.41,82.57235465267608,68.36887402447175,647,2.6393508911132812
142.44,82.58269788354117,68.40352738976091,648,2.8125085830688477
142.47,82.59642426057947,68.44590906165963,648,2.9836065769195557
142.5,82.60864234613288,68.49147769721777,653,3.152425527572632
142.53,82.61921778703848,68.53315705021917,648,3.3187472820281982
142.56,82.62577427493174,68.57422329603736,645,3.4823522567749023
142.59,82.62842951429916,68.60459930471788,639,3.6430227756500244
142.62,82.63898592876228,68.62408838670254,641,3.800541877746582
142.65,82.6531237320666,68.6311093156902,640,3.954556703567505
142.68,82.66081488717167,68.6285814451051,644,4.036655902862549
142.71,82.66763642352208,68.61746033430104,644,4.064519882202148
142.74,82.66996855902802,68.59860466439424,644,4.085408687591553
142.77,82.66972667282415,68.58387401153068,640,4.1012864112854
142.8,82.66663405640344,68.56716390366881,640,4.112341403961182
142.83,82.66687015107202,68.54715265091671,647,4.118587493896484
142.86,82.66993496552335,68.5253958304754,654,4.120020866394043
142.89000000000001,82.66897948385599,68.50056670705706,656,4.1166462898254395
142.92000000000002,82.66745471100116,68.46848896143395,654,4.108479976654053
142.95000000000002,82.66556669214467,68.42701685732335,653,4.095554828643799
142.98,82.66441546169722,68.3880848165796,654,4.077963829040527
143.01,82.66585099374274,68.36168645771022,653,4.056107997894287
143.04,82.66987044509183,68.33907013676439,647,4.032527446746826
143.07,82.67609965746095,68.3237394856148,645,4.016429424285889
143.1,82.68349123340293,68.31199952222828,644,4.010396480560303
143.13,82.68339651337732,68.3032455339098,642,4.007328033447266
143.16,82.68882066822422,68.28747288129998,638,4.004763126373291
143.19,82.69893790904074,68.27336504163468,643,4.002324104309082
143.22,82.70527195729925,68.26889884983495,640,3.999929428100586
143.25,82.71251561361203,68.25880503366041,644,3.9975335597991943
143.28,82.72661932162549,68.23875494207618,640,3.9950945377349854
143.31,82.7378477595907,68.22661618249325,639,3.992567539215088
143.34,82.74467323506096,68.22061740633357,635,3.9899001121520996
143.37,82.7543214838598,68.21134598855835,632,3.9870262145996094
143.4,82.76753910657146,68.19470850732255,629,3.983856439590454
143.43,82.77255690633947,68.19515413403737,628,3.980262279510498
143.46,82.77932635401027,68.21253156090066,627,3.9760515689849854
143.49,82.78353595398596,68.22505098526038,622,3.9709243774414062
143.52,82.78794332590067,68.22903880589685,623,3.964407205581665
143.55,82.78699433081276,68.22986950216908,623,3.9557759761810303
143.58,82.78425501419586,68.22384394491156,627,3.9440290927886963
143.61,82.78204479815919,68.21880349733615,624,3.92805552482605
143.64000000000001,82.77604507786847,68.21190194652388,627,3.9069812297821045
143.67000000000002,82.7683781076169,68.20285242614231,629,3.880377769470215
143.70000000000002,82.75653917998432,68.20376080120039,632,3.8481357097625732
143.73,82.74870332752361,68.19043121614801,635,3.8102691173553467
143.76,82.7429873238865,68.18456108479114,632,3.7668209075927734
143.79,82.73584016656493,68.19233025004165,637,3.717841625213623
143.82,82.72653567806294,68.20824776571742,637,3.6633872985839844
143.85,82.72117560654809,68.20439089579497,633,3.60351824760437
143.88,82.71730192561553,68.20173317333256,630,3.538300037384033
143.91,82.71668850968595,68.20671673259547,633,3.467803478240967
143.94,82.71168636394647,68.21706013400416,637,3.392104148864746
143.97,82.70337738413973,68.22065517671518,635,3.3112845420837402
144.0,82.69503065559016,68.22998064621846,634,3.2254345417022705
144.03,82.68700543336581,68.23906422095776,630,3.1346511840820312
144.06,82.67694762262008,68.2356158138151,628,3.0390381813049316
144.09,82.66761626173982,68.2319082529522,633,2.938707113265991
144.12,82.65653764667157,68.22749826938846,632,2.8337769508361816
144.15,82.64352461156611,68.21602945245166,630,2.724372625350952
144.18,82.62822534676447,68.20418360081388,626,2.6106274127960205
144.21,82.6125424988906,68.19871668312508,624,2.4926819801330566
144.24,82.59706519425352,68.18632651845569,619,2.3706836700439453
144.27,82.58802241904715,68.15903840028317,622,2.2447853088378906
144.3,82.5772237951634,68.12692474109511,622,2.1150689125061035
144.33,82.56437108084556,68.08885427712386,632,1.9703595638275146
144.36,82.55375360655195,68.05242878784514,636,1.7800984382629395
144.39000000000001,82.54750023260162,68.02551770920691,634,1.5893990993499756
144.42000000000002,82.53779477479489,68.01042350702085,632,1.4013214111328125
144.45000000000002,82.5284997020631,68.00077847527446,639,1.2159749269485474
144.48,82.52351864458446,67.98534892814878,642,1.0334696769714355
144.51,82.52336437978566,67.95960013918751,646,0.8539181351661682
144.54,82.51894835395049,67.94432583901173,652,0.6774338483810425
144.57,82.51683158632993,67.92873080749024,649,0.5041314363479614
144.6,82.51782595473995,67.91502765945447,648,0.334127277135849
144.63,82.52171430197818,67.91317544614122,648,0.16753876209259033
144.66,82.52726567718433,67.91152377618302,647,0.004483675584197044
144.69,82.53276374082701,67.90947644839405,646,-0.15492033958435059
144.72,82.53974785288574,67.89731936980024,640,-0.31055641174316406
144.75,82.54653943935381,67.8821304462735,637,-0.4623091220855713
144.78,82.55238311930322,67.86890966246943,639,-0.6100649833679199
144.81,82.5568420094608,67.8538803134564,634,-0.7537132501602173
144.84,82.5639295015754,67.84680125203975,633,-0.8931466341018677
144.87,82.56916980613241,67.84396134213607,634,-1.0282626152038574
144.9,82.57553044390295,67.84221424717273,637,-1.158964991569519
144.93,82.5806633780686,67.84878458065737,642,-1.2851635217666626
144.96,82.58254574330766,67.87204257369986,645,-1.4067742824554443
144.99,82.57951565451562,67.91798494321053,639,-1.5237197875976562
145.02,82.57676020181461,67.96318292182274,641,-1.635928988456726
145.05,82.57640189024497,68.00897241218082,645,-1.7433385848999023
145.08,82.5805650203506,68.05256062891344,644,-1.8459209203720093
145.11,82.5854455290164,68.10160561617637,648,-1.9448723793029785
145.14000000000001,82.58646954486238,68.16153040431031,640,-2.0650808811187744
145.17000000000002,82.58594272950002,68.20600326962793,641,-2.2141432762145996
145.20000000000002,82.586500703443,68.24382618822666,640,-2.3616561889648438
145.23,82.58465943447688,68.2890633623528,640,-2.506519079208374
145.26,82.58266457395777,68.3371720415508,643,-2.6485438346862793
145.29,82.58154991147687,68.37856614045486,647,-2.7875444889068604
145.32,82.57845438923903,68.41173964052422,644,-2.923335313796997
145.35,82.5805951752598,68.45020766439153,642,-3.055732011795044
145.38,82.58868888495788,68.4826897076849,633,-3.1845507621765137
145.41,82.59535542950277,68.5094023282257,637,-3.3096067905426025
145.44,82.59821815357134,68.53613754709443,639,-3.430717706680298
145.47,82.59820757087154,68.56649269129751,636,-3.547701120376587
145.5,82.5968818810925,68.59486495661511,633,-3.6603779792785645
145.53,82.59526894557855,68.61661245426306,641,-3.7685728073120117
145.56,82.59792474682601,68.62796708621292,644,-3.872115135192871
145.59,82.60774648914787,68.6212076558512,645,-3.969886302947998
145.62,82.62013103975731,68.60498485620805,643,-4.010621547698975
145.65,82.63621365913876,68.59486689932474,638,-4.012152194976807
145.68,82.65244744436103,68.58412101944651,646,-4.009944915771484
145.71,82.66654758858586,68.5652140663969,644,-4.0074052810668945
145.74,82.6768836634122,68.5552354806624,643,-4.004927635192871
145.77,82.68246849177937,68.54088358295942,642,-4.002511024475098
145.8,82.69556918939497,68.53258439323615,638,-4.000115394592285
145.83,82.70902848512677,68.51900044882422,636,-3.9976999759674072
145.86,82.72133576366144,68.49866655724239,631,-3.9952237606048584
145.89000000000001,82.7289321269988,68.47477969834264,633,-3.9926395416259766
145.92000000000002,82.73159724202293,68.4477856428474,632,-3.9898908138275146
145.95000000000002,82.72663209480514,68.42589515363643,633,-3.9869019985198975
145.98,82.71916377685426,68.40330412205283,630,-3.9835684299468994
146.01,82.71510907925332,68.37747131198857,626,-3.9797356128692627
146.04,82.71685689940068,68.35213616874778,630,-3.9751641750335693
146.07,82.72141977188777,68.32137319636894,633,-3.9694714546203613
146.1,82.72828193038356,68.28603486219207,632,-3.9620416164398193
146.13,82.73983442013981,68.24985986671471,639,-3.951934337615967
146.16,82.75488950717465,68.22271380967095,641,-3.9379138946533203
146.19,82.76586354612672,68.21858566918112,638,-3.918759346008301
146.22,82.7710207714971,68.22616294174894,638,-3.893674850463867
146.25,82.77185119350477,68.23563386724284,636,-3.8623509407043457
146.28,82.77486235098205,68.25452421648089,631,-3.8247265815734863
146.31,82.78042675509708,68.26859382083367,636,-3.7808101177215576
146.34,82.7875551675199,68.28611489958003,642,-3.7306265830993652
146.37,82.79025443200223,68.30324684966777,644,-3.674208879470825
146.4,82.78292176511837,68.33469689237998,644,-3.6115970611572266
146.43,82.77696795630143,68.37054508511928,652,-3.5428390502929688
146.46,82.77690140995274,68.4058122234042,652,-3.4679906368255615
146.49,82.77687253829411,68.43542027364133,651,-3.387113571166992
146.52,82.77647412161697,68.45521386570289,654,-3.300276517868042
146.55,82.77930214469771,68.47437016209334,648,-3.207554340362549
146.58,82.77688986231766,68.48271211101772,639,-3.109027862548828
146.61,82.77497682140063,68.4903581039124,638,-3.004784107208252
146.64000000000001,82.76917204595816,68.49818179437933,638,-2.894915819168091
146.67000000000002,82.76446079692113,68.50282907917907,642,-2.779522657394409
146.70000000000002,82.760554194427,68.50440641339938,637,-2.6587114334106445
146.73,82.75618115391327,68.50131200215088,635,-2.5325939655303955
146.76,82.75393507483606,68.47963563037058,640,-2.401289463043213
146.79,82.7536301061277,68.45502216291653,637,-2.264925241470337
146.82,82.75438065582594,68.43645399987486,629,-2.123588800430298
146.85,82.74778256843842,68.43252765083484,635,-1.9660944938659668
146.88,82.74291404443244,68.43748406002777,637,-1.761557698249817
146.91,82.7404621070973,68.44602302562096,637,-1.556301474571228
146.94,82.737926712974,68.4524534464336,635,-1.3528721332550049
146.97,82.73491243404277,68.45226634567749,641,-1.151396632194519
147.0,82.72608787270899,68.44674583020897,643,-0.9520053267478943
147.03,82.71165753582918,68.43988558012153,641,-0.7548342347145081
147.06,82.6960323469621,68.42372540576959,643,-0.5600221753120422
147.09,82.6869344225807,68.39504894933567,643,-0.3677108585834503
147.12,82.6814268771444,68.35883405199117,647,-0.17804402112960815
147.15,82.67458784010664,68.32248373430706,649,0.008833514526486397
147.18,82.66817156540715,68.28117441447199,649,0.19277678430080414
147.21,82.66458877973719,68.23999554403898,654,0.3736426830291748
147.24,82.66355137164416,68.19953778266799,652,0.5512906312942505
147.27,82.65804886562893,68.16053156733801,646,0.7255825400352478
147.3,82.65252357959031,68.1206668813609,647,0.8963833451271057
147.33,82.65104390779203,68.07767150232327,650,1.063561201095581
147.36,82.65150967233413,68.02863734205164,641,1.226987600326538
147.39000000000001,82.65385083807787,67.97953437666466,639,1.3865388631820679
147.42000000000002,82.65901482513377,67.92787020680547,637,1.5420950651168823
147.45000000000002,82.66541239611438,67.8855736330959,634,1.693540096282959
147.48,82.67232266159054,67.85959681926492,635,1.840779185295105
147.51,82.67795033159521,67.8375021696076,637,1.9872828722000122
147.54,82.68432820687566,67.81619008413784,640,2.1767401695251465
147.57,82.68550620080843,67.80052328925521,644,2.3761394023895264
147.6,82.68193332486663,67.80456684768313,641,2.5748636722564697
147.63,82.67662058053314,67.82153783988123,640,2.7726640701293945
147.66,82.67438091578181,67.85216434035574,644,2.969294786453247
147.69,82.67150054718753,67.89539977889287,643,3.16450834274292
147.72,82.67297684447993,67.9223279546764,641,3.3580548763275146
147.75,82.67433155031193,67.94263338739353,643,3.54968523979187
147.78,82.67187608942021,67.97273416752542,637,3.739147663116455
147.81,82.6695822959337,67.99952671849799,632,3.926180362701416
147.84,82.66553449227278,68.03069944210215,633,4.0495405197143555
147.87,82.66417541592354,68.07040677998224,636,4.109248161315918
147.9,82.66435999052727,68.12055927671585,642,4.163532733917236
147.93,82.66670439412025,68.16768033898234,642,4.2128705978393555
147.96,82.66528578039534,68.21531035214859,634,4.257201194763184
147.99,82.65824448755257,68.25970504634478,645,4.296471118927002
148.02,82.6569082057508,68.28871000117745,646,4.330639362335205
148.05,82.65483527505582,68.31732498980644,644,4.359676837921143
148.08,82.656767011163,68.3391485868121,639,4.383563995361328
148.11,82.66562031669105,68.34417108989712,638,4.402291297912598
148.14000000000001,82.67427527401196,68.35131909490711,636,4.415859699249268
148.17000000000002,82.67418805463988,68.36318439175437,640,4.424279689788818
148.20000000000002,82.67084453484995,68.36777655349321,642,4.427569389343262
148.23,82.66840706500356,68.36744307541471,647,4.425755023956299
148.26,82.66193057510472,68.37068708043155,648,4.4188714027404785
148.29,82.65574557090571,68.37430905836231,654,4.406959533691406
148.32,82.65542921204757,68.37594338707616,660,4.3900675773620605
148.35,82.65556515445554,68.36866578195544,658,4.368248462677002
148.38,82.65674346102873,68.35444979609373,653,4.341561317443848
148.41,82.66078668231118,68.34455160568925,656,4.310070037841797
148.44,82.66320111836194,68.3457364952521,666,4.273845195770264
148.47,82.6646422807301,68.35625418682879,664,4.232961654663086
148.5,82.66362169414174,68.37264211872584,665,4.1875
148.53,82.66262742035238,68.39033618569448,659,4.137545585632324
148.56,82.66284651708224,68.4109817630713,662,4.083213806152344
148.59,82.66551496688199,68.4379213519994,666,4.026922225952148
148.62,82.66402084060593,68.45735566617923,663,4.000519275665283
148.65,82.65884923332392,68.46952156130214,656,3.996039628982544
148.68,82.65199677400052,68.47511495747365,652,3.9933130741119385
148.71,82.64862020970463,68.4967308884203,647,3.9905738830566406
148.74,82.64824101441842,68.52556805147391,642,3.987643003463745
148.77,82.65194066492107,68.55408287932426,642,3.9844202995300293
148.8,82.66205663062192,68.56933343172366,634,3.980772018432617
148.83,82.67010786689082,68.58380347856665,634,3.976499557495117
148.86,82.67280391251845,68.5881111585156,630,3.9712910652160645
148.89000000000001,82.67237922263276,68.58688783114495,632,3.9646518230438232
148.92000000000002,82.67278041591132,68.5909877497699,626,3.9558169841766357
148.95000000000002,82.68104469285673,68.58918571644365,626,3.943725109100342
148.98,82.69175885827542,68.56680000899019,629,3.9272053241729736
149.01,82.7017793221511,68.54541675584487,630,3.9053544998168945
149.04,82.7128352753452,68.53079941603423,631,3.8777482509613037
149.07,82.72542446490522,68.52084702884518,631,3.844289779663086
149.1,82.73855211815847,68.51411916164612,636,3.8050012588500977
149.13,82.75042861241242,68.5100636012419,631,3.7599315643310547
149.16,82.76231944660286,68.50647128354335,632,3.709137439727783
149.19,82.7763550345931,68.4969668472788,637,3.652679681777954
149.22,82.79141067760725,68.50007478758374,637,3.5906271934509277
149.25,82.80476984541127,68.51231234696134,643,3.52305269241333
149.28,82.81890180713623,68.52639636497378,640,3.4500343799591064
149.31,82.83559061835925,68.53046877567654,635,3.371654748916626
149.34,82.84413027876803,68.53133011181822,633,3.288003921508789
149.37,82.8485707817541,68.53046320680197,631,3.1991779804229736
149.4,82.85311543327586,68.53347600782197,629,3.1052772998809814
149.43,82.8543624489105,68.5418751279936,630,3.006411075592041
149.46,82.85476564965026,68.54198136313855,630,2.9026939868927
149.49,82.85228589165271,68.5350435503275,635,2.7942471504211426
149.52,82.84450335027152,68.52443076193089,642,2.681199312210083
149.55,82.83746611876701,68.49297148739684,645,2.5636842250823975
149.58,82.82726127962592,68.44987942108483,636,2.441843271255493
149.61,82.81141693454425,68.41320312594634,639,2.3158233165740967
149.64000000000001,82.79318039944575,68.36880893233459,642,2.185774087905884
149.67000000000002,82.77470188954354,68.32711086151654,640,2.0508787631988525
149.70000000000002,82.75928931559696,68.27188494494182,646,1.8774884939193726
149.73,82.74846062677385,68.22577262031386,645,1.682739019393921
149.76,82.73931059020288,68.18607900940411,646,1.4903491735458374
149.79,82.7317249606775,68.1463158353284,651,1.300521969795227
149.82,82.71975547163295,68.1102379428749,656,1.1133705377578735
149.85,82.70627905885236,68.07049390359911,659,0.929011344909668
149.88,82.69255442943656,68.02247204626698,659,0.7475625872612
149.91,82.67803883032973,67.98623880666571,662,0.5691438913345337
149.94,82.66336035299084,67.95367794311164,665,0.3938758969306946
149.97,82.65641715388321,67.90430650854645,664,0.22187961637973785
150.0,82.65336499011276,67.85259176930751,661,0.05327626317739487
