t,x,y,mass,phi_center
0.0,79.75762207049003,79.99999737040623,394,0.5329999923706055
0.03,79.78816067246233,80.00001141571573,394,0.5330196022987366
0.06,79.81846272158957,80.00003218897535,394,0.5331539511680603
0.09,79.84849278593342,80.00006882548259,394,0.5335060954093933
0.12,79.87816662131331,80.00012119650582,394,0.5341678857803345
0.15,79.90726242783582,80.00016630877532,394,0.5352208018302917
0.18,79.93523729463983,80.00022384477991,394,0.5367365479469299
0.21,79.96051867248475,80.00026057989129,394,0.5387781858444214
0.24,79.98008788291571,80.00026366554958,394,0.5414010286331177
0.27,79.9916542917462,80.00022523309325,394,0.5446528196334839
0.3,79.99685197821034,80.00018803147091,394,0.5485745072364807
0.33,79.99885381247624,80.00017853878552,394,0.5532010793685913
0.36,79.99958959111433,80.00017965531801,394,0.5585616230964661
0.39,79.99986788079453,80.00018616730452,394,0.5646800994873047
0.42,79.9999900258068,80.00020249086735,394,0.5715757608413696
0.45,80.00004166280385,80.00020881855603,394,0.5792632699012756
0.48,80.00007352408056,80.00021803399333,394,0.5877535343170166
0.51,80.00010589251234,80.00023602206899,394,0.5970534682273865
0.54,80.00013361211968,80.00025149002384,394,0.6071670651435852
0.5700000000000001,80.00015933152544,80.00026461943362,394,0.6180948615074158
0.6,80.00020088195447,80.00029226320187,394,0.6298345327377319
0.63,80.0002365623016,80.00031216264655,394,0.642381489276886
0.66,80.00028361692335,80.00034141972021,394,0.6557283997535706
0.6900000000000001,80.00032980929055,80.00036798575996,394,0.6698656678199768
0.72,80.00037693016687,80.0003937686353,394,0.6847816109657288
0.75,80.00043732044438,80.00043147663668,394,0.7004627585411072
0.78,80.0005044405835,80.00047486370833,394,0.7168933749198914
0.81,80.00056463716726,80.00051063367933,394,0.7340565919876099
0.84,80.00063528028694,80.00055636295559,394,0.7519333958625793
0.87,80.00069989453196,80.00059565430274,394,0.770503580570221
0.9,80.00077365925277,80.00064383988459,394,0.7897453904151917
0.93,80.00084320403761,80.00068774398066,394,0.8096358776092529
0.96,80.00091924727145,80.00073815044604,394,0.8301507234573364
0.99,80.0010037702785,80.00079719566448,394,0.8512645363807678
1.02,80.00108245756185,80.00085049771685,394,0.872951090335846
1.05,80.00117557356447,80.00091868523027,394,0.8951828479766846
1.08,80.00125505674502,80.00097358205271,394,0.9179315567016602
1.11,80.00134246597928,80.00103680402445,394,0.9411677718162537
1.1400000000000001,80.00143368499894,80.00110430985657,394,0.9648618102073669
1.17,80.00152019520583,80.00116773838619,394,0.9889829158782959
1.2,80.00161037158787,80.00123529571977,394,1.0134996175765991
1.23,80.00169621204827,80.00129924449122,394,1.0383801460266113
1.26,80.00178886577937,80.00137063444303,394,1.0635919570922852
1.29,80.00187419491859,80.00143551785145,394,1.0891022682189941
1.32,80.00196552430793,80.00150727151386,394,1.1148773431777954
1.35,80.00205382279196,80.00157687326636,394,1.1408838033676147
1.3800000000000001,80.00214155716205,80.00164687311528,394,1.167087435722351
1.41,80.00223079872113,80.00171927660352,394,1.1934539079666138
1.44,80.0023162803099,80.00178906258235,394,1.219948410987854
1.47,80.00240461708555,80.00186285916303,394,1.2465366125106812
1.5,80.00248755849883,80.00193251454606,394,1.2731835842132568
1.53,80.00250744474866,80.00209408568169,401,1.2998543977737427
1.56,80.00179032040465,80.00253268500593,426,1.3265140056610107
1.59,80.0018629381139,80.00260756493789,426,1.353127360343933
1.62,80.00193891048276,80.00268627974297,426,1.3796595335006714
1.6500000000000001,80.00182404567633,80.00292551534886,434,1.4060759544372559
1.68,80.00189414995697,80.00300148367901,434,1.432342290878296
1.71,80.00196990906079,80.00308243833226,434,1.4584240913391113
1.74,80.00208337064734,80.00317038953945,434,1.4842872619628906
1.77,80.00246602017141,80.00329641727299,435,1.5098977088928223
1.8,80.0025708631594,80.00338773127984,435,1.535221815109253
1.83,80.00260821184011,80.00345965282632,435,1.5602253675460815
1.86,80.00265433652577,80.00354735623021,435,1.5848722457885742
1.8900000000000001,80.00180202902868,80.00351242556201,427,1.609126091003418
1.92,80.00179569309566,80.00363594409373,427,1.6329495906829834
1.95,80.00159250298348,80.00389629579512,427,1.656304955482483
1.98,80.00086785203732,80.00448155254593,427,1.6791549921035767
2.0100000000000002,80.00045032073555,80.00484143938417,429,1.701462984085083
2.04,80.00015924370129,80.00517073583171,442,1.723193645477295
2.07,80.00021846608023,80.00529303704361,443,1.7443128824234009
2.1,80.00055887667212,80.00564900714062,443,1.7647899389266968
2.13,80.00169997660772,80.00666256775645,443,1.7845958471298218
2.16,80.00169987481996,80.00695355936419,443,1.8037073612213135
2.19,80.00144536157202,80.00722484549267,443,1.822106957435608
2.22,80.00133149330487,80.00732438147648,443,1.8397884368896484
2.25,79.99861342944544,80.00535587497666,418,1.8567614555358887
2.2800000000000002,79.99827531884667,80.00499538596407,411,1.8730641603469849
2.31,79.99832220332289,80.00506855774347,411,1.8887803554534912
2.34,79.9982144454035,80.00544705953911,421,1.904069423675537
2.37,79.99822625129104,80.00562465895909,427,1.9192217588424683
2.4,79.99828363235966,80.00574294078652,429,1.9347712993621826
2.43,79.99820768630303,80.00606932049696,439,1.9517673254013062
2.46,79.99826181988107,80.00621985104493,443,1.9725496768951416
2.49,79.99833439859424,80.0062978208233,443,2.0030465126037598
2.52,79.99841279418071,80.00637967034181,443,2.053497791290283
2.5500000000000003,79.99849073860923,80.00646004489451,443,2.1182007789611816
2.58,79.9985727481242,80.0065451313517,443,2.184709072113037
2.61,79.99869042010181,80.00659479564847,443,2.2506699562072754
2.64,79.99966290896782,80.00568974574692,443,2.3158774375915527
2.67,80.0006209726111,80.00519292841159,443,2.380279779434204
2.7,80.00097419051934,80.00524341540603,443,2.4438323974609375
2.73,80.00092404079558,80.00560146945398,443,2.506488561630249
2.7600000000000002,80.0007727741693,80.00623605851231,443,2.568199872970581
2.79,80.00104755045714,80.00704517359051,443,2.6289169788360596
2.82,80.00126054086665,80.00739099269668,443,2.6885879039764404
2.85,80.00127270735102,80.00745849868947,443,2.7471606731414795
2.88,80.00129005546968,80.00752436295197,443,2.804582357406616
2.91,80.00130008068773,80.00758196327742,443,2.8607993125915527
2.94,80.00061031101967,80.00675807650002,434,2.915759325027466
2.97,80.00014258933791,80.00635763528942,429,2.9694082736968994
3.0,80.00023738144198,80.00635457229131,429,3.0216939449310303
3.0300000000000002,80.00050910899888,80.00594953577848,429,3.072564125061035
3.06,80.00063658881817,80.00583393614784,429,3.1219675540924072
3.09,80.00069360626803,80.00591717823589,429,3.169854164123535
3.12,80.00075530575512,80.0060435255993,429,3.216174602508545
3.15,80.00086105222024,80.00626737402915,429,3.260880947113037
3.18,80.00115324302709,80.00687497259845,429,3.303926706314087
3.21,80.0016018633486,80.00781791907234,429,3.3452682495117188
3.24,80.00172531676208,80.00808302746961,429,3.3848612308502197
3.27,80.00176132802389,80.00814625945489,429,3.422666072845459
3.3000000000000003,80.00180063713168,80.00821164696097,429,3.4586429595947266
3.33,80.00186840640643,80.00831778434456,429,3.492755651473999
3.36,80.00194978606287,80.00828868514495,426,3.5249688625335693
3.39,80.00132839009282,80.00682441645384,415,3.555250644683838
3.42,80.00164606174424,80.00734962043396,413,3.5835702419281006
3.45,80.00176980663896,80.00758604542439,413,3.609900712966919
3.48,80.00183902443742,80.00771282691616,413,3.6342170238494873
3.5100000000000002,80.0018967116835,80.00782380557014,413,3.656496524810791
3.54,80.00198245874729,80.00780560523148,413,3.6767208576202393
3.5700000000000003,80.00204878020553,80.00762093653212,412,3.6948745250701904
3.6,80.00187442992218,80.00681436324693,406,3.710947275161743
3.63,80.00212366292133,80.00542879976584,401,3.7249321937561035
3.66,80.00262070557567,80.00548864335562,401,3.736828565597534
3.69,80.00280411591099,80.00566780522696,399,3.746638774871826
3.72,80.00292292378192,80.00582287537011,399,3.7543694972991943
3.75,80.00306179737142,80.00599696304931,399,3.7600326538085938
3.7800000000000002,80.00324104868571,80.00622805990828,399,3.7636425495147705
3.81,80.0029213213907,80.00636045300675,391,3.7652196884155273
3.84,80.00322269890646,80.00685555483979,393,3.764787197113037
3.87,80.00338546468778,80.00715793885189,393,3.762371778488159
3.9,80.00336217999052,80.00762494990421,407,3.758005380630493
3.93,80.00316652699662,80.00730775737355,404,3.7517223358154297
3.96,80.00287682699975,80.0065722297147,399,3.743560552597046
3.99,80.00306008346234,80.00677937297708,399,3.733562469482422
4.0200000000000005,80.00323352398067,80.0069867821592,399,3.7217724323272705
4.05,80.00341741078827,80.00723991753871,399,3.7082390785217285
4.08,80.00360325991547,80.00755802616156,399,3.693013906478882
4.11,80.00369529427925,80.00790140373452,405,3.6761515140533447
4.14,80.0038007583895,80.0081289276432,411,3.6577093601226807
4.17,80.00396492929984,80.00853797285163,417,3.6377460956573486
4.2,80.0042169151232,80.00963694658495,428,3.6163218021392822
4.23,80.00491926514354,80.01088203187673,429,3.5934958457946777
4.26,80.00522224686108,80.01133429602233,429,3.569326400756836
4.29,80.00538433024474,80.01150788983492,429,3.543872117996216
4.32,80.00555108549912,80.01168320136634,429,3.517190456390381
4.3500000000000005,80.00453661209359,80.01106180101114,428,3.4893388748168945
4.38,80.00381378059282,80.0091735550318,421,3.4603753089904785
4.41,80.00399487377342,80.00942616722584,421,3.4303576946258545
4.44,80.00421631175492,80.00967433234365,421,3.399343967437744
4.47,80.00443040482023,80.00991762144399,420,3.3673956394195557
4.5,80.00464928264047,80.01014884596493,418,3.3345749378204346
4.53,80.00459297903453,80.01058497142222,427,3.3009469509124756
4.5600000000000005,80.004862095037,80.01079880147469,427,3.266578197479248
4.59,80.00509648985731,80.01110703061299,427,3.231537342071533
4.62,80.00525634917302,80.01132804378,427,3.195894241333008
4.65,80.00459172804672,80.01179554867021,443,3.1597208976745605
4.68,80.00274941175122,80.01209719400043,449,3.1230905055999756
4.71,80.00297021842277,80.01231035931372,449,3.0860776901245117
4.74,80.00319691065701,80.01258318228366,449,3.0487592220306396
4.7700000000000005,80.00373723657813,80.01313522270806,449,3.0112125873565674
4.8,80.00461321844317,80.01399184915276,449,2.9735167026519775
4.83,80.00501044739319,80.01440248020008,451,2.935750961303711
4.86,80.00588787405637,80.01506848405488,451,2.897991895675659
4.89,80.00353361163396,80.01324093776581,435,2.8603131771087646
4.92,80.00385666387596,80.01402624428606,437,2.822786569595337
4.95,80.0022721551467,80.01453690820084,430,2.7854807376861572
4.98,80.00176566442416,80.01546711739488,429,2.7484614849090576
5.01,80.0011897342576,80.01621080065243,429,2.7117931842803955
5.04,80.00068404400524,80.0169519499452,428,2.675536632537842
5.07,80.00055673089227,80.01589156731087,421,2.639752149581909
5.1000000000000005,80.00068793527507,80.01515422029087,415,2.6044962406158447
5.13,80.00120320977005,80.01620793920729,413,2.5698249340057373
5.16,80.00135676542767,80.01649951992442,413,2.5357906818389893
5.19,80.00148223593887,80.01692379810999,413,2.5024454593658447
5.22,80.00128300151361,80.01644116801425,408,2.4698381423950195
5.25,79.99990790418049,80.01281963082337,398,2.4380152225494385
5.28,79.99997281837487,80.01301769722873,397,2.4070205688476562
5.3100000000000005,79.99983094466933,80.01308664098774,405,2.376894950866699
5.34,79.99945310656662,80.013201200104,409,2.34767746925354
5.37,79.99962989045817,80.01350204298383,409,2.3194050788879395
5.4,79.9998074198656,80.01383440743284,409,2.2921109199523926
5.43,79.99999529091401,80.01422377317479,409,2.2658274173736572
5.46,80.00018174893577,80.01469162380499,409,2.2405846118927
5.49,80.00041305757081,80.01536500200118,409,2.216407060623169
5.5200000000000005,80.00094918865315,80.01668743482071,409,2.193316698074341
5.55,80.0023505289801,80.01873520408033,409,2.17132568359375
5.58,80.00245036476718,80.02037381093113,410,2.1504275798797607
5.61,80.00222980353799,80.02197960514093,410,2.1305813789367676
5.64,80.00220921373386,80.02236204537326,405,2.111679792404175
5.67,79.99974389531594,80.02143893892662,391,2.0934879779815674
5.7,79.99860544540645,80.02057169147332,387,2.0755295753479004
5.73,79.99866320366024,80.02134727032539,385,2.0568342208862305
5.76,79.99912631792924,80.02260953894864,385,2.0352425575256348
5.79,79.99961086029076,80.0231034605509,385,2.005314588546753
5.82,79.99990773703716,80.02241550170478,403,1.9565598964691162
5.8500000000000005,80.00020646035793,80.02300376086097,403,1.8928806781768799
5.88,80.00007145387377,80.02394547704037,397,1.8287850618362427
5.91,79.99934722177028,80.02380871804952,384,1.7675436735153198
5.94,79.9994712769269,80.02473639224739,383,1.7093838453292847
5.97,79.99950439300694,80.02521052310425,377,1.6542619466781616
6.0,79.99964987181174,80.02575222482862,377,1.6021145582199097
6.03,79.99952944617833,80.02580437772923,364,1.552879810333252
6.0600000000000005,79.99967128066366,80.0265377707819,361,1.5064982175827026
6.09,79.99968688984829,80.02747305901445,366,1.4629145860671997
6.12,79.99976805563428,80.02825664472454,370,1.4220761060714722
6.15,79.99982086335659,80.028989293372,378,1.3839318752288818
6.18,80.0001043997567,80.03004445891601,378,1.348433256149292
6.21,80.00072621508713,80.03210060752879,378,1.3155336380004883
6.24,80.0013535157463,80.03416396238389,378,1.2851879596710205
6.2700000000000005,80.00150135184006,80.03455494742839,371,1.2573521137237549
6.3,80.0015817775225,80.03499751013658,366,1.2319830656051636
6.33,80.0010410352639,80.0343335489946,359,1.2090394496917725
6.36,80.001132476868,80.03046907516544,353,1.1884794235229492
6.390000000000001,80.0015754075068,80.03058295739699,352,1.1702626943588257
6.42,80.00186837438773,80.03133998356964,352,1.1543489694595337
6.45,80.0021561519614,80.03212950911856,352,1.1406983137130737
6.48,80.00245137038054,80.03295927731945,352,1.1292709112167358
6.51,80.00275560542799,80.03389818449881,352,1.1200276613235474
6.54,80.00273286348398,80.03501270933046,358,1.1129289865493774
6.57,80.00305041275924,80.03613459247971,358,1.1079354286193848
6.6000000000000005,80.00325869859799,80.03673561923475,352,1.1050071716308594
6.63,80.00346044673847,80.0368122758378,344,1.1041046380996704
6.66,80.0038066610554,80.03707052106026,344,1.1051878929138184
6.69,80.00423463666318,80.03786691156743,344,1.1082165241241455
6.72,80.00482458950546,80.03966912308593,344,1.113149642944336
6.75,80.00531420816223,80.04094826661672,345,1.1199461221694946
6.78,80.00523612879245,80.04187611146263,352,1.1285640001296997
6.8100000000000005,80.00541706969113,80.04232194650537,350,1.138960838317871
6.84,80.00533828522089,80.04045940495918,347,1.1510932445526123
6.87,80.00512624249959,80.04010010388929,345,1.1649174690246582
6.9,80.00541440668506,80.04077789829921,347,1.1803876161575317
6.93,80.00555242040146,80.0416124392205,351,1.1974575519561768
6.96,80.00575696626026,80.0425173928399,352,1.2160800695419312
6.99,80.00613271108995,80.04328293168578,356,1.2362061738967896
7.0200000000000005,80.00669300121318,80.04444897768731,357,1.2577860355377197
7.05,80.00755885516092,80.04677266960451,357,1.2807685136795044
7.08,80.0082227829625,80.0485329819094,357,1.305100679397583
7.11,80.00834601162117,80.04968653289636,359,1.3307286500930786
7.140000000000001,80.00754460341115,80.05045646537494,371,1.3575973510742188
7.17,80.00720219020874,80.04877459081291,366,1.3856500387191772
7.2,80.00675131547004,80.04619561125313,360,1.4148286581039429
7.23,80.00696512411176,80.04573484274792,358,1.4450740814208984
7.26,80.00609231617197,80.04526170500459,349,1.4763261079788208
7.29,80.00630564488348,80.04421659013389,337,1.5085227489471436
7.32,80.00726835917396,80.04334113214419,330,1.5416014194488525
7.3500000000000005,80.00755781463921,80.0430609921817,327,1.5754979848861694
7.38,80.00784516391231,80.04296591283003,325,1.6101469993591309
7.41,80.00462194253906,80.04237560922154,309,1.6454832553863525
7.44,80.00492444393907,80.04247301669388,309,1.6814395189285278
7.47,80.0054992994447,80.04301175629969,309,1.717948317527771
7.5,80.00575072136652,80.04488115882405,315,1.754942774772644
7.53,80.00581024370535,80.04605242857569,317,1.7923592329025269
7.5600000000000005,80.00584450481392,80.04705761571671,317,1.8301501274108887
7.59,80.0025013015871,80.0466390031977,307,1.8683406114578247
7.62,80.00242533323147,80.04799290229091,309,1.9072760343551636
7.65,80.00314563066587,80.05069009732073,311,1.9488067626953125
7.68,80.00378607625812,80.05342075753255,311,2.002124547958374
7.71,80.00377436684906,80.05521455704438,311,2.087310791015625
7.74,80.00358829900769,80.05569218738877,308,2.186289072036743
7.7700000000000005,80.00297161000621,80.05172122701742,304,2.286749839782715
7.8,80.00264046369796,80.04668429338498,299,2.388110399246216
7.83,80.00182292416824,80.04427068306757,321,2.4902665615081787
7.86,80.00235925492089,80.04513471114188,321,2.5931143760681152
7.890000000000001,80.0029257008749,80.0465890087495,320,2.696542978286743
7.92,79.99963042256515,80.05002628202685,309,2.8004343509674072
7.95,79.99982090016022,80.05142102250431,313,2.904663562774658
7.98,79.99978014425061,80.05231059922396,314,3.009099245071411
8.01,79.9979894121022,80.05069099382926,322,3.113604784011841
8.040000000000001,79.99853962719637,80.05225913911725,323,3.218038558959961
8.07,79.99844965169308,80.0544018380879,323,3.3222553730010986
8.1,79.9987378635186,80.05483217571964,323,3.4261059761047363
8.13,79.99877855618001,80.05475041862167,322,3.5294384956359863
8.16,79.99771401976578,80.05127157086916,315,3.632098913192749
8.19,79.9968186326437,80.04642444693268,314,3.7339305877685547
8.22,79.99769307821362,80.04574879847,306,3.8347766399383545
8.25,79.9979540620091,80.0450937852441,299,3.9344229698181152
8.28,79.99819432603222,80.04490629259328,299,4.006815433502197
8.31,79.99507808820809,80.04237554596207,287,4.015900611877441
8.34,79.99533601748747,80.04059856710562,287,4.016367435455322
8.370000000000001,79.99558685672535,80.03885222108791,287,4.0155463218688965
8.4,79.9957759326141,80.03716727821259,287,4.014472961425781
8.43,79.99572241079649,80.03522633981586,287,4.013338565826416
8.46,79.99508679558237,80.03394408601089,298,4.012181758880615
8.49,79.99530171027705,80.03250071692065,303,4.011011123657227
8.52,79.99540610074243,80.03224265877238,305,4.009829044342041
8.55,79.99487407696418,80.03306397482217,312,4.008637428283691
8.58,79.9953954432374,80.03340798197233,312,4.007436275482178
8.61,79.99594985132845,80.03385236703181,313,4.0062255859375
8.64,79.99751738982901,80.03348182451751,313,4.005002975463867
8.67,79.99865647534048,80.03294256237415,314,4.003767013549805
8.700000000000001,79.99889941129321,80.03178059730624,312,4.0025153160095215
8.73,79.99919911085708,80.03131404231092,311,4.001243591308594
8.76,79.99934429833564,80.03114171744355,311,3.9999494552612305
8.790000000000001,79.99884066436282,80.03099477547319,305,3.998626947402954
8.82,79.99896084871355,80.030685424081,299,3.9972710609436035
8.85,79.99921192841597,80.03029124278079,292,3.995875120162964
8.88,79.99943477047053,80.03013882826518,289,3.9944310188293457
8.91,79.99978105793235,80.0300493472161,289,3.992929220199585
8.94,80.00013722939637,80.02995555521468,290,3.9913580417633057
8.97,80.0000707968985,80.02994254509139,301,3.9897029399871826
9.0,80.00073255132374,80.0292513921805,301,3.9879462718963623
9.03,80.0020688178604,80.02823920223547,301,3.9860639572143555
9.06,80.00299307036028,80.02918452872888,301,3.984025716781616
9.09,80.00341948483818,80.02975343269144,307,3.9817912578582764
9.120000000000001,80.00386210622783,80.02925364954139,307,3.9793057441711426
9.15,80.00400453590197,80.02782289326043,304,3.976492166519165
9.18,80.003353463353,80.02287011726023,299,3.9732425212860107
9.21,80.00315368580452,80.01928378253136,293,3.96940016746521
9.24,80.00337200027022,80.0180379191904,291,3.9647369384765625
9.27,80.00375231845327,80.01736551859408,291,3.9589250087738037
9.3,80.00247706361492,80.01621442515909,285,3.9515132904052734
9.33,80.00290774689292,80.01650708278736,285,3.9419374465942383
9.36,80.00336000439641,80.01721561269315,286,3.929597854614258
9.39,80.00537238162387,80.01721362897354,286,3.913991928100586
9.42,80.00671629814481,80.01780741965788,286,3.8948094844818115
9.450000000000001,80.00762919535644,80.01820494000225,286,3.871919631958008
9.48,80.00733680918984,80.01929842681896,283,3.845292091369629
9.51,80.00651172311095,80.02085797395269,278,3.814937114715576
9.540000000000001,80.00690087100884,80.02254582628,279,3.780877113342285
9.57,80.00516827761345,80.02707960067018,284,3.7431418895721436
9.6,80.00535546814145,80.02888553635363,286,3.701765775680542
9.63,80.00580998482194,80.03018665615318,286,3.656787395477295
9.66,80.00629017632419,80.03179739786027,291,3.608250617980957
9.69,80.00703769983731,80.03287375608116,297,3.556203603744507
9.72,80.0078973376754,80.03419446889293,300,3.500699758529663
9.75,80.0082194112572,80.0333805621537,298,3.4417977333068848
9.78,80.00832823565808,80.03037246849588,298,3.3795602321624756
9.81,80.00847344746956,80.02919687227667,295,3.3140552043914795
9.84,80.0075370207747,80.02654805883078,288,3.2453553676605225
9.870000000000001,80.0068192601172,80.02184335683373,283,3.1735382080078125
9.9,80.00729111149812,80.02087033908323,282,3.0986862182617188
9.93,80.00867825232167,80.02052730191791,282,3.0208866596221924
9.96,80.00991523171407,80.02121475571144,282,2.9402313232421875
9.99,80.01076938531754,80.02289018681374,282,2.856815814971924
10.02,80.0116663598525,80.02537882796186,282,2.770742416381836
10.05,80.00863104371402,80.02921736185348,270,2.682115077972412
10.08,80.00858571974753,80.03229398082433,270,2.591043472290039
10.11,80.0041399165836,80.03565499101556,272,2.4976418018341064
10.14,80.00306267078294,80.03696733663978,282,2.402028799057007
10.17,80.0028742927809,80.03941806032697,280,2.3043246269226074
10.200000000000001,80.00301721760644,80.03873589920747,279,2.2046539783477783
10.23,80.00244364817799,80.03906711703398,277,2.1029815673828125
10.26,80.00287081733626,80.03884066075037,276,1.9904348850250244
10.290000000000001,80.00307883172763,80.03947884099615,279,1.8345632553100586
10.32,80.00260741796608,80.04179879306486,296,1.6755067110061646
10.35,80.00043453293863,80.04456219134927,317,1.5198804140090942
10.38,80.00054766513831,80.04515286888191,319,1.3677598237991333
10.41,80.00099469885531,80.04568198790973,314,1.2192047834396362
10.44,80.0015966314887,80.04594167355891,312,1.0742805004119873
10.47,80.00269397894724,80.04651969948472,308,0.9330554008483887
10.5,80.00476514200804,80.04812207434341,302,0.7956013679504395
10.53,80.00386965801684,80.04993034016762,311,0.661992609500885
10.56,80.0062503317693,80.05232112712076,315,0.5323050022125244
10.59,80.00306083781877,80.05156533219193,302,0.4066164195537567
10.620000000000001,80.00299454110734,80.0520447535065,308,0.28500691056251526
10.65,80.00336007834377,80.05182500087149,308,0.16755782067775726
10.68,80.00060909099129,80.04914256241506,299,0.05435112863779068
10.71,79.99987697196092,80.04877943313313,296,-0.054531071335077286
10.74,80.00053105162107,80.04947867499537,296,-0.15900732576847076
10.77,80.00179846007389,80.05182900702934,296,-0.25899893045425415
10.8,80.00314873025695,80.05504819389407,296,-0.35443219542503357
10.83,80.00340414312637,80.05674987301377,296,-0.44523894786834717
10.86,80.00295130309135,80.05958914973849,296,-0.5313565135002136
10.89,79.99871275925703,80.0554010297734,285,-0.612727701663971
10.92,79.999352860616,80.05773293609639,289,-0.6893008947372437
10.950000000000001,80.00038094023779,80.05797860750164,290,-0.7610300779342651
10.98,80.00061529731549,80.05625766478079,290,-0.8278749585151672
11.01,79.99925826527037,80.05300475093662,286,-0.8898018598556519
11.040000000000001,79.99780669488341,80.05273907130392,296,-0.9467862248420715
11.07,79.99702671449745,80.05343200188945,285,-0.9988126158714294
11.1,79.99836461011772,80.05593508915457,277,-1.0458742380142212
11.13,79.99910294810094,80.05524225420228,271,-1.0879731178283691
11.16,79.99947757774187,80.05165513583675,271,-1.125118613243103
11.19,79.99656324085194,80.04701277489065,256,-1.1573282480239868
11.22,79.99517631077366,80.04488652448933,255,-1.1846270561218262
11.25,79.99317993269186,80.0441309614553,263,-1.2070472240447998
11.28,79.99300552785087,80.04424899557235,266,-1.2246278524398804
11.31,79.99335163146883,80.04615469513654,265,-1.237414002418518
11.34,79.99384820950927,80.0473941624342,265,-1.245457649230957
11.370000000000001,79.99411910471086,80.04848647498768,269,-1.2488163709640503
11.4,79.99277459236674,80.05031494428856,280,-1.2475539445877075
11.43,79.99302041778083,80.05139704379935,280,-1.2417398691177368
11.46,79.99341113684588,80.05155087760336,281,-1.231448769569397
11.49,79.99383722798343,80.05214754594536,277,-1.2167609930038452
11.52,79.99433838350019,80.05288264457,277,-1.1977624893188477
11.55,79.99468028386389,80.05355775701645,273,-1.1745434999465942
11.58,79.99446708042899,80.05538796007188,270,-1.1472007036209106
11.61,79.99424039895382,80.05600531034966,266,-1.1158347129821777
11.64,79.99484971144834,80.05698737791182,265,-1.0805509090423584
11.67,79.99554022219436,80.05770885290637,265,-1.0414589643478394
11.700000000000001,79.99696812322382,80.0596188713602,266,-0.9986719489097595
11.73,79.99807577634249,80.06213227728736,267,-0.9523065090179443
11.76,80.00153185638906,80.0668115437611,267,-0.902481734752655
11.790000000000001,80.00168867282163,80.06732431722153,262,-0.84931880235672
11.82,80.00189070839563,80.06752477414248,260,-0.7929403781890869
11.85,80.00162850086598,80.0648777019036,255,-0.7334702610969543
11.88,80.00312785275207,80.05867618942534,254,-0.6710337400436401
11.91,80.00244824024,80.05846785721144,241,-0.6057561039924622
11.94,80.00246892868756,80.06104645656166,239,-0.5377635359764099
11.97,80.00286690730393,80.06422741651762,243,-0.46718212962150574
12.0,80.00366560535728,80.06648163547604,245,-0.3941378891468048
12.030000000000001,80.00467822264261,80.06788917581267,246,-0.3187563121318817
12.06,80.00567334030289,80.06858960376948,247,-0.2411627620458603
12.09,80.0064806538097,80.07001899879009,247,-0.1614817976951599
12.120000000000001,80.0070306336751,80.07302452164149,249,-0.0798373743891716
12.15,80.0070132245169,80.07555810322097,255,0.003647306002676487
12.18,80.00689842800662,80.0769904424469,251,0.08884990960359573
12.21,80.00682806856555,80.08055198006379,250,0.17564907670021057
12.24,80.00615582363511,80.08580677795567,255,0.2639245092868805
12.27,80.00695950597414,80.09028157006031,255,0.3535570502281189
12.3,80.00776617497326,80.09463397726446,255,0.44442880153656006
12.33,80.0080547396204,80.09783021947658,247,0.5364231467247009
12.36,80.00980957692914,80.09779222661544,243,0.6294248700141907
12.39,80.01059308016073,80.09813852507659,243,0.7233203053474426
12.42,80.01132969710322,80.0987685899868,242,0.8179972171783447
12.450000000000001,80.00854128181506,80.10210100965125,232,0.9133449196815491
12.48,80.00836399270273,80.10547931952998,229,1.0092544555664062
12.51,80.00900581679599,80.10741034086142,227,1.1056183576583862
12.540000000000001,80.00995204025286,80.10682485500722,229,1.2023308277130127
12.57,80.00910850598873,80.10695183427954,230,1.2992877960205078
12.6,80.00732060784998,80.10232218049183,231,1.396386981010437
12.63,80.0079282827317,80.09889767432837,228,1.4935272932052612
12.66,80.00950710729634,80.09741922620307,232,1.5906093120574951
12.69,80.00948745438076,80.09258170612743,235,1.6875357627868652
12.72,80.004077864035,80.08607678950258,230,1.784213662147522
12.75,80.00439294603308,80.07794068703731,228,1.8806623220443726
12.780000000000001,80.00509550378575,80.07168650159396,228,1.9810538291931152
12.81,80.00586519639411,80.06583793416154,228,2.1215550899505615
12.84,80.00731166680451,80.061813212003,232,2.2796366214752197
12.870000000000001,80.00779893958486,80.05958120728586,239,2.4399192333221436
12.9,80.00865497411098,80.05484101784796,240,2.6021957397460938
12.93,80.00633258993486,80.04995360131797,230,2.7663397789001465
12.96,80.00830951100662,80.04246418781905,229,2.9322187900543213
12.99,80.00946333824928,80.04081541760364,229,3.0996944904327393
13.02,80.01303560524188,80.04174969698875,229,3.2686243057250977
13.05,80.01382572911595,80.0385539484484,229,3.438859462738037
13.08,80.01414562712431,80.03458758455865,228,3.610246419906616
13.11,80.00259213188946,80.02090475846308,207,3.782628059387207
13.14,80.00059243093206,80.01362355019657,209,3.955721616744995
13.17,80.00125928601051,80.00558776523334,203,4.052579879760742
13.200000000000001,80.00170400427683,79.99736321411517,203,4.105147838592529
13.23,80.00181381888639,79.98857378530494,203,4.156013011932373
13.26,80.00122577568015,79.98573270830565,209,4.205534934997559
13.290000000000001,80.00089963891612,79.98441513986977,214,4.253608226776123
13.32,80.00144549421687,79.98410577556868,214,4.30012845993042
13.35,80.00220203777117,79.98318319580093,217,4.344998836517334
13.38,80.00318060826362,79.98083446869408,218,4.388130187988281
13.41,80.00419668291374,79.97745636594388,216,4.429438591003418
13.44,80.0051565838243,79.97793278401,215,4.468846321105957
13.47,80.00573132746985,79.98151309742912,216,4.50628137588501
13.5,80.00654258019114,79.98115544173493,212,4.541677474975586
13.530000000000001,80.00689499573899,79.982912798287,209,4.5749688148498535
13.56,80.01083671856358,79.98369716938177,212,4.606093883514404
13.59,80.0130185061892,79.98476723926495,210,4.6349945068359375
13.620000000000001,80.01398143665247,79.98561405352629,208,4.661616325378418
13.65,80.0078952335616,79.98407248979737,194,4.685906410217285
13.68,80.00652234504997,79.98634316611873,209,4.707815170288086
13.71,80.00319229708803,79.98519148109001,205,4.727296829223633
13.74,79.9971253504426,79.98422006864186,219,4.7443084716796875
13.77,79.99621635929489,79.98059925331559,214,4.7588114738464355
13.8,79.99650465033804,79.97893277286228,209,4.770770072937012
13.83,79.99667429420897,79.97521157148194,210,4.780150413513184
13.86,79.99626786099721,79.97289362777828,210,4.786923408508301
13.89,79.99779080491277,79.97221967827733,211,4.791062355041504
13.92,79.99976000993071,79.97289140524525,211,4.792544841766357
13.950000000000001,79.99997980188536,79.97366999966522,211,4.791352272033691
13.98,79.99383649195074,79.9727733190804,202,4.787467956542969
14.01,79.9924478449333,79.97544937659335,199,4.780879020690918
14.040000000000001,79.99264943742297,79.97953658471947,199,4.771578311920166
14.07,79.99382098773147,79.98554305772613,199,4.759556770324707
14.1,79.99463115345657,79.99214152215671,200,4.744812488555908
14.13,79.99870067114132,79.9963555545622,197,4.727344989776611
14.16,79.99896735880942,79.9990138229378,194,4.707158088684082
14.19,79.9985260011638,80.00244711385824,191,4.684253692626953
14.22,79.99358503983778,80.00756664312212,199,4.658639907836914
14.25,79.99445159492713,80.01388948735286,199,4.630326271057129
14.280000000000001,79.99532981472436,80.01924885808262,199,4.599325656890869
14.31,79.99603066615938,80.02167674050969,196,4.565652370452881
14.34,79.99380514955362,80.02151882195058,193,4.529322147369385
14.370000000000001,79.99316264769084,80.02463574474838,191,4.490354061126709
14.4,79.99407503772193,80.02967454519809,190,4.448771953582764
14.43,79.99551126294519,80.03260011644768,192,4.404599189758301
14.46,79.99637703351112,80.03518034912179,192,4.357863903045654
14.49,79.99705476666819,80.03718720469082,192,4.308598041534424
14.52,79.99696163708892,80.04003012953416,189,4.2568359375
14.55,79.99568928077602,80.04366803416481,178,4.202616214752197
14.58,79.9962419411874,80.04494886473663,175,4.14598274230957
14.61,79.99702107921748,80.04643867529069,175,4.086998462677002
14.64,79.99781883084752,80.04641508769772,173,4.027785301208496
14.67,79.99857980605809,80.04679294551403,175,4.000482559204102
14.700000000000001,80.00191150518793,80.05314199901933,175,3.9966630935668945
14.73,80.00419345194499,80.05931734132074,173,3.994765520095825
14.76,80.00474091591093,80.06342234326304,173,3.992943048477173
14.790000000000001,80.0055089207613,80.06513397570714,173,3.991058349609375
14.82,80.0055624306296,80.06501802885666,158,3.989079236984253
14.85,80.00595885005622,80.06318768230732,150,3.9869749546051025
14.88,80.00685799282228,80.06318866559073,149,3.9847068786621094
14.91,80.00777775381985,80.06242660856553,151,3.982224225997925
14.94,80.00880203463525,80.06019335393316,151,3.979456663131714
14.97,80.01076256640548,80.05705337463945,151,3.976306676864624
15.0,80.01175443812123,80.05460868368756,151,3.9726319313049316
15.030000000000001,80.0127890136536,80.0504943450478,151,3.9682233333587646
15.06,80.01033740747492,80.04828144254051,145,3.9627723693847656
15.09,80.01140098775916,80.04414774647948,145,3.9558346271514893
15.120000000000001,80.01251248236451,80.03925963814629,151,3.946815252304077
15.15,80.01465208871385,80.03433739573941,150,3.9350225925445557
15.18,80.01572185586038,80.029366845226,147,3.9198150634765625
15.21,80.01479698037227,80.02877899043968,143,3.900753974914551
15.24,80.00928082247391,80.03548114314844,137,3.8776326179504395
15.27,80.00924393401415,80.03599592904752,139,3.8503921031951904
15.3,80.00938934210858,80.03593331300587,143,3.8190300464630127
15.33,80.00857513712393,80.03556295601418,143,3.7835633754730225
15.36,80.00540377034741,80.03197780101058,141,3.7440147399902344
15.39,80.0058603611794,80.02712606173998,143,3.7004096508026123
15.42,80.0064092814894,80.02086525271781,144,3.652778148651123
15.450000000000001,80.00697878207427,80.01379196958668,144,3.601154088973999
15.48,80.00751128802422,80.0067765779599,144,3.545576572418213
15.51,80.00769864605648,80.00309780563448,148,3.4860877990722656
15.540000000000001,80.00833647435198,79.99969566627512,148,3.4227354526519775
15.57,80.00904454557023,79.99597147981888,150,3.3555710315704346
15.6,80.01008492456583,79.99382685108645,150,3.2846519947052
15.63,80.01092080805338,79.9915501993664,150,3.2100398540496826
15.66,80.0120592261953,79.98544817980883,152,3.1318020820617676
15.69,80.01133054927635,79.97848241563847,156,3.0500097274780273
15.72,80.00736980476643,79.97362163279638,150,2.9647397994995117
15.75,80.00041280900493,79.97880890397558,157,2.8760743141174316
15.780000000000001,80.00087017155185,79.98254539307295,159,2.7841005325317383
15.81,80.0019936517209,79.98430060785445,157,2.688910484313965
15.84,80.00219991337316,79.98496139407754,161,2.590601921081543
15.870000000000001,80.00215505020158,79.98697160394798,163,2.489276170730591
15.9,80.00527086392198,79.99192179313084,163,2.385040283203125
15.93,80.00624979665919,79.99870466729608,162,2.2780067920684814
15.96,80.00129523341714,80.00361898908554,164,2.1682827472686768
15.99,79.99075556164658,79.99819006759041,154,2.0549678802490234
16.02,79.99018082863356,79.98842216966166,153,1.9091465473175049
16.05,79.99114212411098,79.99300314849297,153,1.7375202178955078
16.080000000000002,79.99065922582852,80.00017057371082,153,1.568516492843628
16.11,79.99158555889379,80.00636272605537,152,1.4025294780731201
16.14,79.99795619700592,80.0088829617556,151,1.2396246194839478
16.17,79.99868266762955,80.00613177174982,149,1.0798718929290771
16.2,79.99954520499428,79.99848723020474,147,0.9233455657958984
16.23,80.00258585750665,79.99922612491915,153,0.770125150680542
16.26,80.00364472957189,80.00691009957042,150,0.6202943325042725
16.29,79.99832423872395,80.02526032385497,148,0.4739396572113037
16.32,79.99412185473163,80.05060132614216,140,0.3311501741409302
16.35,79.99480282082371,80.06552515077658,140,0.19201664626598358
16.38,79.99838801495659,80.07694837487938,142,0.056630946695804596
16.41,79.99933477265068,80.08540402439526,142,-0.07491473853588104
16.44,79.99559793544721,80.09135333069327,155,-0.20252837240695953
16.47,79.99430229950461,80.09318118325248,158,-0.3261186480522156
16.5,79.99651650786464,80.08814069063934,154,-0.445595383644104
16.53,79.9953950307822,80.08112223326341,159,-0.5608700513839722
16.56,79.99507543784082,80.08439090072022,162,-0.6718565821647644
16.59,79.99741242849616,80.08431302658136,162,-0.7784738540649414
16.62,79.99601873492983,80.08394868398658,162,-0.8806472420692444
16.65,79.99214038260877,80.08609837062879,160,-0.9783088564872742
16.68,79.98534218018546,80.09763517246067,149,-1.0713969469070435
16.71,79.98546980474083,80.10378510343537,149,-1.1598566770553589
16.740000000000002,79.98554037965165,80.10844721144507,145,-1.2436389923095703
16.77,79.98443711051273,80.11283503112392,142,-1.3227016925811768
16.8,79.97887361297926,80.11630343800998,154,-1.3970082998275757
16.830000000000002,79.97998426330254,80.1207832973865,152,-1.4665292501449585
16.86,79.98120635646114,80.12489179455952,154,-1.5312403440475464
16.89,79.97993861217317,80.12673175967728,156,-1.5911238193511963
16.92,79.98241371991338,80.13127907895131,153,-1.6461679935455322
16.95,79.98283660434167,80.13295847702932,152,-1.6963670253753662
16.98,79.98588325296741,80.13393656324355,153,-1.7417221069335938
17.01,79.98755062735337,80.12972132478815,154,-1.782243013381958
17.04,79.98768034923609,80.1259964193435,156,-1.8179559707641602
17.07,79.98804441322824,80.1264804014875,155,-1.848921775817871
17.1,79.98913061036653,80.13107195283418,155,-1.875270128250122
17.13,79.99116716757953,80.1418130960175,157,-1.8972418308258057
17.16,79.988088889819,80.14962136381669,169,-1.9152028560638428
17.19,79.99373785614998,80.1549250864247,169,-1.929592251777649
17.22,79.9940927602172,80.16124612534567,171,-1.9407991170883179
17.25,79.99223980633799,80.16639350891857,169,-1.949006199836731
17.28,79.99249905556091,80.17030217570016,168,-1.9540363550186157
17.31,79.99107066770655,80.1737510616315,169,-1.9552356004714966
17.34,79.99105865156692,80.17915723513572,168,-1.951474666595459
17.37,79.99153552132634,80.18939818868037,169,-1.9414798021316528
17.400000000000002,79.99266083103724,80.1984118001307,172,-1.9245750904083252
17.43,79.99353655798193,80.20443292017791,172,-1.9011822938919067
17.46,79.99438639948487,80.21021534656333,172,-1.8723071813583374
17.490000000000002,79.99349611711351,80.21800625512988,168,-1.838760256767273
17.52,79.99264439635864,80.22905965215675,164,-1.8009722232818604
17.55,79.9969122251048,80.24327163316406,164,-1.7591489553451538
17.580000000000002,79.99739451916011,80.25792947463083,164,-1.7134097814559937
17.61,79.99802268250427,80.26684785429337,162,-1.6638497114181519
17.64,79.9987676368521,80.27477139012801,162,-1.6105601787567139
17.67,79.99955056181773,80.28250168912119,162,-1.5536341667175293
17.7,80.00026029005495,80.28900479970815,159,-1.4931683540344238
17.73,80.00071619279001,80.29415435596805,158,-1.4292618036270142
17.76,80.00099698234209,80.29627338943254,157,-1.3620189428329468
17.79,80.0013910447224,80.29686427522464,159,-1.2915477752685547
17.82,80.00174280189371,80.29843531502335,159,-1.2179601192474365
17.85,80.00230576301901,80.30111564880868,159,-1.141371488571167
17.88,80.00291215599621,80.30482243991705,160,-1.06190025806427
17.91,80.00358303967212,80.3085986400615,162,-0.9796679615974426
17.94,80.0043738558863,80.31031672542265,163,-0.894797682762146
17.97,80.00516888126631,80.31198209664004,163,-0.8074150085449219
18.0,80.00592409631847,80.31481712052206,161,-0.7176471948623657
18.03,80.00670874972381,80.31824000677486,161,-0.6256224513053894
18.06,80.00786949065993,80.32079566325181,161,-0.5314702391624451
18.09,80.00863439540232,80.32323238752808,161,-0.4353206753730774
18.12,80.00919682162724,80.3273817983366,161,-0.3373039960861206
18.150000000000002,80.0100172327574,80.3347933626755,163,-0.23755088448524475
18.18,80.01058460662668,80.34548666105772,162,-0.13619175553321838
18.21,80.00888110406721,80.35910861635304,167,-0.03335681930184364
18.240000000000002,80.00778326024876,80.37008566506977,167,0.07082413882017136
18.27,80.00775931778756,80.38267373539716,168,0.17622198164463043
18.3,80.00801392142294,80.39832647393601,169,0.2827082574367523
18.330000000000002,80.01012040581668,80.4146080188002,169,0.3901554048061371
18.36,80.0115074956018,80.43290615000332,173,0.4984367787837982
18.39,80.00510604680554,80.44980914788064,169,0.607426643371582
18.42,80.00524589458928,80.46583847827071,169,0.7170003652572632
18.45,80.00173938760248,80.47929566361952,159,0.8270342946052551
18.48,80.00015662975025,80.49544063374111,163,0.9374061226844788
18.51,79.99749175718271,80.50761946563853,169,1.0479944944381714
18.54,79.99764062857813,80.5172095396886,168,1.158679723739624
18.57,79.99821418224899,80.52770849696341,166,1.2693431377410889
18.6,79.99997442034675,80.53751776573456,168,1.379867434501648
18.63,80.00078192730206,80.55056792103595,171,1.4901371002197266
18.66,80.00095986041161,80.56087646647973,172,1.6000380516052246
18.69,79.99932252768933,80.55981257321149,169,1.7094577550888062
18.72,80.00171808213469,80.54827733791907,172,1.8182958364486694
18.75,80.00320360601668,80.53698406816508,174,1.927022933959961
18.78,80.00396595882452,80.52650434865357,174,2.0563809871673584
18.81,79.99965000800509,80.52289360107942,166,2.224038600921631
18.84,79.99954964388044,80.51709458030017,160,2.3950459957122803
18.87,79.99944158924637,80.50401510543912,151,2.568066358566284
18.900000000000002,80.00269308465244,80.4875126619807,148,2.742950677871704
18.93,80.00418993367745,80.46982437045921,150,2.919543504714966
18.96,80.00298649704281,80.45446178510004,158,3.097684621810913
18.990000000000002,80.00219875743807,80.44117534027401,156,3.2772083282470703
19.02,80.0023006186093,80.42751875066027,156,3.457943916320801
19.05,80.0057920833158,80.41431159801378,156,3.6397159099578857
19.080000000000002,80.00722552643404,80.40472518755764,158,3.8223438262939453
19.11,80.0061410419238,80.39265667739178,158,4.001479625701904
19.14,80.00553902400732,80.37567757478901,156,4.076656341552734
19.17,79.99987501170177,80.35163800762322,164,4.137670993804932
19.2,80.00202382155751,80.32663568527799,164,4.196929931640625
19.23,80.00353934646276,80.302389244287,165,4.254371643066406
19.26,80.00359963046205,80.27630927335193,166,4.309881687164307
19.29,80.0029906151515,80.25480053820523,163,4.3633503913879395
19.32,80.00073189859711,80.2316600630858,159,4.414674758911133
19.35,80.00146814361058,80.21117971523884,160,4.4637603759765625
19.38,80.00290052969292,80.19051279603079,158,4.51051664352417
19.41,80.00391571842546,80.18154764799364,157,4.5548601150512695
19.44,79.99943057943268,80.19199260514215,179,4.596715450286865
19.47,79.98817744021368,80.19122264443753,175,4.636007785797119
19.5,79.98963052822502,80.19149241978505,174,4.672672748565674
19.53,79.98936439198586,80.19096887746058,172,4.706647872924805
19.56,79.990362811736,80.1844335646694,172,4.737878322601318
19.59,79.99210216219414,80.1795560828458,172,4.766313076019287
19.62,79.99181988365446,80.17613719797062,172,4.79190731048584
19.650000000000002,79.99383862278803,80.17216025891737,174,4.814619064331055
19.68,79.99399226832713,80.17496689850074,175,4.834411144256592
19.71,79.99323934702795,80.18212843679235,184,4.851253986358643
19.740000000000002,79.98044522034799,80.19159345260003,186,4.865118980407715
19.77,79.9834375268271,80.19319284249596,186,4.875983238220215
19.8,79.98399673628211,80.19009286127493,184,4.883829593658447
19.830000000000002,79.98437043796979,80.19748169645322,182,4.888644218444824
19.86,79.98479848855727,80.20490189396214,184,4.890416145324707
19.89,79.98567123331256,80.21130225494792,184,4.889138698577881
19.92,79.98687841817859,80.21704406744148,184,4.8848137855529785
19.95,79.987562294178,80.21995567930641,186,4.877439022064209
19.98,79.98715791513749,80.22206967176764,188,4.867021560668945
20.01,79.98665062374674,80.22608633579297,184,4.853570461273193
20.04,79.98725886262895,80.23050550622203,185,4.837100028991699
20.07,79.9890370654123,80.23259464385796,187,4.817625999450684
20.1,79.99397293969702,80.23420224037554,189,4.795168876647949
20.13,79.9946363305114,80.23709152129999,190,4.769752025604248
20.16,79.99468199656863,80.24413468505509,190,4.741403102874756
20.19,79.9945555191362,80.25421833607204,190,4.710151195526123
20.22,79.99529189168413,80.26455346093249,190,4.67603063583374
20.25,79.99621931200878,80.27383504575216,191,4.639076232910156
20.28,79.99708637621708,80.28119107762812,193,4.599328994750977
20.31,79.997975556376,80.28797653927784,194,4.556829452514648
20.34,79.99877951114546,80.29577595544947,192,4.511623382568359
20.37,79.9993180786185,80.3061902320675,183,4.463754653930664
20.400000000000002,80.0001381493582,80.31803656937966,184,4.413271427154541
20.43,80.00096447062825,80.33127379289806,182,4.360225200653076
20.46,80.00141310155085,80.3433061358245,177,4.304666519165039
20.490000000000002,80.00204508849608,80.35324242452158,176,4.24664831161499
20.52,80.00221720680196,80.3602045657163,161,4.186224937438965
20.55,80.00339871023247,80.3627054121186,166,4.123452186584473
20.580000000000002,80.00300936624149,80.35932303800168,165,4.058541297912598
20.61,80.00344505513532,80.35779705563884,170,4.005876541137695
20.64,80.0052725430314,80.35776835420805,176,3.9958856105804443
20.67,80.00629230587431,80.36418703062434,177,3.993523597717285
20.7,80.00586279665191,80.3697935811349,172,3.991595983505249
20.73,80.00476040249609,80.37786147259057,171,3.989614725112915
20.76,80.00563192660057,80.38050830279828,173,3.9875166416168213
20.79,80.00671351260301,80.38126419137222,175,3.9852612018585205
20.82,80.00782144413552,80.38170669669645,175,3.9827983379364014
20.85,80.00894585942365,80.38063691837296,176,3.980059862136841
20.88,80.01036952968067,80.38166474853308,174,3.97694993019104
20.91,80.01124445954672,80.37916727696744,180,3.9733307361602783
20.94,80.01055471292652,80.37428281071381,180,3.968998670578003
20.97,80.01231505204233,80.37100060554535,179,3.963651180267334
21.0,80.01379786863575,80.3721503406051,180,3.9568490982055664
21.03,80.01421360411437,80.374960982865,173,3.9479944705963135
21.06,80.01262334379214,80.3720985345641,165,3.9363768100738525
21.09,80.01303266697762,80.36138536958997,163,3.9213204383850098
21.12,80.01320943448823,80.34660552156015,162,3.902348518371582
21.150000000000002,80.01295811620707,80.34143875838652,159,3.8792312145233154
21.18,80.01390867853162,80.34102182201697,164,3.851900100708008
21.21,80.01078405287544,80.34912856295901,161,3.820352554321289
21.240000000000002,80.00833195429469,80.34822800768667,151,3.784606695175171
21.27,80.00840293586454,80.34179605103465,152,3.7446868419647217
21.3,80.00480976912583,80.34498582873691,150,3.700622081756592
21.330000000000002,80.00262481474682,80.34858951413838,150,3.652444362640381
21.36,80.00080506257028,80.35161607770547,149,3.600189685821533
21.39,80.00167935077555,80.35380656598821,153,3.543897867202759
21.42,80.00219913630461,80.35271991619497,152,3.483612537384033
21.45,80.00459249112411,80.35285127766298,155,3.4193809032440186
21.48,80.00225846866903,80.36210143470325,157,3.351254463195801
21.51,79.9989642472002,80.36728187021598,161,3.279287815093994
21.54,79.99389492376608,80.3746529835591,162,3.203540563583374
21.57,79.99292359355975,80.3786995542029,164,3.1240763664245605
21.6,79.993778881169,80.38384027123581,163,3.0409626960754395
21.63,79.99420300970687,80.39059991423304,160,2.954272747039795
21.66,79.99562233960951,80.39926660406375,158,2.8640832901000977
21.69,79.99751324083718,80.4134095169684,158,2.770476818084717
21.72,79.99957432104519,80.42885044557529,160,2.673539876937866
21.75,80.00092841211928,80.43419882550451,158,2.5733630657196045
21.78,79.99789840174553,80.43088564804542,156,2.470043182373047
21.81,79.99531110220128,80.42061820951795,152,2.363680601119995
21.84,79.99613940580355,80.42043061383063,152,2.2543816566467285
21.87,79.99905786561625,80.41248041889123,154,2.1422290802001953
21.900000000000002,80.00141288837338,80.41383980061899,157,2.0242910385131836
21.93,80.00333261222234,80.41613575327564,158,1.8637490272521973
21.96,80.00659169257182,80.42789195684537,159,1.6903538703918457
21.990000000000002,80.00680136336449,80.43736464896851,161,1.519734263420105
22.02,80.00184181970705,80.4478315303803,163,1.3520076274871826
22.05,79.99663978404254,80.44630280625509,159,1.1872377395629883
22.080000000000002,79.9954062532469,80.4290645214216,163,1.0254926681518555
22.11,79.9939990785402,80.41719547151804,158,0.8668457865715027
22.14,79.99132775172876,80.40745644189629,157,0.7113754749298096
22.17,79.9893846081358,80.4029445433115,158,0.5591641664505005
22.2,79.99004242087123,80.40047341913117,163,0.41029781103134155
22.23,79.9914201313535,80.40965682715827,166,0.26486480236053467
22.26,79.99219566973314,80.4179510054685,166,0.12295544147491455
22.29,79.98310992421936,80.42153255700477,160,-0.015338746830821037
22.32,79.98410325542092,80.42273808333293,160,-0.1499255746603012
22.35,79.98431068238001,80.42327567745075,162,-0.28071266412734985
22.38,79.98473261048294,80.41090231036338,161,-0.4076080322265625
22.41,79.98457579700064,80.39304217438963,169,-0.5305206179618835
22.44,79.98525593256271,80.37064400202996,170,-0.6493606567382812
22.47,79.98845200664564,80.35406127633594,173,-0.7640402913093567
22.5,79.98986872575733,80.33889209272597,175,-0.8744770884513855
22.53,79.99150959328075,80.33033064710541,174,-0.9805945754051208
22.56,79.98776079804072,80.32401395762436,188,-1.082322120666504
22.59,79.9873474143079,80.3176670448187,193,-1.179595708847046
22.62,79.98896722477078,80.30823556305533,195,-1.2723568677902222
22.650000000000002,79.99029681254225,80.2973904173825,195,-1.3605527877807617
22.68,79.98775520088586,80.28919720774283,195,-1.444137454032898
22.71,79.98994542823651,80.28158650129488,196,-1.523069977760315
22.740000000000002,79.99175736836509,80.2761615710811,198,-1.5973155498504639
22.77,79.99172578744803,80.27404644724473,195,-1.6668453216552734
22.8,79.98978931660947,80.27700914760977,194,-1.731636881828308
22.830000000000002,79.98938878902503,80.28741693675032,192,-1.7916781902313232
22.86,79.9870193468582,80.30020255681374,194,-1.847002625465393
22.89,79.98537456961148,80.31866589471034,196,-1.897914171218872
22.92,79.98547386235386,80.33760622574808,201,-1.9462788105010986
22.95,79.98500056306524,80.3462944724063,203,-2.0017335414886475
22.98,79.99018001952363,80.35423507972601,201,-2.0844085216522217
23.01,79.98944681468546,80.36977523763464,203,-2.176288366317749
23.04,79.9894289136871,80.38806013237644,204,-2.2648983001708984
23.07,79.99039483244698,80.40523497851508,203,-2.349536657333374
23.1,79.99088288918877,80.41993910136401,201,-2.4300661087036133
23.13,79.99103624421602,80.42945076758598,205,-2.506361961364746
23.16,79.99157100130347,80.43633123418,204,-2.5783028602600098
23.19,79.99288261213526,80.43922307385795,208,-2.6457695960998535
23.22,79.99335125397421,80.4400735610567,209,-2.708646774291992
23.25,79.99436815925723,80.4374121864732,209,-2.7668213844299316
23.28,79.9943269873392,80.43723226038732,208,-2.8201842308044434
23.31,79.99641230595276,80.43937426876816,208,-2.8686301708221436
23.34,79.99757085735082,80.44747489546417,206,-2.912057876586914
23.37,79.99761595285764,80.46265627755844,201,-2.950371026992798
23.400000000000002,79.9976264130812,80.47992122853387,197,-2.9834749698638916
23.43,79.99718709904941,80.49304906702608,195,-3.0112802982330322
23.46,79.997668527445,80.5011688358517,193,-3.033698558807373
23.490000000000002,79.99833510214658,80.50897206782405,190,-3.050645112991333
23.52,79.99884412281881,80.51631636852996,191,-3.0620386600494385
23.55,79.99909862236261,80.52643152270704,190,-3.067800760269165
23.580000000000002,79.99723927127518,80.53086198354431,187,-3.0678558349609375
23.61,79.99657934639123,80.53334357131536,186,-3.062131643295288
23.64,79.99704274485869,80.54226657572192,183,-3.0505595207214355
23.67,79.99757735444538,80.5538564419271,182,-3.0330748558044434
23.7,79.99832021564832,80.56874560384833,182,-3.009617567062378
23.73,79.99883816138275,80.5752464011344,182,-2.9801316261291504
23.76,79.99922123078923,80.5792557343425,179,-2.944565534591675
23.79,79.99943107575608,80.58192348318597,180,-2.9028735160827637
23.82,79.99979277869984,80.58205542513385,178,-2.8550143241882324
23.85,79.99904468398981,80.58808545688505,180,-2.800952434539795
23.88,79.99936114523202,80.58836660859257,181,-2.7406582832336426
23.91,80.00030953478326,80.59021917807368,180,-2.6741111278533936
23.94,79.99846669809754,80.59770449379941,180,-2.6012964248657227
23.97,79.99603854459757,80.60663389669989,179,-2.522207021713257
24.0,79.99761531960728,80.61811117069612,178,-2.4368438720703125
24.03,79.99847496466519,80.6329513212669,175,-2.34521484375
24.060000000000002,79.99877133642802,80.64813879968212,173,-2.247335910797119
24.09,79.99187818027553,80.66131368316384,166,-2.143202543258667
24.12,79.98892133348951,80.66219209469696,162,-2.030292272567749
24.150000000000002,79.98679277480018,80.66355697610825,162,-1.8729310035705566
24.18,79.98745703211276,80.66302276518023,164,-1.6966631412506104
24.21,79.98679334443345,80.66177813088349,166,-1.5195810794830322
24.240000000000002,79.98779229654556,80.65972751462552,166,-1.3418676853179932
24.27,79.98580440423596,80.66379863276897,171,-1.1636308431625366
24.3,79.98528269359332,80.66446557767961,176,-0.9849854707717896
24.330000000000002,79.98502290758495,80.6680691388119,176,-0.8060528635978699
24.36,79.98555323147906,80.67290520003384,176,-0.6269603371620178
24.39,79.98399264391338,80.67543060658419,179,-0.44783976674079895
24.42,79.98396902622561,80.66796080979718,181,-0.2688271105289459
24.45,79.98461650636374,80.65689975518458,181,-0.09006178379058838
24.48,79.98590723890764,80.64619212264647,182,0.08831407129764557
24.51,79.98575643091331,80.63933340925738,181,0.2661561965942383
24.54,79.9866943624045,80.64092430831057,181,0.4433186650276184
24.57,79.98753339819538,80.64517543653938,179,0.6196545362472534
24.6,79.99082401550608,80.65023171372687,180,0.7950162291526794
24.63,79.99439179413582,80.65664726672485,181,0.9692559242248535
24.66,79.99339961570871,80.67197674752003,181,1.1422258615493774
24.69,79.99151008371197,80.68962640529419,179,1.3137794733047485
24.72,79.98838297700836,80.69183540800452,173,1.4837702512741089
24.75,79.98972099137217,80.6900921929728,174,1.6520534753799438
24.78,79.99084154242898,80.69036286391464,174,1.8184921741485596
24.810000000000002,79.99180785052788,80.69582692900438,173,1.9858388900756836
24.84,79.99607170185273,80.69919432842342,178,2.200066328048706
24.87,79.99786376480303,80.70291628501732,178,2.426624298095703
24.900000000000002,79.99464112698324,80.6923181986487,184,2.655540943145752
24.93,79.99325362892013,80.6771421290561,190,2.886594533920288
24.96,79.99315917396918,80.6588299107891,194,3.119560956954956
24.990000000000002,79.99352044791324,80.63260738822855,194,3.3542094230651855
25.02,79.99291639851725,80.60140420253825,189,3.5903022289276123
25.05,79.99264397775472,80.57248929422295,185,3.827594041824341
25.080000000000002,79.99087877223296,80.54764860279981,179,4.04054594039917
25.11,79.9915243212294,80.53412878156595,180,4.157395839691162
25.14,79.99215801002092,80.52968407708356,183,4.270505428314209
25.17,79.9923562617058,80.52337155365267,186,4.380448818206787
25.2,79.98635825162366,80.52094136641186,192,4.4870758056640625
25.23,79.98364338171707,80.50814298490947,194,4.590248107910156
25.26,79.98283361137814,80.49398754087613,195,4.689833641052246
25.29,79.9829046714995,80.49539475320951,201,4.785712718963623
25.32,79.98504643106001,80.50381257054622,203,4.877771377563477
25.35,79.98429609645535,80.50446035952474,209,4.965906620025635
25.38,79.98332167252693,80.50612310459422,213,5.050020217895508
25.41,79.98468877573038,80.51878606158411,213,5.130023956298828
25.44,79.984490145925,80.5447696100701,211,5.205836772918701
25.47,79.9818119953938,80.5723643685515,209,5.277384281158447
25.5,79.98053994071786,80.59887743912853,205,5.344600677490234
25.53,79.98159022984873,80.619542925837,201,5.407426834106445
25.560000000000002,79.98149150713503,80.63355529227337,203,5.465807914733887
25.59,79.98400548073269,80.65045949994919,204,5.5196990966796875
25.62,79.9875237844045,80.66842630012553,205,5.5690598487854
25.650000000000002,79.98867986098617,80.6798060111199,209,5.613858699798584
25.68,79.98737177665733,80.68961929681356,209,5.654067039489746
25.71,79.98918811351031,80.69786339211734,217,5.689663887023926
25.740000000000002,79.99056409275491,80.7036343619085,215,5.720634937286377
25.77,79.99168198945974,80.70862114298355,216,5.746970176696777
25.8,79.99236321656161,80.71485670662892,216,5.768666744232178
25.830000000000002,79.9923897997516,80.72085041441345,216,5.785726547241211
25.86,79.99322747873268,80.72629970178069,216,5.798155784606934
25.89,79.99406514710427,80.72957548927192,217,5.805970191955566
25.92,79.99477795905459,80.73311226923272,217,5.8091864585876465
25.95,79.99521574384796,80.73792892751527,216,5.807826995849609
25.98,79.99543445537451,80.74516284679058,214,5.801919937133789
26.01,79.9957724268974,80.75378773136943,215,5.791499137878418
26.04,79.99549096023247,80.76158093084814,213,5.776601314544678
26.07,79.99568517544019,80.76810107576682,214,5.75726842880249
26.1,79.99602910740171,80.7773100494658,214,5.733545303344727
26.13,79.99598254946486,80.7918820628441,209,5.705479621887207
26.16,79.99541752627482,80.81123559413601,205,5.673122406005859
26.19,79.9968776774229,80.83494838500496,198,5.636526107788086
26.22,79.99852716554244,80.85323815554749,198,5.595746994018555
26.25,79.99988023258312,80.86433822034927,190,5.550841808319092
26.28,80.00083604134157,80.87361456653232,190,5.501869201660156
26.310000000000002,80.00169463840449,80.87916581305399,185,5.448888778686523
26.34,80.00111225092056,80.88092997922728,190,5.391961574554443
26.37,80.00034436328093,80.8813838449491,188,5.331150054931641
26.400000000000002,80.00016271072226,80.88074625239324,184,5.266517639160156
26.43,80.00009695718448,80.87873225117174,184,5.198131561279297
26.46,79.99719681527304,80.87429549500663,180,5.12606143951416
26.490000000000002,79.99882392249765,80.8747775477782,183,5.050379276275635
26.52,80.00045953444089,80.87788471757995,182,4.971157073974609
26.55,80.00212018411975,80.87981586402208,182,4.8884735107421875
26.580000000000002,80.00324263430285,80.87752136251186,180,4.802407264709473
26.61,80.00198244110035,80.8730755803373,176,4.71304178237915
26.64,80.00105861716068,80.8720515656633,179,4.620462417602539
26.67,80.00038463472644,80.88168269543114,184,4.524758815765381
26.7,80.00075611026988,80.89182142351959,188,4.426019191741943
26.73,80.00047229214643,80.89534294417085,183,4.324341297149658
26.76,79.999885643232,80.89493560190489,181,4.219820976257324
26.79,80.00169117385919,80.89761065919363,183,4.112558841705322
26.82,80.00153251900903,80.90250629201876,185,4.007649898529053
26.85,80.00241289366444,80.90759662593447,188,3.9765026569366455
26.88,80.00079106202891,80.91622059062811,184,3.965547800064087
26.91,80.00052954854618,80.91664744979131,184,3.9548604488372803
26.94,79.99942867315985,80.91947570010002,190,3.9414477348327637
26.97,80.0006831548733,80.92571505945291,189,3.92374324798584
27.0,79.99823022771693,80.93512459568224,187,3.9008309841156006
27.03,79.9966450346793,80.93907130955682,184,3.87233829498291
27.060000000000002,79.99286683456153,80.95103779883382,180,3.838184118270874
27.09,79.9922775463645,80.95076293623687,177,3.798377275466919
27.12,79.99479137255781,80.9508964528837,176,3.752943754196167
27.150000000000002,79.99563191783515,80.95326487921345,182,3.701914072036743
27.18,79.99054642371689,80.95956945506991,196,3.645322561264038
27.21,79.98947419762409,80.9574928983085,203,3.5832080841064453
27.240000000000002,79.99082230057377,80.96304229282032,202,3.5156147480010986
27.27,79.99162928030091,80.97505978562448,203,3.4425911903381348
27.3,79.99158125401131,80.98225634084164,202,3.3641927242279053
27.330000000000002,79.99287781005155,80.9900066923449,200,3.2804806232452393
27.36,79.99560290648033,80.99876064882598,198,3.1915242671966553
27.39,79.99817987007157,81.00501251288428,202,3.097400665283203
27.42,80.00002748305575,81.00147910783235,198,2.998195171356201
27.45,80.0010018632771,80.99803699251129,196,2.894000768661499
27.48,80.00257119247527,80.99145911821503,191,2.7849178314208984
27.51,80.0047612208457,80.98136092357618,191,2.6710546016693115
27.54,80.00097342495249,80.97064824026195,184,2.5525264739990234
27.57,80.00578288217746,80.95987701604167,185,2.4294557571411133
27.6,80.01161955760384,80.96393802247066,184,2.3019731044769287
27.63,80.01481892377441,80.96944898143626,184,2.170208215713501
27.66,80.01682640581411,80.9694296485872,182,2.0323991775512695
27.69,80.0171137168697,80.96845531595457,182,1.8504228591918945
27.72,80.01723841912454,80.97487969919223,181,1.653908133506775
27.75,80.01541944826832,80.99204884764265,179,1.4595732688903809
27.78,80.01468151704977,81.02156047186364,176,1.267562747001648
27.810000000000002,80.01611347966889,81.04170895165396,169,1.077993631362915
27.84,80.01617200290086,81.057263756844,164,0.8909870386123657
27.87,80.01654864917984,81.07318528983387,162,0.7066673040390015
27.900000000000002,80.0179736279384,81.07924017395813,162,0.5251608490943909
27.93,80.01637168810436,81.09747516612751,167,0.34659552574157715
27.96,80.0072380084935,81.11682242695831,167,0.17109979689121246
27.990000000000002,80.00117047054717,81.11947789130237,168,-0.0011979062110185623
28.02,79.99746880613554,81.12342644033893,169,-0.17016972601413727
28.05,79.99318008972891,81.12762981984223,169,-0.3356889486312866
28.080000000000002,79.9900870820343,81.1228536000648,175,-0.49763062596321106
28.11,79.98899100609766,81.11555004548109,181,-0.6558714509010315
28.14,79.98890563749221,81.10453381840748,183,-0.8102891445159912
28.17,79.98911426355646,81.08852007810292,184,-0.9607625603675842
28.2,79.9863860836698,81.07625804397773,180,-1.1071717739105225
28.23,79.98475181393557,81.07060779767129,180,-1.249399185180664
28.26,79.98497785705104,81.06162468749672,182,-1.3873291015625
28.29,79.98337548718901,81.04054236561666,188,-1.520848274230957
28.32,79.98026581548889,81.0166727737665,196,-1.6498467922210693
28.35,79.9789866757127,80.99698821819534,197,-1.7742196321487427
28.38,79.9814507868806,80.97789402877935,200,-1.894017219543457
28.41,79.98019179081078,80.95660025878266,205,-2.0196146965026855
28.44,79.98181432425137,80.94166417108289,212,-2.186717987060547
28.47,79.98290121935021,80.93565490727622,216,-2.3565680980682373
28.5,79.98425704880194,80.9246030658622,215,-2.524399995803833
28.53,79.98577149782838,80.9127846123058,213,-2.689972162246704
28.560000000000002,79.98708139272088,80.90064523915044,217,-2.853048801422119
28.59,79.98839277071461,80.87937217207329,218,-3.013395309448242
28.62,79.98897595892007,80.85495483271947,220,-3.170778512954712
28.650000000000002,79.98782841243465,80.83695509854054,225,-3.324967861175537
28.68,79.98797562214335,80.82725598338318,229,-3.475734233856201
28.71,79.99261425492887,80.81550029785045,225,-3.622851610183716
28.740000000000002,79.99378972201252,80.81268930177515,224,-3.7660953998565674
28.77,79.99481116383686,80.8112405333945,226,-3.905242681503296
28.8,79.99623320697025,80.80412102615406,225,-4.015226364135742
28.830000000000002,79.99701117671243,80.79642029610288,226,-4.037845134735107
28.86,79.99799567611036,80.79275619800282,228,-4.046169281005859
28.89,79.99839301261724,80.79408397632398,223,-4.048027038574219
28.92,79.99931505415947,80.79687406584287,226,-4.044907093048096
28.95,80.00030942950698,80.8005106564358,229,-4.037999629974365
28.98,80.00117179945765,80.80488854934826,231,-4.029336452484131
29.01,80.0018134263933,80.81432676824369,230,-4.0216851234436035
29.04,80.00329212819803,80.82747462544528,230,-4.016323566436768
29.07,80.00613263008286,80.83792315657931,230,-4.012496471405029
29.1,80.00918376356191,80.84305045238368,223,-4.009349346160889
29.13,80.01024223937898,80.85081472703169,223,-4.00650691986084
29.16,80.01017485865648,80.86257406812014,225,-4.003820419311523
29.19,80.01057659398288,80.87926290476744,224,-4.001208305358887
29.22,80.01150793816132,80.8999317172201,227,-3.998610496520996
29.25,80.01207329541809,80.90914345285849,217,-3.9959733486175537
29.28,80.01274276278133,80.91647998146023,219,-3.9932405948638916
29.310000000000002,80.01308152989357,80.92776494355888,215,-3.9903459548950195
29.34,80.01375774780348,80.94164932606184,212,-3.9872050285339355
29.37,80.01517550465941,80.9582755349639,211,-3.9837002754211426
29.400000000000002,80.01758418257164,80.97639666535191,213,-3.979656219482422
29.43,80.0195296925436,80.98914420777984,218,-3.9747989177703857
29.46,80.02128644177868,80.99667594248722,217,-3.968684196472168
29.490000000000002,80.02029950559513,81.0040267500109,214,-3.960590362548828
29.52,80.01943027122607,81.01243479314219,216,-3.9494264125823975
29.55,80.01968406030997,81.02020189371052,212,-3.9338161945343018
29.580000000000002,80.01882678369942,81.01670888744086,211,-3.9125120639801025
29.61,80.01741904852341,81.0119521465294,210,-3.884800910949707
29.64,80.01539741487251,81.00918917090134,213,-3.850445508956909
29.67,80.01294216452762,81.0039947489154,210,-3.8094005584716797
29.7,80.01394279461708,81.00201969705853,208,-3.761664628982544
29.73,80.01413230508138,80.99572093725851,208,-3.7072458267211914
29.76,80.01177005616508,80.97965333527698,205,-3.64615535736084
29.79,80.00780033763317,80.9582678558225,200,-3.578409194946289
29.82,80.0075659566473,80.94130606154248,201,-3.5040283203125
29.85,80.00665816975217,80.92479031370794,202,-3.4230353832244873
29.88,80.00559313905055,80.90013324892817,202,-3.335458993911743
29.91,80.00518017853065,80.88152451057178,196,-3.241332769393921
29.94,80.00252035720303,80.85751650653961,204,-3.140695571899414
29.97,80.0016259961484,80.83107807303146,206,-3.033590316772461
30.0,80.0025910824075,80.80254960807588,206,-2.920067310333252
30.03,80.00164528132524,80.77550148840136,209,-2.8001832962036133
30.060000000000002,80.00110943313227,80.75306512555782,207,-2.6740000247955322
30.09,79.99934949474776,80.74069863352587,208,-2.5415871143341064
30.12,79.99916872358386,80.73677545009753,207,-2.403020143508911
30.150000000000002,80.00117270044834,80.73778537737498,208,-2.2583820819854736
30.18,80.00481260933417,80.74142510131026,208,-2.1076810359954834
30.21,80.00754664315798,80.74820741282413,207,-1.9327136278152466
30.240000000000002,80.00750747988958,80.75491497722068,215,-1.7160687446594238
30.27,80.00710975070201,80.7576243317333,214,-1.4995758533477783
30.3,80.0079607935879,80.76202499454793,213,-1.284036636352539
30.330000000000002,80.00829458200846,80.7689880314747,212,-1.0695637464523315
30.36,80.00806018750495,80.7708162876696,215,-0.8562772274017334
30.39,80.00888183289582,80.77461437424587,214,-0.6443043947219849
30.42,80.0106808574548,80.77753237803616,213,-0.43377774953842163
30.45,80.01255452234956,80.78119866644727,215,-0.2248353660106659
30.48,80.01417893810616,80.78019299851432,212,-0.01761946640908718
30.51,80.01031310640906,80.77520816780357,204,0.1877238005399704
30.54,80.00693191809702,80.77483918594162,203,0.39104485511779785
30.57,80.00268187807549,80.78842823181787,194,0.5921903848648071
30.6,79.9986479455488,80.81403260209642,193,0.7910034656524658
30.63,79.99829972383293,80.8252496079218,188,0.9873246550559998
30.66,79.99559474082824,80.84473899439654,196,1.1809933185577393
30.69,79.99895636764434,80.86197314055515,200,1.371848702430725
30.72,79.99714088640769,80.87493462174508,201,1.5597306489944458
30.75,79.9963589840138,80.89368605729281,202,1.7444801330566406
30.78,79.99758864387978,80.91057055533906,206,1.92624831199646
30.810000000000002,79.99864998546121,80.926151423782,208,2.138890266418457
30.84,79.99905403241125,80.94700740105544,211,2.378758430480957
30.87,80.00055569576155,80.97481166345031,210,2.6200907230377197
30.900000000000002,79.99983453676487,81.00030365700053,216,2.862586259841919
30.93,79.99431194074293,81.01311085204075,214,3.1059699058532715
30.96,79.99128057296177,81.01923618885826,214,3.3499624729156494
30.990000000000002,79.98935053002407,81.02344813248608,219,3.594277858734131
31.02,79.98350174384674,81.0197799483175,228,3.838625907897949
31.05,79.98162704797367,81.02384560583417,234,4.049981117248535
31.080000000000002,79.97657087139869,81.0296476167779,237,4.170703887939453
31.11,79.97557815023471,81.02321503210149,239,4.286679267883301
31.14,79.97397955101901,81.0130940502425,242,4.39809513092041
31.17,79.97375654697602,81.00452073941624,245,4.504809379577637
31.2,79.97312465789277,81.01005430907259,240,4.606687545776367
31.23,79.97184785363045,81.01559635004999,236,4.703608989715576
31.26,79.97269686941635,81.01258077257675,234,4.795461177825928
31.29,79.97383931301333,81.00445899818286,234,4.882140636444092
31.32,79.9756919735252,80.998173117534,235,4.963551998138428
31.35,79.97653098078753,80.99322134315925,237,5.0396037101745605
31.38,79.98023286988341,80.98327203116423,237,5.110213279724121
31.41,79.98593174809648,80.97535820280166,240,5.175304889678955
31.44,79.98946165950473,80.96902167667278,240,5.234807014465332
31.470000000000002,79.98979689388457,80.97004122013081,244,5.288656711578369
31.5,79.99224266676052,80.96936636026717,242,5.336796283721924
31.53,79.99530455168461,80.9721743572573,242,5.379174709320068
31.560000000000002,79.99689033813972,80.98450704162802,239,5.415745735168457
31.59,79.99721913449555,81.00286453745925,239,5.446470260620117
31.62,79.99692825215499,81.01585102385063,236,5.471316337585449
31.650000000000002,79.99773956881381,81.02992056844474,233,5.490260124206543
31.68,79.99876208101155,81.04060248296018,233,5.5032830238342285
31.71,80.00040777271008,81.05417478635925,233,5.510377407073975
31.740000000000002,80.0023705588598,81.06604639399394,231,5.5115437507629395
31.77,80.00432466212771,81.0778633233498,231,5.506789684295654
31.8,80.00592251494619,81.09002265245923,234,5.496127605438232
31.830000000000002,80.00610045175458,81.10642069533534,234,5.479584217071533
31.86,80.00582887399025,81.12522353709353,236,5.457187175750732
31.89,80.00515120780831,81.14424365784494,235,5.428976535797119
31.92,80.00654783547292,81.16080252276893,232,5.394998550415039
31.95,80.00523436980359,81.18139212367458,228,5.355306148529053
31.98,80.00583831327964,81.20055009426137,222,5.309960842132568
32.01,80.00610467331659,81.22633685274104,219,5.259028911590576
32.04,80.00664684184765,81.25151545325963,222,5.2025861740112305
32.07,80.00761460275812,81.27372757156724,222,5.140713214874268
32.1,80.0084714346746,81.28720361742239,224,5.07349967956543
32.13,80.00884470541018,81.29456248093156,224,5.001040458679199
32.160000000000004,80.0083855416232,81.29683976743193,223,4.923436641693115
32.19,80.00815138099199,81.29386845090707,222,4.840795040130615
32.22,80.00538433363273,81.2860988632375,221,4.753228664398193
32.25,80.00468599117882,81.27368577970562,220,4.660854816436768
32.28,80.0053024680491,81.26167330497262,216,4.5637969970703125
32.31,80.00797304202398,81.2489567931491,219,4.462182521820068
32.34,80.01040741139346,81.23525583547593,220,4.356142997741699
32.37,80.01242099590297,81.21613735467938,219,4.245814323425293
32.4,80.01299951246085,81.18704744600777,219,4.131335258483887
32.43,80.01411375954845,81.16248827892385,212,4.015145778656006
32.46,80.01656785226682,81.15051015731778,212,3.972050666809082
32.49,80.01754050221994,81.14793447281762,211,3.9541783332824707
32.52,80.01640984255117,81.14988864805079,210,3.9339795112609863
32.55,80.01761560047608,81.15872894216899,211,3.9077537059783936
32.58,80.01709086406963,81.17037881319685,213,3.874398946762085
32.61,80.01417282987293,81.18002486575361,210,3.8336896896362305
32.64,80.0107221153592,81.1809589208577,204,3.785609006881714
32.67,80.00866218099907,81.18005068455817,204,3.730166435241699
32.7,80.00734833688036,81.18305088251577,206,3.667375326156616
32.730000000000004,80.00601443385948,81.19505491890237,208,3.5972535610198975
32.76,80.00630378534294,81.20713465027167,212,3.5198233127593994
32.79,80.00731696527023,81.21947660715924,214,3.435112714767456
32.82,80.0077176077451,81.2286731001523,219,3.3431577682495117
32.85,80.00641494400202,81.23647862009526,223,3.2440009117126465
32.88,80.00076667606808,81.24148005590331,236,3.1376914978027344
32.910000000000004,79.99903746265547,81.25207748065942,239,3.0242879390716553
32.94,79.99909792638356,81.25488796177167,243,2.9038567543029785
32.97,79.99841208205228,81.24546436761702,241,2.7764735221862793
33.0,80.00093548688253,81.23005158658974,245,2.642224073410034
33.03,80.00242340854362,81.21330848369067,245,2.5012032985687256
33.06,80.00409311925038,81.19251086596971,245,2.353515863418579
33.09,80.00291386984156,81.1860785588565,242,2.199274778366089
33.12,80.00143960876703,81.1826025050497,241,2.037313461303711
33.15,79.99882100404632,81.17903061990934,241,1.8280531167984009
33.18,79.9972677170368,81.18467144250492,238,1.6031581163406372
33.21,79.99916445164766,81.19762895398424,236,1.3790019750595093
33.24,79.99913624114917,81.21887611382522,232,1.155747652053833
33.27,80.00254381793178,81.26080134878082,230,0.9335512518882751
33.3,79.99890279316489,81.30793138202056,218,0.7125750780105591
33.33,80.00127885767817,81.35254267386073,218,0.49298617243766785
33.36,80.00254317234806,81.3945212426808,216,0.274955153465271
33.39,80.00434240363063,81.4376503157336,216,0.05865603685379028
33.42,80.00833966652672,81.48555330325334,217,-0.15573397278785706
33.45,80.01023747842032,81.543961705262,217,-0.3680342137813568
33.480000000000004,80.01167915092462,81.60470623685211,218,-0.5780612826347351
33.51,80.01128263244613,81.67220419685374,220,-0.7856299877166748
33.54,80.01421308703944,81.75886755517035,220,-0.99055415391922
33.57,80.0103181117146,81.83783384834386,213,-1.1926480531692505
33.6,80.00500530642421,81.90228901935821,206,-1.3917285203933716
33.63,79.9991665268958,81.93663252171078,207,-1.5876152515411377
33.660000000000004,79.9964864583416,81.95320633820063,201,-1.7801326513290405
33.69,79.99271322655333,81.9753507405757,203,-1.970575213432312
33.72,79.99367861375778,81.98788687907155,200,-2.2049400806427
33.75,79.99555091370304,81.99097352996539,198,-2.453411340713501
33.78,79.99489832942928,81.99954601866446,199,-2.703230381011963
33.81,79.99421012920459,82.00457045103488,199,-2.9541068077087402
33.84,79.9936609535181,82.01122318110214,203,-3.2057483196258545
33.87,79.99089751949454,82.02310607953112,205,-3.4578592777252197
33.9,79.98691870342854,82.01774654724336,213,-3.7101402282714844
33.93,79.98341571316709,82.00345098528446,220,-3.9621965885162354
33.96,79.98275651865872,81.99560067567258,222,-4.1187920570373535
33.99,79.98188037544116,81.99055798824082,226,-4.24448823928833
34.02,79.98006343305128,81.9862640864497,230,-4.3654351234436035
34.05,79.97813319400095,81.96269915367986,234,-4.481486797332764
34.08,79.97891777338204,81.93175615652056,234,-4.592505931854248
34.11,79.97992176280403,81.89908396626024,231,-4.6983642578125
34.14,79.9785306994428,81.86965315431236,235,-4.7989420890808105
34.17,79.97762420903608,81.83815004953293,239,-4.89412784576416
34.2,79.97724765212389,81.80576181692221,242,-4.983816146850586
34.230000000000004,79.9773669999187,81.77619533074781,245,-5.067911624908447
34.26,79.97605265194574,81.75182808987967,247,-5.1463236808776855
34.29,79.97682936685435,81.72826704972792,248,-5.218969345092773
34.32,79.97790940291269,81.69796006580361,255,-5.285773277282715
34.35,79.9799009901244,81.6591187160018,259,-5.346667289733887
34.38,79.98266516321404,81.62133330813245,259,-5.401591777801514
34.410000000000004,79.9840187254935,81.58191987526006,258,-5.450500965118408
34.44,79.98528253289031,81.53925135281187,258,-5.493354797363281
34.47,79.98793834104555,81.5066327354157,259,-5.530124664306641
34.5,79.989795081375,81.4802346384073,261,-5.560791015625
34.53,79.99130789683461,81.45662745590234,260,-5.5853424072265625
34.56,79.99303176757448,81.44036682842528,259,-5.603776931762695
34.59,79.99472250550158,81.42770940685335,256,-5.6160993576049805
34.62,79.99672452796962,81.41631072730193,252,-5.6223249435424805
34.65,79.99794810788059,81.40396801187238,251,-5.622473239898682
34.68,79.99939450297455,81.39004508852466,248,-5.616574287414551
34.71,80.00144232744458,81.37908968371946,248,-5.6046624183654785
34.74,80.00321340731662,81.37001309027164,250,-5.5867791175842285
34.77,80.0048037221915,81.36473628623386,252,-5.56296968460083
34.800000000000004,80.00559229818778,81.36269448512938,252,-5.533286094665527
34.83,80.00611461333034,81.35953056280952,247,-5.497786521911621
34.86,80.00527835621853,81.34782290804428,250,-5.456532955169678
34.89,80.00587294704899,81.34215110139817,252,-5.40959358215332
34.92,80.00580845472543,81.33832370468414,251,-5.357043266296387
34.95,80.00461724166581,81.33814145365059,253,-5.298961639404297
34.980000000000004,80.0042426662709,81.34149687639862,252,-5.235434055328369
35.01,80.0047690572607,81.3447730692285,254,-5.16655158996582
35.04,80.00461851355726,81.34956619242061,260,-5.092410087585449
35.07,80.0051690335093,81.34888358229014,266,-5.013113498687744
35.1,80.00608846964636,81.34890581010936,268,-4.928769111633301
35.13,80.00510509871287,81.34894471059967,267,-4.839489459991455
35.160000000000004,80.00284743795685,81.35379767257216,263,-4.745394229888916
35.19,79.99933435683973,81.36436725803705,261,-4.646607398986816
35.22,79.9980863909851,81.37684101267774,261,-4.543260097503662
35.25,79.99758914952308,81.3844080860882,259,-4.435487270355225
35.28,79.99622323004694,81.38882390840809,263,-4.323429107666016
35.31,79.99608428364952,81.39344884129764,262,-4.2072319984436035
35.34,79.99678478737447,81.39461329254546,261,-4.087050914764404
35.37,79.9984024674952,81.39613972691268,261,-3.986976146697998
35.4,80.00041608139061,81.39490144815917,265,-3.961517572402954
35.43,79.99880037486061,81.38072580737588,254,-3.9406521320343018
35.46,79.99861284438865,81.3658987783535,252,-3.914785861968994
35.49,79.99914797092228,81.34635586139309,250,-3.8820154666900635
35.52,80.00034341641967,81.32795017062243,247,-3.8419628143310547
35.550000000000004,80.0006730083804,81.30706493398924,250,-3.7945990562438965
35.58,80.00012425448013,81.29599052651324,249,-3.7399401664733887
35.61,79.9970181626889,81.29228153568323,249,-3.6780056953430176
35.64,79.99858484042842,81.2888759838967,248,-3.6088128089904785
35.67,80.00163133528157,81.28626739311647,248,-3.5323827266693115
35.7,80.00193948589204,81.27980875444592,247,-3.4487388134002686
35.730000000000004,80.00279288699193,81.27340665976425,244,-3.357908248901367
35.76,80.00189745105764,81.2718888991809,244,-3.259925127029419
35.79,80.00188792318806,81.27624856741467,246,-3.15483021736145
35.82,80.00178655276623,81.27886553940178,249,-3.0426721572875977
35.85,80.00226555700931,81.28037305584631,251,-2.9235074520111084
35.88,80.00243275157976,81.29088705667544,245,-2.7974016666412354
35.910000000000004,80.0055054217166,81.30708451011026,247,-2.6644277572631836
35.94,80.00578609123818,81.32812494980107,253,-2.5246689319610596
35.97,80.00862852142848,81.35716741863564,248,-2.3782167434692383
36.0,80.00718905926661,81.38999622339918,245,-2.225173234939575
36.03,80.00659307771798,81.41385719775089,238,-2.0652074813842773
36.06,80.00396743601154,81.44323554535866,236,-1.865369439125061
36.09,80.00484545573096,81.48213750464596,234,-1.6403961181640625
36.12,80.00376060395821,81.51726397077834,228,-1.416033387184143
36.15,80.00375408260379,81.54154931245263,231,-1.192474126815796
36.18,80.00490566574095,81.57171285746264,235,-0.9698653221130371
36.21,80.00739923655934,81.6052629597021,234,-0.7483605146408081
36.24,80.00630391599665,81.63998163115318,236,-0.5281193852424622
36.27,80.00586524430383,81.66628916335584,235,-0.30930647253990173
36.300000000000004,80.00628867535933,81.69197436648639,239,-0.09209072589874268
36.33,80.0041129527396,81.72652078003341,232,0.12335618585348129
36.36,80.00150562317,81.77910194050291,231,0.336859792470932
36.39,80.00158480131996,81.83949729196833,229,0.548242449760437
36.42,80.00321779056405,81.89494817347975,230,0.7573243975639343
36.45,80.00301402122905,81.93731139880151,236,0.9639244675636292
36.480000000000004,80.00660789369012,81.97295698657149,240,1.1678606271743774
36.51,80.00336606476918,82.02710322159044,239,1.3689508438110352
36.54,79.99931013251337,82.08888839626233,242,1.5670140981674194
36.57,79.9978111059083,82.12686658656742,242,1.7618709802627563
36.6,79.99925451769529,82.13767115475414,246,1.9541476964950562
36.63,80.00055986151824,82.14482660369356,248,2.1866002082824707
36.660000000000004,79.99947050412149,82.15633368008955,252,2.4375061988830566
36.69,79.99684557701694,82.16111258823686,257,2.6899800300598145
36.72,79.99389162691924,82.14363724946818,258,2.9437239170074463
36.75,79.98870723780487,82.10272003316518,260,3.1984384059906006
36.78,79.98301689534841,82.04970945677472,256,3.4538216590881348
36.81,79.98085057221407,82.01012247538387,259,3.709566593170166
36.84,79.98216461238626,81.96650298330941,260,3.9652512073516846
36.87,79.98323277093357,81.92793469487533,258,4.123804092407227
36.9,79.98297369385389,81.88801052838767,260,4.253298759460449
36.93,79.98188701874764,81.85117126403556,266,4.378096580505371
36.96,79.98157732826837,81.81284262060692,265,4.498042583465576
36.99,79.98262661888761,81.77731325540289,264,4.6129984855651855
37.02,79.98331461232755,81.73904761220078,269,4.722831726074219
37.050000000000004,79.98495138374642,81.69648488644796,269,4.827420711517334
37.08,79.98768180421347,81.658934518817,271,4.926653861999512
37.11,79.99000976626691,81.62631803126835,270,5.0204267501831055
37.14,79.99200950190658,81.60187843406732,271,5.108643054962158
37.17,79.99336536965438,81.58144054105047,274,5.191215515136719
37.2,79.9950439083247,81.56485369642382,274,5.268062114715576
37.230000000000004,79.99628188029602,81.54726002993193,277,5.339109420776367
37.26,79.99765764987785,81.53100521923838,281,5.404292106628418
37.29,79.99980145765099,81.52035821951563,278,5.463551044464111
37.32,80.00139940990518,81.51098583923718,274,5.516837120056152
37.35,80.00400969623347,81.4984256976844,270,5.56411075592041
37.38,80.00481384632046,81.48756255861913,267,5.605344295501709
37.410000000000004,80.00452774772916,81.4817779249058,268,5.6405181884765625
37.44,80.00428235764382,81.48114589890014,268,5.669623374938965
37.47,80.00554867026858,81.48996086899136,268,5.692659854888916
37.5,80.005827665603,81.50948010174602,268,5.709634780883789
37.53,80.00767705880273,81.53535521169572,269,5.720566272735596
37.56,80.00992627391861,81.56465537097408,268,5.725478649139404
37.59,80.01054755772913,81.59607453263631,267,5.724404811859131
37.62,80.00983840030479,81.62096210550366,266,5.717383861541748
37.65,80.00955772777884,81.63864863803123,268,5.704463481903076
37.68,80.0073372464887,81.6584814717252,266,5.68569803237915
37.71,80.00556080421195,81.67968902846243,261,5.661147594451904
37.74,80.00398921751423,81.69885807468333,261,5.630878925323486
37.77,80.00360202917552,81.7185578894423,259,5.594964027404785
37.800000000000004,80.00349137089812,81.7386655670549,259,5.553478240966797
37.83,80.0033536854616,81.75527485308837,261,5.506504535675049
37.86,80.00321162463943,81.76782929032022,262,5.454131126403809
37.89,80.0020838310506,81.7779296393338,261,5.396449089050293
37.92,80.00087209835667,81.78025310168714,265,5.333554744720459
37.95,79.9990927753654,81.7831912024327,264,5.2655487060546875
37.980000000000004,79.997298246969,81.78841851288276,263,5.192538261413574
38.01,79.99682578832775,81.7949635189546,264,5.1146321296691895
38.04,79.99757135355742,81.80325003658496,262,5.031947135925293
38.07,79.99768784566798,81.81967018161521,260,4.944601535797119
38.1,79.99720207137361,81.83427242976587,258,4.852721691131592
38.13,79.99762252218603,81.8520425142294,257,4.756437301635742
38.160000000000004,79.99821817320455,81.86843440138271,257,4.655880928039551
38.19,79.99649676142668,81.88502277063097,257,4.55118989944458
38.22,79.9983541563127,81.90011591788179,255,4.442504405975342
38.25,80.00146651567803,81.92108787357787,257,4.329965591430664
38.28,80.00228228902725,81.93822008156073,258,4.213718414306641
38.31,80.00373963490608,81.95720354218905,259,4.093908786773682
38.34,80.00302889498522,81.98730644952086,259,3.9898152351379395
38.37,80.00225145670487,82.02347980204259,257,3.963503360748291
38.4,79.99796175116519,82.04676394077576,248,3.943965435028076
38.43,79.99692504462472,82.05553888423094,245,3.9202747344970703
38.46,79.996819406932,82.04884758853903,247,3.8902969360351562
38.49,79.99791568543597,82.03849514404573,248,3.853545665740967
38.52,79.9986608120527,82.03412967708503,243,3.809973955154419
38.550000000000004,79.99631191664749,82.0269928074591,249,3.7596042156219482
38.58,79.99644814067368,82.01996978091643,250,3.7024664878845215
38.61,79.99796942484765,82.01736288629365,254,3.6385903358459473
38.64,79.99948896397214,82.0143838727101,256,3.568007469177246
38.67,80.00121192493195,82.00547586494419,260,3.4907498359680176
38.7,80.00236205032817,81.98938677513415,259,3.4068522453308105
38.730000000000004,80.0031442013297,81.98128802042811,260,3.3163528442382812
38.76,80.00297261977167,81.9798102554045,262,3.219296455383301
38.79,80.00281422089496,81.97481868399142,262,3.1157333850860596
38.82,80.0056337230864,81.97865434749552,263,3.0057199001312256
38.85,80.00929053483156,81.98199864489807,264,2.889320135116577
38.88,80.01161032681316,81.98417222721841,266,2.766603946685791
38.910000000000004,80.00964954453109,81.99457528312261,268,2.637648820877075
38.94,80.01357510100395,82.02456463054945,264,2.5025415420532227
38.97,80.01665025863849,82.06780698444182,262,2.361377477645874
39.0,80.01948232141093,82.11633098264983,264,2.2142605781555176
39.03,80.02061212995093,82.17563545470804,265,2.060744047164917
39.06,80.02070389473242,82.22806957287797,271,1.8674266338348389
39.09,80.02083600417083,82.26865570295148,265,1.650140643119812
39.12,80.01519066015176,82.31681914731895,260,1.4338598251342773
39.15,80.01162605327377,82.36251194084241,259,1.2187672853469849
39.18,80.00956344515347,82.4141951171901,258,1.0049943923950195
39.21,80.00947037434942,82.46128279814577,260,0.7926810383796692
39.24,80.00658921253411,82.4905364994556,259,0.5819743871688843
39.27,80.00240108554172,82.51833146665086,258,0.3730281591415405
39.300000000000004,79.99664103213213,82.53724646792392,254,0.1660015732049942
39.33,79.99396751755346,82.54540895440208,254,-0.038942012935876846
39.36,79.99182565243886,82.56047495235346,251,-0.24163587391376495
39.39,79.99285340029653,82.5574147461776,252,-0.44191107153892517
39.42,79.99194509948394,82.54156530170543,251,-0.6395972967147827
39.45,79.99049485347645,82.5163504651444,250,-0.8345243334770203
39.480000000000004,79.99057697099481,82.47996915701395,253,-1.0265227556228638
39.51,79.99068789851692,82.44321606399045,256,-1.2154250144958496
39.54,79.98876045121652,82.40229170532967,257,-1.4010651111602783
39.57,79.9899803743626,82.35492111679442,258,-1.583280324935913
39.6,79.99109816933036,82.31224985545994,262,-1.76191246509552
39.63,79.989944793022,82.28453753627642,258,-1.937295913696289
39.660000000000004,79.98977189483234,82.25819428134558,259,-2.1458048820495605
39.69,79.98988626816862,82.23118524532987,264,-2.3782479763031006
39.72,79.98855590522955,82.19764712242642,262,-2.611488103866577
39.75,79.987194929357,82.1643144484239,266,-2.845229387283325
39.78,79.98826491156403,82.1385678962431,269,-3.0791962146759033
39.81,79.98611226798307,82.11393040195784,275,-3.313107967376709
39.84,79.98689617757782,82.09747892415555,281,-3.5466792583465576
39.87,79.98603887593622,82.08024217800653,288,-3.7796196937561035
39.9,79.98310895313462,82.05585772953432,294,-4.007545471191406
39.93,79.98347265693386,82.0248886002262,292,-4.12345552444458
39.96,79.98468925263589,81.99134315561979,292,-4.227593898773193
39.99,79.98468673100784,81.96050400564344,291,-4.326850414276123
40.02,79.98347720478397,81.9237465275884,300,-4.421084880828857
40.050000000000004,79.98370668721282,81.88607620264023,301,-4.510168075561523
40.08,79.98410543158109,81.85082365492356,301,-4.593980312347412
40.11,79.98482418626969,81.8172218350721,299,-4.672415733337402
40.14,79.98514495165331,81.79256907985862,303,-4.745380401611328
40.17,79.9850521203074,81.77061557484457,302,-4.812791347503662
40.2,79.98684898688862,81.75513410858579,301,-4.874578475952148
40.230000000000004,79.988412880552,81.73841695364099,304,-4.930681228637695
40.26,79.99042014833144,81.72632934751839,304,-4.981049060821533
40.29,79.99069062459077,81.71866576050648,303,-5.025641441345215
40.32,79.99142385752043,81.71157986732534,303,-5.064426898956299
40.35,79.9902149486839,81.70334049182446,303,-5.09738302230835
40.38,79.99003046570068,81.69318401498433,302,-5.1244964599609375
40.410000000000004,79.98996460141112,81.6796403122284,304,-5.145761966705322
40.44,79.99042256775913,81.66817201706043,303,-5.161182403564453
40.47,79.9917990808425,81.66860368377081,302,-5.1707682609558105
40.5,79.99279095343854,81.67099867096996,303,-5.174537181854248
40.53,79.99235484080334,81.67161459955912,302,-5.172512054443359
40.56,79.99147815697917,81.6790524927784,298,-5.164724826812744
40.59,79.99123649246367,81.68692787592684,299,-5.151211738586426
40.62,79.9922675467907,81.6938341149129,298,-5.132016181945801
40.65,79.99200621957526,81.69983663649656,295,-5.1071882247924805
40.68,79.9921213523222,81.70542967743096,299,-5.076782703399658
40.71,79.99312427284636,81.7137546141522,298,-5.040861129760742
40.74,79.99417541915014,81.72335268241142,298,-4.999490261077881
40.77,79.99578285887355,81.73399939535176,299,-4.95274019241333
40.800000000000004,79.99603810692533,81.74616139672347,303,-4.90069055557251
40.83,79.99470646910895,81.75920901215146,304,-4.843423366546631
40.86,79.99368370786618,81.77868800767044,306,-4.781026840209961
40.89,79.9939983901181,81.79806270935251,307,-4.713594913482666
40.92,79.99434178647685,81.82185765324337,306,-4.641225337982178
40.95,79.99431422791733,81.83980157385969,303,-4.564023971557617
40.980000000000004,79.9941188838016,81.86336959326849,301,-4.48209810256958
41.01,79.99346972518711,81.88751565168675,297,-4.39556360244751
41.04,79.9946588606372,81.90987490419414,297,-4.304538249969482
41.07,79.99499493559526,81.9255829343287,294,-4.20914888381958
41.1,79.99446629974389,81.918253496008,295,-4.109524250030518
41.13,79.99158969119961,81.90885944556919,282,-4.010178565979004
41.160000000000004,79.9921433498964,81.91042663192775,281,-3.9792728424072266
41.19,79.98993317144503,81.91500257826101,281,-3.969158887863159
41.22,79.98967069762934,81.92036535920428,285,-3.9590611457824707
41.25,79.99134956436704,81.9256221044241,285,-3.945847272872925
41.28,79.9917190553956,81.92479129520245,291,-3.9276163578033447
41.31,79.99376344169738,81.92369373384187,295,-3.903088331222534
41.34,79.99445115067753,81.92824780999376,296,-3.871703624725342
41.37,79.99383192171368,81.93444589501911,299,-3.8333306312561035
41.4,79.9952328010479,81.93823928969952,296,-3.7879602909088135
41.43,79.99803029804981,81.94064401047602,300,-3.7356009483337402
41.46,80.0011058022112,81.93591235796637,299,-3.676265001296997
41.49,80.00383279645314,81.93265769814009,300,-3.6099655628204346
41.52,80.00774542791945,81.93588018648381,297,-3.536720037460327
41.550000000000004,80.00928031918505,81.94752127377558,287,-3.4565482139587402
41.58,80.01429983888,81.96859211301948,287,-3.3694753646850586
41.61,80.01833144272975,81.99284994233223,285,-3.275531530380249
41.64,80.02001176013225,82.01960448618463,284,-3.174750804901123
41.67,80.01907396207105,82.04229186978576,279,-3.067174196243286
41.7,80.02140390313988,82.07148648438252,279,-2.952850341796875
41.730000000000004,80.01589442480267,82.11108218929812,278,-2.8318376541137695
41.76,80.01253060144053,82.15797913944775,279,-2.704202175140381
41.79,80.01397533186346,82.21090698571435,274,-2.5700201988220215
41.82,80.0163370637436,82.25579007176223,276,-2.4293761253356934
41.85,80.0142268987515,82.2938391070562,273,-2.2823641300201416
41.88,80.01343902707661,82.33850805853173,273,-2.1290535926818848
41.910000000000004,80.01081932049006,82.37878529556933,277,-1.9572699069976807
41.94,80.01181215736418,82.42197864928494,275,-1.737724781036377
41.97,80.0129004628626,82.4670962035783,275,-1.5172075033187866
42.0,80.01399865945606,82.51173731854287,276,-1.2975409030914307
42.03,80.0118745079926,82.55983893731229,273,-1.078857660293579
42.06,80.01087468094266,82.60221799754177,273,-0.861297607421875
42.09,80.01241018443473,82.62689149361915,268,-0.6450062394142151
42.12,80.01436250102492,82.63841169277863,268,-0.43013447523117065
42.15,80.01493405103524,82.6400453467258,270,-0.21683748066425323
42.18,80.01316246183868,82.63533740886425,270,-0.005274511873722076
42.21,80.01119782922953,82.63541100203545,271,0.2043907642364502
42.24,80.00726882888117,82.63622271145667,275,0.41199082136154175
42.27,80.00295561218088,82.63571070571157,280,0.6173551678657532
42.300000000000004,79.99952161008487,82.62774431579282,283,0.8203113079071045
42.33,79.9972764574007,82.60716130659362,286,1.0206856727600098
42.36,79.99258500683396,82.58572740441349,295,1.2183035612106323
42.39,79.98567157768105,82.56659138623843,300,1.4129910469055176
42.42,79.9831204415227,82.55222612720524,301,1.6045749187469482
42.45,79.98241849236213,82.53830049366708,304,1.7928866147994995
42.480000000000004,79.97965853638348,82.51782118633388,316,1.979825735092163
42.51,79.97987516096002,82.48640611437506,311,2.212446451187134
42.54,79.98009073895132,82.45468979159754,308,2.4571115970611572
42.57,79.97953078149497,82.41277178017843,308,2.703115463256836
42.6,79.98123739418129,82.35632452337698,307,2.9501705169677734
42.63,79.98260536000059,82.29870061989324,306,3.1979849338531494
42.660000000000004,79.98330598161873,82.24262247248875,309,3.4462616443634033
42.69,79.98564326677506,82.18867104131542,309,3.694700241088867
42.72,79.9871477186726,82.1413406365424,311,3.9429738521575928
42.75,79.98806362827577,82.09529271854898,313,4.105646133422852
42.78,79.9906093590843,82.06024816293089,311,4.227903366088867
42.81,79.99241772982067,82.04176812042135,309,4.345492839813232
42.84,79.99244632233857,82.0334498739428,311,4.458265781402588
42.87,79.99139929873861,82.03141030858329,313,4.566080093383789
42.9,79.98994694807001,82.02032705805401,311,4.6688032150268555
42.93,79.9904354535458,82.00302586359007,313,4.766312599182129
42.96,79.9900512703755,81.9919797927042,314,4.858493328094482
42.99,79.98831340943208,81.9876277570103,316,4.945242404937744
43.02,79.98459589138349,81.98355334132519,315,5.026461601257324
43.050000000000004,79.98252923090753,81.9771843863194,309,5.102063179016113
43.08,79.98385795119724,81.96880164636576,309,5.171965599060059
43.11,79.98446183912559,81.96022166627206,312,5.236098766326904
43.14,79.98298884132011,81.95699618007572,308,5.294402122497559
43.17,79.9829380451609,81.95713138845254,307,5.346826553344727
43.2,79.98380189909292,81.95754158495033,307,5.393333911895752
43.230000000000004,79.98498046251188,81.95767593935577,306,5.433895111083984
43.26,79.98536601681015,81.95553272480834,305,5.46849250793457
43.29,79.9868588903298,81.95474906251684,309,5.497116565704346
43.32,79.98776245401258,81.95984518876189,307,5.519767761230469
43.35,79.98920655376368,81.96509477310887,305,5.536454677581787
43.38,79.99075648073082,81.97411297443706,307,5.547191619873047
43.410000000000004,79.99021161920994,81.9764559290087,302,5.552003383636475
43.44,79.99053220345525,81.97655034679846,304,5.550921440124512
43.47,79.99131858105055,81.98163902019796,303,5.543982982635498
43.5,79.99129709931526,81.99044003559582,304,5.531234264373779
43.53,79.99258817084194,81.99778359023368,308,5.512725353240967
43.56,79.99336314941607,82.00847799124809,305,5.488516330718994
43.59,79.99408303364658,82.01671394667595,308,5.45867395401001
43.62,79.99538874897324,82.02607347576958,308,5.423267364501953
43.65,79.99764419131158,82.03679619218379,305,5.382376194000244
43.68,80.00112119512113,82.04653447434896,306,5.33608341217041
43.71,80.00522621060139,82.05393597314625,305,5.284479141235352
43.74,80.01008465144324,82.05197171207652,308,5.227656364440918
43.77,80.0099174074249,82.04973064672805,307,5.165716171264648
43.800000000000004,80.00594256677314,82.05977488042178,301,5.098762512207031
43.83,80.00564481575992,82.08210401398917,301,5.026904582977295
43.86,80.00716801628325,82.1032097710939,299,4.950256824493408
43.89,80.00846520318238,82.11965777315193,295,4.868936061859131
43.92,80.00786479620507,82.14053209749156,295,4.783066749572754
43.95,80.00799931136217,82.15991405057919,294,4.69277286529541
43.980000000000004,80.00596645690247,82.17522125318756,298,4.598186492919922
44.01,80.00397024398804,82.19958618254678,294,4.499443054199219
44.04,80.00598265142703,82.22251281942388,295,4.396679401397705
44.07,80.00859547204668,82.24234226771037,291,4.290037631988525
44.1,80.00910613765078,82.25987030400462,286,4.179661750793457
44.13,80.00727111885085,82.27102432215942,286,4.065733909606934
44.160000000000004,80.00447061778141,82.2785977891802,283,3.9841222763061523
44.19,80.0008074426345,82.28752044493827,284,3.9653842449188232
44.22,80.00124359710244,82.30264802366611,282,3.9501657485961914
44.25,80.00210906063374,82.30839652858027,289,3.9313700199127197
44.28,80.00322814295005,82.31833020226092,289,3.906839370727539
44.31,80.0038393868108,82.33116195453846,291,3.875800132751465
44.34,80.00337252837126,82.3429839461745,286,3.8380863666534424
44.37,80.00569188147425,82.3539174241225,288,3.7936971187591553
44.4,80.00794920426458,82.35718939565699,286,3.7426576614379883
44.43,80.00877884272333,82.35828963457287,284,3.6849963665008545
44.46,80.00852475121386,82.36301744389775,289,3.6207449436187744
44.49,80.0083085319388,82.36753219112047,293,3.5499374866485596
44.52,80.00836599686322,82.37563778955702,302,3.472612142562866
44.550000000000004,80.00858439814152,82.3766919633361,304,3.3888099193573
44.58,80.00881434239692,82.38473658964243,298,3.2985775470733643
44.61,80.011754229489,82.39895692162918,298,3.2019665241241455
44.64,80.01593084413221,82.41839931355112,296,3.099033832550049
44.67,80.02061823221796,82.45092802381929,298,2.9898416996002197
44.7,80.02077482483482,82.4824757413965,304,2.874457359313965
44.730000000000004,80.0222837345709,82.52969020068763,305,2.7529537677764893
44.76,80.02256172794571,82.57889178202464,302,2.625411033630371
44.79,80.0193694344708,82.62256514301741,294,2.491917133331299
44.82,80.01639258470311,82.65500095297898,287,2.352569103240967
44.85,80.01012964318483,82.67420750945969,282,2.2074718475341797
44.88,80.00624359495636,82.70786966496637,281,2.0560531616210938
44.910000000000004,80.0064231642268,82.74503988114498,280,1.863889217376709
44.94,80.00698197688425,82.77771276798214,287,1.649306058883667
44.97,80.00302143957269,82.81027993099717,282,1.4358618259429932
45.0,79.9999613048917,82.83652666404932,278,1.2237309217453003
45.03,79.99637894916779,82.83609403456256,275,1.0130431652069092
45.06,79.99458123197485,82.83313450451037,283,0.8039370179176331
45.09,79.99452345966374,82.81944966349354,289,0.5965568423271179
45.12,79.99183946867575,82.79892624178183,281,0.3910527229309082
45.15,79.98191876850701,82.77863597487612,279,0.18757858872413635
45.18,79.97696122861511,82.77049382298611,277,-0.013708407059311867
45.21,79.97690045270993,82.76940445276674,280,-0.2126489281654358
45.24,79.9763066445544,82.76559402995387,287,-0.409082293510437
45.27,79.97456194283036,82.75941035133441,293,-0.6028473377227783
45.300000000000004,79.97454254760777,82.73436565215914,297,-0.7937835454940796
45.33,79.9757326881189,82.69618574368887,295,-0.9817312359809875
45.36,79.979241219479,82.65539790431696,298,-1.1665321588516235
45.39,79.98063212521663,82.62225477315961,300,-1.3480299711227417
45.42,79.9818240416647,82.59405460001996,301,-1.5260707139968872
45.45,79.98339531548315,82.56638839594353,305,-1.7005031108856201
45.480000000000004,79.98431489790723,82.52847765030567,308,-1.8712222576141357
45.51,79.98576290999024,82.47348397685985,307,-2.052229881286621
45.54,79.98587101238552,82.42008411006853,308,-2.277163028717041
45.57,79.98690429520977,82.3723966319594,310,-2.5038857460021973
45.6,79.9866125259951,82.32838724881252,317,-2.730982780456543
45.63,79.98766781515229,82.28967233126339,319,-2.9581756591796875
45.660000000000004,79.98883512284489,82.25758742242655,325,-3.1851813793182373
45.69,79.99010269262456,82.23700481204682,336,-3.411709785461426
45.72,79.99078006356187,82.2210531087553,335,-3.6374640464782715
45.75,79.9903763402973,82.210096571618,336,-3.8621432781219482
45.78,79.99038269888055,82.19436397326321,336,-4.048072338104248
45.81,79.99031205305478,82.17915570628936,337,-4.147321701049805
45.84,79.98951032478111,82.16485679562454,336,-4.241228103637695
45.87,79.9870751754241,82.15440864647,335,-4.330087661743164
45.9,79.98375210773516,82.14945309655786,339,-4.4137678146362305
45.93,79.98179641120487,82.15321494617902,340,-4.49214506149292
45.96,79.97846018589019,82.16353644861456,344,-4.565114498138428
45.99,79.9747828947402,82.17708251903991,343,-4.632579803466797
46.02,79.9709717731858,82.1910969863223,343,-4.694456577301025
46.050000000000004,79.96967094198021,82.2028752913943,344,-4.75067138671875
46.08,79.97132107011852,82.21092407877278,344,-4.801158428192139
46.11,79.9733177005459,82.21321532522653,340,-4.845867156982422
46.14,79.97332343930069,82.21400448453196,338,-4.88475227355957
46.17,79.97410615880777,82.2147682456237,339,-4.917778968811035
46.2,79.97504847019577,82.21560812088562,338,-4.944921970367432
46.230000000000004,79.97588545856894,82.22117911243609,337,-4.966166019439697
46.26,79.97689734239627,82.23042519090066,336,-4.981503009796143
46.29,79.9785184936729,82.24212462347583,335,-4.9909348487854
46.32,79.98072523637424,82.25482987936289,333,-4.994472503662109
46.35,79.98539170253748,82.25974704039783,332,-4.992134094238281
46.38,79.9884725397794,82.266033261402,330,-4.983946800231934
46.410000000000004,79.99097049950235,82.27171174407431,329,-4.969946384429932
46.44,79.9940021139914,82.28335121555189,326,-4.950173854827881
46.47,79.99590637455289,82.29122550480056,326,-4.924676895141602
46.5,79.99806901102342,82.30195540505055,324,-4.893510818481445
46.53,80.00079084666466,82.31346013274278,326,-4.8567376136779785
46.56,80.00339915123766,82.32115290526121,326,-4.814425945281982
46.59,80.00409281501014,82.33541357407839,322,-4.766650676727295
46.62,80.00370329756787,82.35707214879312,323,-4.7134928703308105
46.65,80.00392655264149,82.38695556277393,321,-4.655040740966797
46.68,80.00387179946583,82.41271684710428,322,-4.5913872718811035
46.71,80.00436335766848,82.43499348198955,325,-4.52263069152832
46.74,80.00623823675485,82.45455980968615,320,-4.448873996734619
46.77,80.0084427898556,82.46770650174513,320,-4.370225429534912
46.800000000000004,80.00870294431344,82.48215055987481,313,-4.286797523498535
46.83,80.00715495375168,82.48542755865876,310,-4.198706150054932
46.86,80.00800430801625,82.50079740552763,312,-4.106075763702393
46.89,80.00984935657777,82.51736352308868,314,-4.012881755828857
46.92,80.01069005310268,82.53580646360209,317,-3.982741117477417
46.95,80.01187108976532,82.55573911488813,321,-3.9743988513946533
46.980000000000004,80.00892071962097,82.57807449703714,323,-3.966615676879883
47.01,80.00857563907672,82.60335090186702,324,-3.9566750526428223
47.04,80.00843407205777,82.62642640642369,316,-3.9428627490997314
47.07,80.009108171576,82.64896073125276,316,-3.9235622882843018
47.1,80.00947000849044,82.66992974622788,311,-3.8976564407348633
47.13,80.00970071092996,82.6827974644195,313,-3.864698648452759
47.160000000000004,80.01337234077731,82.69210842859124,313,-3.8246042728424072
47.19,80.01671892456775,82.69111537989129,316,-3.7773804664611816
47.22,80.01499100183801,82.67939110971372,312,-3.7230494022369385
47.25,80.00929119777693,82.67861882965062,310,-3.6616342067718506
47.28,80.00857860078531,82.68677032101527,307,-3.5931601524353027
47.31,80.0077867237948,82.6941021848398,304,-3.517655849456787
47.34,80.00410102813399,82.7038569228669,300,-3.435152292251587
47.37,80.0026757417001,82.72636359529982,301,-3.345686197280884
47.4,80.00236872412064,82.76200462987576,305,-3.2492990493774414
47.43,80.0008330538673,82.79593086277185,303,-3.146040439605713
47.46,80.0018188278586,82.83166388475962,306,-3.035966396331787
47.49,80.0026612859862,82.8680503114342,305,-2.919140338897705
47.52,80.00452000030502,82.90123500946298,300,-2.7956342697143555
47.550000000000004,80.003432046024,82.91699658443869,295,-2.6655280590057373
47.58,80.00204205659514,82.93003933915479,299,-2.528909921646118
47.61,80.00273223020199,82.95568356642838,293,-2.3858754634857178
47.64,80.0042349449238,82.98664957787827,297,-2.2365307807922363
47.67,80.00512311863665,83.02262468277864,298,-2.0807437896728516
47.7,80.00497280721973,83.06733942882056,296,-1.8907368183135986
47.730000000000004,80.0071539234441,83.10906432840584,294,-1.6695783138275146
47.76,80.00891142554593,83.14840821414182,297,-1.4491031169891357
47.79,80.01195670698476,83.17270377514416,295,-1.2295819520950317
47.82,80.01516216213116,83.19272915044368,295,-1.0111517906188965
47.85,80.01237383803863,83.2121745250979,292,-0.7939563393592834
47.88,80.0098771383843,83.21761434285831,293,-0.5781459212303162
47.910000000000004,80.00786393058367,83.2169462138606,295,-0.3638753294944763
47.94,80.00287963799911,83.19611102812617,299,-0.1513027399778366
47.97,80.00063148208163,83.17074377013354,306,0.05940982699394226
48.0,80.00243146822335,83.14509859903667,305,0.2680966854095459
48.03,79.99983157151904,83.12795255007995,308,0.47458934783935547
48.06,79.99433996423397,83.11201919635451,314,0.6787170171737671
48.09,79.99071040012483,83.08279659394583,316,0.8803077936172485
48.120000000000005,79.98995473169329,83.05175991244452,323,1.0791887044906616
48.15,79.98794128314493,83.02258931956318,324,1.2751868963241577
48.18,79.97891182667256,82.9909903295394,333,1.4681297540664673
48.21,79.9753890702714,82.95488317863077,335,1.6578457355499268
48.24,79.97162648255485,82.92756601249226,335,1.844179391860962
48.27,79.96963111293971,82.9137465735006,335,2.0367016792297363
48.300000000000004,79.97079185313021,82.89852181749163,331,2.277008295059204
48.33,79.96979697999302,82.88796495485343,336,2.5206947326660156
48.36,79.97018331379329,82.86597750011657,333,2.7655251026153564
48.39,79.97163756785262,82.83813288868545,333,3.0112106800079346
48.42,79.97234648054757,82.81771474237846,331,3.257457733154297
48.45,79.9718466824181,82.79642823373611,330,3.503969192504883
48.480000000000004,79.9708835991326,82.77508703098319,332,3.7504429817199707
48.51,79.97091707468006,82.74722775588829,336,3.9952285289764404
48.54,79.97411822309589,82.71551961212101,340,4.1303205490112305
48.57,79.9769965777866,82.68064365270489,342,4.24931001663208
48.6,79.97997587760997,82.6432128333782,343,4.363532543182373
48.63,79.98137404973144,82.60805625298954,341,4.472836971282959
48.660000000000004,79.98169088485157,82.57900333354236,337,4.577081680297852
48.69,79.98258784233842,82.55625590548513,335,4.676135063171387
48.72,79.97956174580672,82.52847328302407,332,4.76987361907959
48.75,79.97821010331778,82.50159337623667,330,4.858184337615967
48.78,79.97875964489334,82.47962952267933,331,4.940961837768555
48.81,79.98044773864923,82.46313582280361,332,5.018108367919922
48.84,79.98119666858507,82.44567916149495,334,5.089533805847168
48.870000000000005,79.98080701427833,82.4269924591693,333,5.1551594734191895
48.9,79.9820698373182,82.41889796010815,331,5.2149128913879395
48.93,79.98269920321627,82.41463113014623,326,5.268734931945801
48.96,79.98257664083242,82.4143981396788,322,5.3165788650512695
48.99,79.9800314204137,82.41755572088448,319,5.3584089279174805
49.02,79.97869237524853,82.41590499149221,317,5.3941969871521
49.050000000000004,79.97895473114274,82.4138541530101,314,5.423924922943115
49.08,79.98076523575818,82.41471515394794,316,5.447584629058838
49.11,79.98226922048863,82.41486391976827,318,5.4651780128479
49.14,79.97969694178622,82.42359869969073,317,5.476714134216309
49.17,79.97710455529999,82.43602918631666,318,5.482212066650391
49.2,79.97686212887663,82.4502936192236,316,5.481698036193848
49.230000000000004,79.97918870648917,82.4667134391614,316,5.475207805633545
49.26,79.98364177714755,82.48154180308363,320,5.462784767150879
49.29,79.98870643474777,82.4945886396717,321,5.444479465484619
49.32,79.99179884638363,82.49910119511355,318,5.420350074768066
49.35,79.99282173196558,82.50831391000425,320,5.390460014343262
49.38,79.99450630578963,82.53394607158613,320,5.3548808097839355
49.410000000000004,79.99819699776454,82.56847569138641,323,5.313687801361084
49.44,79.99854189028211,82.59509559965342,318,5.266964912414551
49.47,79.99893589363214,82.6165822545736,318,5.214801788330078
49.5,79.99902526063937,82.6311811211725,320,5.157293319702148
49.53,79.99993443878603,82.6493773736333,319,5.094539165496826
49.56,80.00259787795068,82.67361338535099,324,5.026645183563232
49.59,80.00358809095547,82.68859164332409,327,4.953721523284912
49.620000000000005,80.00098025111605,82.70602585242551,326,4.875882625579834
49.65,80.00322132096446,82.72807723602524,329,4.793250560760498
49.68,80.00555997090846,82.74907406346163,331,4.705948829650879
49.71,80.0056531773651,82.7630703828398,337,4.614105701446533
49.74,80.00619686294414,82.77401318562751,337,4.517855167388916
49.77,80.00799945206242,82.8036139716628,335,4.417335033416748
49.800000000000004,80.01026987389153,82.83942553085872,337,4.312685489654541
49.83,80.01286521610501,82.8698259769202,335,4.204050064086914
49.86,80.0121550213394,82.89301832941338,325,4.091583251953125
49.89,80.0090861616816,82.90967262508119,329,3.992586851119995
49.92,80.00682753997529,82.93335947541162,325,3.96901798248291
49.95,80.00342629025202,82.9667264236079,331,3.954043388366699
49.980000000000004,80.00327965208727,82.99894288649331,327,3.936231851577759
50.01,80.00357337269914,83.03420241694141,322,3.9128756523132324
50.04,80.0042469904891,83.07739401228201,321,3.882953643798828
50.07,80.00608166718408,83.11571540873024,324,3.8462185859680176
50.1,80.00594294161023,83.15213947033938,321,3.8026621341705322
50.13,80.0076392047076,83.16622711447341,322,3.75231671333313
50.160000000000004,80.01069233201882,83.1764770907831,323,3.6952202320098877
50.19,80.0134739365692,83.17887648740016,319,3.631411552429199
50.22,80.01568049741611,83.18151920929155,317,3.5609312057495117
50.25,80.01836593666239,83.19187665620932,323,3.483822822570801
50.28,80.01853388269687,83.20177047014025,327,3.4001338481903076
50.31,80.01828269741846,83.21000908225135,334,3.309915065765381
50.34,80.01991474614984,83.22408929203485,334,3.2132227420806885
50.370000000000005,80.01954716308056,83.24999920792322,336,3.1101202964782715
50.4,80.01600162263692,83.26735274391235,341,3.0006773471832275
50.43,80.01366356234723,83.28968788347191,341,2.88496994972229
50.46,80.01294733259306,83.3115324290769,339,2.76308274269104
50.49,80.01081215676696,83.33428773820044,333,2.635105609893799
50.52,80.00413769757836,83.3584014314665,328,2.501136541366577
50.550000000000004,79.99544729302774,83.37220900049554,326,2.3612821102142334
50.58,79.9897909818279,83.38682807656906,327,2.215653896331787
50.61,79.99167859182052,83.39255091992227,323,2.0638720989227295
50.64,79.99758979781,83.402610195005,322,1.8736519813537598
50.67,79.99504508212709,83.41985990904988,322,1.6582424640655518
50.7,79.99121350139205,83.43234945015578,328,1.4439715147018433
50.730000000000004,79.98728917928626,83.44671272584823,329,1.2310409545898438
50.76,79.9854441125847,83.45686335140657,327,1.0195852518081665
50.79,79.98719649893859,83.46814758637095,326,0.8097466230392456
50.82,79.98811423213328,83.47315006889784,331,0.601673424243927
50.85,79.98271168236776,83.46250209387135,328,0.3955196738243103
50.88,79.98025313471575,83.45362292921172,322,0.1914433091878891
50.910000000000004,79.9768198684942,83.43558056965088,316,-0.010394345968961716
50.94,79.97715343963536,83.41455537522717,312,-0.2098296582698822
50.97,79.98105426961159,83.37982525120579,315,-0.4066975712776184
51.0,79.98568658822701,83.34877592854181,320,-0.6008323431015015
51.03,79.98933901003616,83.30786779382183,322,-0.7920681834220886
51.06,79.99233405638923,83.25232947199498,319,-0.9802400469779968
51.09,79.99060795925061,83.20395395300606,321,-1.1651840209960938
51.120000000000005,79.99044400865493,83.17600136938063,321,-1.3467371463775635
51.15,79.98902541261938,83.14761168579528,321,-1.5247385501861572
51.18,79.98741644766474,83.10859617891772,327,-1.6990296840667725
51.21,79.98584816374468,83.078867681512,326,-1.8694952726364136
51.24,79.9818779442428,83.05271358945824,332,-2.049537181854248
51.27,79.97849627307949,83.02720460879304,332,-2.2737793922424316
51.300000000000004,79.9746594557661,83.00554682708882,344,-2.499784469604492
51.33,79.97237747243423,82.98636662606735,346,-2.7259957790374756
51.36,79.97174368462854,82.9715300068069,351,-2.9521214962005615
51.39,79.96853969169901,82.96029594757864,357,-3.1778616905212402
51.42,79.9666542525476,82.93937284851276,362,-3.4029102325439453
51.45,79.96735393185378,82.91310685759161,363,-3.6269543170928955
51.480000000000004,79.96645619181484,82.8891581125814,365,-3.8496744632720947
51.51,79.96628200990507,82.87467215790276,367,-4.0407185554504395
51.54,79.9644898225187,82.86353539673958,371,-4.13805627822876
51.57,79.96406864009388,82.85068750411799,366,-4.229465961456299
51.6,79.96019017105269,82.83108779259689,365,-4.31559419631958
51.63,79.95747682371129,82.80280171118088,364,-4.396299362182617
51.660000000000004,79.95638202692038,82.77489901533775,363,-4.47145414352417
51.69,79.95574802164295,82.75655108477314,358,-4.540947437286377
51.72,79.95461325966275,82.73785953311938,354,-4.604678153991699
51.75,79.95263864399925,82.72454342303953,358,-4.662559986114502
51.78,79.95329433589153,82.71706446132431,359,-4.7145185470581055
51.81,79.95429695672178,82.71601529925563,362,-4.760491847991943
51.84,79.95362303591452,82.71739005246107,364,-4.800428867340088
51.870000000000005,79.95437060345314,82.72451699719089,368,-4.834290027618408
51.9,79.9565493290145,82.72945486307069,372,-4.862044811248779
51.93,79.95893484850865,82.74409447445741,371,-4.88367223739624
51.96,79.96116816989583,82.76989738247056,365,-4.899162292480469
51.99,79.96646892260247,82.7991345768757,362,-4.908512592315674
52.02,79.97065905989662,82.83432073394917,357,-4.91172981262207
52.050000000000004,79.974967657077,82.86573106284764,357,-4.908827781677246
52.08,79.97859100719299,82.90524726467658,355,-4.899831295013428
52.11,79.98325624663502,82.9416385296874,358,-4.884768962860107
52.14,79.99031238191435,82.97601479737959,360,-4.863680362701416
52.17,79.99583803733191,83.01815484299085,361,-4.836611270904541
52.2,80.00167730050708,83.05703771844601,359,-4.803616523742676
52.230000000000004,80.00932298219311,83.08812391761258,361,-4.7647552490234375
52.26,80.01544226431602,83.11693322311082,359,-4.720095634460449
52.29,80.01948215524136,83.14068210736392,362,-4.669713497161865
52.32,80.02305843278336,83.15988492412043,362,-4.613693714141846
52.35,80.02907109006104,83.18127672931459,362,-4.552127838134766
52.38,80.03545868429434,83.20770589705,364,-4.485116004943848
52.410000000000004,80.03509162173046,83.23880708841594,361,-4.412768840789795
52.44,80.03279606256389,83.26504910588616,361,-4.335201740264893
52.47,80.03678637618935,83.29472017711501,360,-4.252538681030273
52.5,80.0401233545716,83.3349366432412,351,-4.164909839630127
52.53,80.0396718031383,83.3605317448452,350,-4.072482585906982
52.56,80.03877147466311,83.37911385300104,342,-3.9953229427337646
52.59,80.03884449801753,83.3968855709544,343,-3.980086088180542
52.620000000000005,80.03889954534758,83.41785045328015,341,-3.972604751586914
52.65,80.0391645735391,83.44105489667054,341,-3.964372158050537
52.68,80.04040057499996,83.46589974614743,339,-3.9533612728118896
52.71,80.04489849571817,83.48002271226667,342,-3.9378340244293213
52.74,80.04583203369413,83.48889974972084,344,-3.9162046909332275
52.77,80.04790846863894,83.49968444899623,343,-3.88753342628479
52.800000000000004,80.051222598966,83.51796226290236,343,-3.851518154144287
52.83,80.0550806313804,83.5365397000677,341,-3.8081254959106445
52.86,80.05699627492338,83.5406580524623,345,-3.7573788166046143
52.89,80.05634257237679,83.52823536951391,340,-3.699309825897217
52.92,80.05650388666291,83.52093811669583,340,-3.6339547634124756
52.95,80.05374275579267,83.5177888294172,340,-3.5613527297973633
52.980000000000004,80.05265968313005,83.51637282485234,337,-3.481548309326172
53.01,80.05010825729175,83.5132632246253,338,-3.3945910930633545
53.04,80.04507502900404,83.50693675341351,343,-3.3005359172821045
53.07,80.04232718448888,83.508887768864,340,-3.1994433403015137
53.1,80.0391971757468,83.52188103971491,336,-3.091381311416626
53.13,80.0380715129763,83.54726442036916,339,-2.976423740386963
53.160000000000004,80.03622886881892,83.56464886820717,344,-2.8546509742736816
53.19,80.03692864579422,83.58609749012854,344,-2.7261507511138916
53.22,80.03735520226975,83.6168357089381,345,-2.591017246246338
53.25,80.03339585300724,83.65445160924259,343,-2.4493532180786133
53.28,80.03011035661943,83.6922480797529,347,-2.3012683391571045
53.31,80.02776483994818,83.72638893817506,348,-2.1468656063079834
53.34,80.0238997663464,83.75229825300724,347,-1.9783554077148438
53.370000000000005,80.02171647192657,83.75839134302652,348,-1.7588056325912476
53.4,80.01911403283806,83.76317642807712,350,-1.5365445613861084
53.43,80.0140110287513,83.78665806225295,357,-1.3151980638504028
53.46,80.0061270950023,83.81068335177008,351,-1.0949053764343262
53.49,79.99541959006497,83.8223909077733,349,-0.8758113384246826
53.52,79.98283188914402,83.83014150085076,345,-0.6580663919448853
53.550000000000004,79.97380033474805,83.82918397354491,345,-0.44182586669921875
53.58,79.9699140319709,83.8240136667615,338,-0.22724956274032593
53.61,79.9656501147914,83.82183080887032,336,-0.014501385390758514
53.64,79.96030174713025,83.81902448357651,330,0.196250319480896
53.67,79.95916187976667,83.81187403543045,329,0.4048331081867218
53.7,79.95720638332264,83.80949551224239,333,0.6110712289810181
53.730000000000004,79.95265479342648,83.81082980051028,340,0.8147867321968079
53.76,79.9475666368625,83.80673786679557,339,1.015801191329956
53.79,79.94369045507632,83.78694652421551,343,1.2139363288879395
53.82,79.94285843794356,83.75721331802532,343,1.40901517868042
53.85,79.94450740663007,83.73111655031596,348,1.6008626222610474
53.88,79.94724103436766,83.69933381847387,340,1.7893074750900269
53.910000000000004,79.95132019360973,83.6675468427317,337,1.9759981632232666
53.94,79.95461086691054,83.63771004865376,334,2.207467555999756
53.97,79.95679037036395,83.60121164165369,343,2.4517457485198975
54.0,79.95590829598059,83.57036781300984,342,2.697213888168335
54.03,79.95692041605233,83.53704947950493,349,2.943577527999878
54.06,79.95837385125452,83.508721904924,343,3.190540313720703
54.09,79.96007047437237,83.48281399220826,348,3.4377989768981934
54.120000000000005,79.96061349093695,83.43762402047305,351,3.685046911239624
54.15,79.96057372079412,83.39272753907832,352,3.9319639205932617
54.18,79.96274526846715,83.34625552444899,356,4.098783016204834
54.21,79.9637088182612,83.30473701563706,357,4.219516754150391
54.24,79.96487423400731,83.26673534216512,360,4.335419178009033
54.27,79.96778153023963,83.23894216572522,358,4.446336269378662
54.300000000000004,79.96766110994137,83.20703815622943,355,4.552118301391602
54.33,79.96862189326252,83.1783035716438,354,4.652621746063232
54.36,79.97246654853257,83.1563138995056,352,4.747717380523682
54.39,79.97630439258936,83.14203153457287,351,4.837280750274658
54.42,79.97871977183804,83.1355125201991,351,4.921199321746826
54.45,79.98204200557343,83.13853300891262,354,4.999366760253906
54.480000000000004,79.985211322916,83.15024847161216,354,5.071687698364258
54.51,79.98412482488251,83.16730238912669,351,5.1380720138549805
54.54,79.98317702984843,83.1943051306067,353,5.198444843292236
54.57,79.9838788229783,83.22930741900548,351,5.252740859985352
54.6,79.98607637642928,83.26761619939496,349,5.300906181335449
54.63,79.98865908927343,83.3139906493487,348,5.342898845672607
54.660000000000004,79.98960026119676,83.3642275338382,349,5.378687858581543
54.69,79.98951842280508,83.4145085623098,348,5.408252716064453
54.72,79.99297444161886,83.45825642314041,354,5.431582450866699
54.75,79.99710864217424,83.50227472280389,354,5.448675632476807
54.78,79.99925138129734,83.54383185488287,360,5.459540367126465
54.81,80.00297403114728,83.58830491073286,362,5.464191436767578
54.84,80.00901454623511,83.64126653598215,365,5.462655067443848
54.870000000000005,80.01189080639938,83.69483013188685,367,5.4549641609191895
54.9,80.01295304105953,83.73721821283982,369,5.44115686416626
54.93,80.01670849352814,83.77386579512398,372,5.421281814575195
54.96,80.02036756402873,83.8083359551094,375,5.395392894744873
54.99,80.022149191459,83.82647668850808,373,5.363552570343018
55.02,80.02502712089353,83.83494159386638,370,5.325831890106201
55.050000000000004,80.02626467107643,83.83976245078803,367,5.2823052406311035
55.08,80.02793705273903,83.8447219844035,369,5.233056545257568
55.11,80.02930133444475,83.84851095357554,370,5.178175449371338
55.14,80.02877066136264,83.85431342054495,377,5.117759704589844
55.17,80.02773687558935,83.86624027958244,383,5.051912784576416
55.2,80.028863340209,83.87672979299508,379,4.980745315551758
55.230000000000004,80.03294020520134,83.89197329153909,379,4.904376983642578
55.26,80.03723516387308,83.90577239849797,383,4.822930335998535
55.29,80.03661759703168,83.90844067537643,384,4.736537933349609
55.32,80.0357018357546,83.92125668745828,377,4.645336151123047
55.35,80.03552731403744,83.9390696821007,374,4.549466609954834
55.38,80.03543222125893,83.95979066880152,372,4.449079990386963
55.410000000000004,80.03583322010196,83.98598239593915,375,4.344329357147217
55.44,80.03435695882567,84.01442869457851,376,4.235372066497803
55.47,80.03555886157675,84.05382389044821,376,4.12237024307251
55.5,80.03620478005261,84.08973950416775,378,4.009340763092041
55.53,80.03934457720003,84.12497534966121,378,3.9720702171325684
55.56,80.04249143005691,84.1572308521485,382,3.9557034969329834
55.59,80.04446062581418,84.18062048771951,378,3.937262535095215
55.620000000000005,80.04742825252836,84.20338967775392,377,3.9132676124572754
55.65,80.05087707832165,84.22368068443515,375,3.882544755935669
55.68,80.05026431011156,84.23660405015698,366,3.844825029373169
55.71,80.0492860677907,84.23381336388071,360,3.8001012802124023
55.74,80.04989693679674,84.24115551985798,352,3.7484090328216553
55.77,80.04750598314831,84.24604461311804,357,3.689791440963745
55.800000000000004,80.04647589435493,84.25931177999712,353,3.624293327331543
55.83,80.0450790649594,84.27696047361314,355,3.5519657135009766
55.86,80.04344231180933,84.27667800281066,359,3.4728612899780273
55.89,80.04196299567067,84.27663756976274,355,3.3870387077331543
55.92,80.04200261682776,84.27977585531893,354,3.2945609092712402
55.95,80.04151327953542,84.28526098067701,352,3.195495367050171
55.980000000000004,80.03979879254291,84.29211912007459,343,3.089916467666626
56.01,80.0351642167614,84.30003657514312,350,2.9779038429260254
56.04,80.03149278853378,84.31405249306232,353,2.8595430850982666
56.07,80.02415070690107,84.33296968986284,349,2.7349274158477783
56.1,80.01838857406581,84.35008125837439,345,2.6041557788848877
56.13,80.01492019180955,84.37843452497636,342,2.4673359394073486
56.160000000000004,80.01180712914969,84.4178769328214,347,2.324582099914551
56.19,80.00495908568206,84.46368807014946,345,2.176011562347412
56.22,79.99889963123266,84.50020535120836,339,2.0191662311553955
56.25,79.99626442996092,84.52860404509981,342,1.8127970695495605
56.28,79.99316642516668,84.54667748663505,340,1.5961568355560303
56.31,79.98929040347639,84.54898733954919,339,1.3807547092437744
56.34,79.98508572762653,84.55351704879959,343,1.1667343378067017
56.370000000000005,79.9822747563209,84.55238592632205,347,0.9542392492294312
56.4,79.97847421786051,84.53858103887067,354,0.7434209585189819
56.43,79.97591290034464,84.51002854339194,353,0.5344372987747192
56.46,79.97219489567196,84.48506506620153,356,0.327450692653656
56.49,79.97047946428329,84.46122731097105,356,0.12262731790542603
56.52,79.96868319932895,84.43764013471939,346,-0.07986368983983994
56.550000000000004,79.9710880510359,84.40860417069473,344,-0.2798512578010559
56.58,79.97415671114878,84.37611968747505,347,-0.4771626591682434
56.61,79.97818693756653,84.35464803910865,346,-0.6716243028640747
56.64,79.97921975849738,84.33916830611989,349,-0.8630622625350952
56.67,79.97916838476297,84.29812584569959,343,-1.0513029098510742
56.7,79.97628574235425,84.2336514280674,348,-1.2361732721328735
56.730000000000004,79.97715515898781,84.16085505769377,343,-1.417502522468567
56.76,79.97791779340132,84.08782066610166,350,-1.5951206684112549
56.79,79.97489746376979,84.01550929548438,353,-1.7688608169555664
56.82,79.97226591004681,83.94762301185838,361,-1.9391019344329834
56.85,79.97426266924646,83.89672889238372,357,-2.142064094543457
56.88,79.97807681690637,83.85144447088112,356,-2.368459463119507
56.910000000000004,79.98197868787244,83.80704228302618,363,-2.5951244831085205
56.94,79.98538590352388,83.77189038648052,363,-2.8217263221740723
56.97,79.98755550140189,83.75350915705471,364,-3.0479536056518555
57.0,79.99056556771286,83.73394692317194,367,-3.273489475250244
57.03,79.9942085843407,83.70721072381939,369,-3.4980101585388184
57.06,79.99518982343969,83.68758744503458,374,-3.7211861610412598
57.09,79.99983053785914,83.67681010694191,382,-3.942657232284546
57.120000000000005,80.00465770785709,83.66974814832093,381,-4.081970691680908
57.15,80.01020805513645,83.66105278331963,383,-4.175394058227539
57.18,80.01527934196315,83.64710391911105,388,-4.263379096984863
57.21,80.01652573524233,83.63971257117379,391,-4.345803737640381
57.24,80.01577866665622,83.65029506345888,389,-4.422532081604004
57.27,80.01737460239194,83.6678347397809,387,-4.493443965911865
57.300000000000004,80.01806680593816,83.67991403446469,386,-4.5584306716918945
57.33,80.01851178123911,83.69356274620722,384,-4.617397785186768
57.36,80.01861785303146,83.704805785098,386,-4.670263290405273
57.39,80.01970114273742,83.70813826837797,383,-4.716953754425049
57.42,80.02210919339429,83.70496279607228,386,-4.757411479949951
57.45,80.02395417196597,83.7090489289217,385,-4.791584491729736
57.480000000000004,80.02506090887368,83.71367578485598,382,-4.81943416595459
57.51,80.0261546280176,83.704047508453,376,-4.8409318923950195
57.54,80.02660510198835,83.69067736307805,373,-4.856058120727539
57.57,80.02511858086908,83.6884345349745,372,-4.864804267883301
57.6,80.02453477417417,83.701407827358,369,-4.867170810699463
57.63,80.02327041952087,83.71941127321021,375,-4.863169193267822
57.660000000000004,80.02048611002299,83.74572608296859,375,-4.852822780609131
57.69,80.02019243615777,83.77432914980676,379,-4.836163520812988
57.72,80.01672656921914,83.79048644544821,376,-4.813236236572266
57.75,80.0121827424931,83.81326271245682,374,-4.784095287322998
57.78,80.01192929080493,83.85318081462373,371,-4.748802661895752
57.81,80.01326473459493,83.90081663332788,367,-4.707430839538574
57.84,80.01525305949723,83.94373021175308,367,-4.660062789916992
57.870000000000005,80.02009814250872,83.98154800039558,370,-4.606789588928223
57.9,80.02495395911585,84.01748378939688,370,-4.547711372375488
57.93,80.0284001736918,84.05913288056598,366,-4.48293399810791
57.96,80.0302131726842,84.10407462226158,364,-4.412571430206299
57.99,80.03319090938268,84.13979075323235,366,-4.336744785308838
58.02,80.03652946514501,84.1743659723297,365,-4.255580902099609
58.050000000000004,80.03805544867036,84.20247025924556,369,-4.169212341308594
58.08,80.04025498846183,84.21121618652985,369,-4.077796459197998
58.11,80.04166070005672,84.2065832256321,368,-3.997572183609009
58.14,80.04396360345497,84.19536704326643,367,-3.9807424545288086
58.17,80.04292086117337,84.18710137717991,366,-3.9731249809265137
58.2,80.04184645869823,84.18386369456228,365,-3.9648396968841553
58.230000000000004,80.04250679958035,84.18350054216,360,-3.9537394046783447
58.26,80.04343074927037,84.1997914900486,363,-3.9380123615264893
58.29,80.03983541421405,84.23101590693246,356,-3.9160046577453613
58.32,80.03895767957944,84.25836417479547,350,-3.8867437839508057
58.35,80.0393595528744,84.271186230629,351,-3.84993052482605
58.38,80.03652984413434,84.27634364280061,353,-3.8055403232574463
58.410000000000004,80.03294736690131,84.287735698876,349,-3.753607749938965
58.44,80.02900131949389,84.31464201077054,349,-3.6941776275634766
58.47,80.02504619533488,84.34154216878986,353,-3.627298355102539
58.5,80.020131063675,84.36564113839376,362,-3.5530238151550293
58.53,80.0172994365109,84.39050102040089,361,-3.471410036087036
58.56,80.01130702047642,84.42383728307533,369,-3.3825180530548096
58.59,80.00318866258829,84.44559317290975,367,-3.2864134311676025
58.620000000000005,79.99743678272455,84.45616144120882,369,-3.183166742324829
58.65,80.00369573591156,84.4637327174186,372,-3.072852611541748
58.68,80.00095876479972,84.47675186115627,371,-2.9555535316467285
58.71,79.99440785756883,84.4890328562777,368,-2.8313567638397217
58.74,79.9896459379499,84.48210021061523,365,-2.700356960296631
58.77,79.9871881825654,84.46990554066232,360,-2.562657117843628
58.800000000000004,79.98609226533435,84.44780326159545,364,-2.418367385864258
58.83,79.98275412794233,84.42673874510572,370,-2.267604112625122
58.86,79.98103735850682,84.412555261914,369,-2.110419750213623
58.89,79.97846498146836,84.38671099271808,369,-1.9282467365264893
58.92,79.97396196959095,84.35937610498236,380,-1.7045742273330688
58.95,79.96964782184192,84.32159859741539,386,-1.4811077117919922
58.980000000000004,79.96472986656725,84.28952634677246,392,-1.2585623264312744
59.01,79.9576113514498,84.26765196852291,390,-1.037082552909851
59.04,79.95154578337424,84.2484961755747,389,-0.8168190121650696
59.07,79.94789747479999,84.24604199644206,392,-0.5979279279708862
59.1,79.9484587058138,84.26428574639888,397,-0.3805714547634125
59.13,79.94504290051013,84.286319872135,391,-0.16491569578647614
59.160000000000004,79.94430681604771,84.29821794071853,392,0.04886924475431442
59.19,79.94663923610246,84.3130146581694,394,0.26061031222343445
59.22,79.94739634152938,84.34092865289617,389,0.47013184428215027
59.25,79.94441643534616,84.36664848755838,381,0.6772559285163879
59.28,79.94283329712164,84.38167026184185,376,0.881803572177887
59.31,79.94127499954323,84.38609810866267,378,1.0835946798324585
59.34,79.93802115948637,84.39299897713293,374,1.2824500799179077
59.370000000000005,79.93688152985307,84.3939336608808,372,1.4781911373138428
59.4,79.936720708528,84.39198321569732,372,1.670640230178833
59.43,79.93794822084206,84.39136891155968,374,1.8596464395523071
59.46,79.94150140257756,84.38438021526856,376,2.05938720703125
59.49,79.94557667895114,84.38184350317948,375,2.3038992881774902
59.52,79.94749662479313,84.38253258051449,376,2.550649404525757
59.550000000000004,79.95117734679458,84.37990471890157,375,2.7985167503356934
59.58,79.95020513022348,84.37591945112611,375,3.0471994876861572
59.61,79.9493558675944,84.36255622541793,375,3.296391010284424
59.64,79.95202389181243,84.3537267176605,378,3.5457773208618164
59.67,79.95602617221486,84.34813471433644,377,3.795039653778076
59.7,79.9583896493326,84.32589223789775,375,4.029388904571533
59.730000000000004,79.95868456134814,84.2905829532015,373,4.156409740447998
59.76,79.95811225126772,84.25649567953552,376,4.277014255523682
59.79,79.96208556997463,84.23258823249171,377,4.392648220062256
59.82,79.96752846152258,84.22052543237375,378,4.503151893615723
59.85,79.96771231068011,84.22312921909354,379,4.608375072479248
59.88,79.9642957782939,84.22104373865403,381,4.7081780433654785
59.910000000000004,79.9630625820777,84.2034122638193,383,4.802430629730225
59.94,79.96143131169173,84.18634436617536,388,4.891012191772461
59.97,79.96015096415232,84.168334870473,389,4.973809719085693
60.0,79.96216445596365,84.15164375583387,384,5.05072021484375
60.03,79.96545198885265,84.1345162544149,385,5.121648788452148
60.06,79.9692504650787,84.12328559313424,388,5.186507701873779
60.09,79.97400324057537,84.12057646796252,393,5.245221138000488
60.120000000000005,79.98105419646119,84.12052191364404,384,5.2977213859558105
60.15,79.98768051369937,84.11161369123454,378,5.3439531326293945
60.18,79.99345499758869,84.10714388992439,378,5.3838725090026855
60.21,79.99863651012653,84.10688684013621,383,5.417445182800293
60.24,80.0061046060411,84.10837258612291,381,5.444648265838623
60.27,80.00905207889771,84.12727723987618,380,5.4654669761657715
60.300000000000004,80.00899324509709,84.15612494145292,380,5.479896068572998
60.33,80.01060270436234,84.18233684194844,383,5.487939834594727
60.36,80.01583522391279,84.21444890084442,387,5.489611625671387
60.39,80.02003400879585,84.25163614684983,386,5.484932899475098
60.42,80.02289418878568,84.2917596191809,386,5.473935127258301
60.45,80.02667746600595,84.33714523593615,393,5.456658840179443
60.480000000000004,80.02787464248487,84.39108746968407,395,5.433150768280029
60.51,80.0300536494641,84.45334306670307,399,5.403469085693359
60.54,80.03235034279659,84.51447878845121,393,5.367681503295898
60.57,80.03503478980737,84.55836518591816,385,5.325865268707275
60.6,80.03698843583534,84.59387433427115,386,5.278106212615967
60.63,80.0374140090261,84.61648094233328,386,5.2245001792907715
60.660000000000004,80.03854703918292,84.64364269606008,385,5.165146350860596
60.69,80.04054463777099,84.67653018591461,391,5.100155830383301
60.72,80.04081471007365,84.70406308367879,398,5.029644012451172
60.75,80.04243969985649,84.72452569258607,404,4.9537353515625
60.78,80.0478441553379,84.74195387129832,406,4.872557640075684
60.81,80.04973694750971,84.75822923817601,410,4.786248207092285
60.84,80.05352567737106,84.76063747482476,411,4.694948196411133
60.870000000000005,80.05682917869244,84.7676436693413,406,4.598804473876953
60.9,80.05805127300569,84.77223275706199,402,4.49796724319458
60.93,80.05607338666836,84.76606284302672,400,4.3925933837890625
60.96,80.0537280180359,84.75221517502808,396,4.282844066619873
60.99,80.0537618046778,84.74658372666238,396,4.168883800506592
61.02,80.0528276324434,84.75292722505107,398,4.0510029792785645
61.050000000000004,80.05159747530138,84.76436679310214,399,3.978754997253418
61.08,80.04920092083488,84.77654471949671,391,3.959087610244751
61.11,80.0495556146713,84.78851742829757,393,3.9398083686828613
61.14,80.04781195460724,84.80699099178416,394,3.915238857269287
61.17,80.0422580864335,84.82756503791458,393,3.883842706680298
61.2,80.03775823091168,84.84719384727647,395,3.8452906608581543
61.230000000000004,80.03089246670935,84.85626418060339,396,3.7995798587799072
61.26,80.02207566925843,84.86263194192475,397,3.746755838394165
61.29,80.01405780753639,84.86559308191931,394,3.6868720054626465
61.32,80.00991322530069,84.86681777134595,394,3.619983673095703
61.35,80.00069814596134,84.86849370365475,392,3.546149969100952
61.38,79.9910441695732,84.85598990159707,385,3.4654316902160645
61.410000000000004,79.98206889181999,84.85025692381024,384,3.377894163131714
61.44,79.97318920402888,84.84203404907612,385,3.283607244491577
61.47,79.96673085243273,84.833598186716,386,3.182645082473755
61.5,79.95793426001478,84.8229923916358,389,3.075086832046509
61.53,79.94868377397682,84.80860054336574,378,2.9610183238983154
61.56,79.94076548915204,84.79604653106965,384,2.840531587600708
61.59,79.92735358294897,84.78023105542707,378,2.713723659515381
61.620000000000005,79.91359246378441,84.77281901899808,378,2.580699920654297
61.65,79.90495645663387,84.77717569807255,374,2.441572666168213
61.68,79.9031638023246,84.78611412385717,374,2.2964608669281006
61.71,79.90300548225443,84.79608806810097,377,2.1454741954803467
61.74,79.9016292319338,84.80678179173529,375,1.9811310768127441
61.77,79.89915704148315,84.82524776827005,374,1.7661405801773071
61.800000000000004,79.89679835656972,84.86430399547287,375,1.548392653465271
61.83,79.89495806604248,84.90923934903827,377,1.3318946361541748
61.86,79.89454884040877,84.93264762006407,366,1.116787075996399
61.89,79.89260905522534,84.94635860822223,369,0.9032171368598938
61.92,79.89218984730005,84.96804943601998,370,0.6913394331932068
61.95,79.90193521222818,84.99143047530508,372,0.4813149869441986
61.980000000000004,79.91016661929689,85.01613302796737,368,0.2733096778392792
62.01,79.91591676920946,85.04918711624086,363,0.06749330461025238
62.04,79.92115649960323,85.0886906752311,373,-0.13596123456954956
62.07,79.92432151332993,85.11816424678493,376,-0.3368784487247467
62.1,79.92972004416671,85.13452735607623,374,-0.5350807905197144
62.13,79.93609704895165,85.14914884270131,377,-0.730389416217804
62.160000000000004,79.94051055940368,85.14917070443228,386,-0.9226251840591431
62.190000000000005,79.94589156253008,85.14109549739734,383,-1.1116082668304443
62.22,79.95239727338442,85.12881059507386,382,-1.2971590757369995
62.25,79.9582484396646,85.10861771594915,382,-1.4790984392166138
62.28,79.96435109999975,85.0839182670863,388,-1.6572489738464355
62.31,79.96984534603699,85.05539675126056,393,-1.831444501876831
62.34,79.97692301392061,85.01915848731853,394,-2.0067005157470703
62.370000000000005,79.98406298457988,84.97480868085928,393,-2.2292556762695312
62.4,79.98755863808702,84.92229010803283,394,-2.4577267169952393
62.43,79.98775191425753,84.87361989551101,394,-2.6863303184509277
62.46,79.98494641191473,84.8448308880629,394,-2.9147534370422363
62.49,79.98464404334455,84.80810358498405,393,-3.142677068710327
62.52,79.98396032337857,84.77851931007197,389,-3.3697762489318848
62.550000000000004,79.98109532642269,84.73880082634116,388,-3.5957202911376953
62.58,79.98295796649643,84.69332193143597,387,-3.8201727867126465
62.61,79.98230273550114,84.64995230016832,384,-4.026736259460449
62.64,79.97832873871164,84.60158391335055,387,-4.127220153808594
62.67,79.97682895641431,84.5566784990804,381,-4.220067501068115
62.7,79.97393263447596,84.52989408780279,384,-4.307355880737305
62.730000000000004,79.97227757774137,84.5148273814097,385,-4.388931751251221
62.76,79.97334994213713,84.50371333034153,384,-4.464656829833984
62.79,79.97569728835775,84.49414907748155,384,-4.534407615661621
62.82,79.97925407200883,84.48809511453919,382,-4.598072528839111
62.85,79.98169732133708,84.48966983210815,392,-4.655552387237549
62.88,79.98666665387042,84.4966266042353,397,-4.706761360168457
62.910000000000004,79.99231754740865,84.497859534333,395,-4.751625061035156
62.940000000000005,79.99528072568725,84.5039967837817,401,-4.7900800704956055
62.97,79.99660277044353,84.50641252746837,402,-4.822074890136719
63.0,79.99793714238164,84.5116389973115,403,-4.847569942474365
63.03,79.99894537878963,84.5170795022304,401,-4.8665385246276855
63.06,80.00276897643461,84.53220121121566,399,-4.878963947296143
63.09,80.00650512366416,84.54802539937498,401,-4.884843826293945
63.120000000000005,80.00856476543701,84.5667228561813,404,-4.884188175201416
63.15,80.01011788550232,84.57911934751174,406,-4.877015590667725
63.18,80.00795253984552,84.59482446973539,405,-4.863357067108154
63.21,80.00723703202057,84.61119760371591,403,-4.843255519866943
63.24,80.00705976858322,84.63232096614885,396,-4.816761493682861
63.27,80.00998137655716,84.6490793970478,395,-4.783937454223633
63.300000000000004,80.01450402245689,84.67532119013048,394,-4.744854927062988
63.33,80.01789879225865,84.69938561517846,399,-4.699592590332031
63.36,80.0187790673336,84.71901565520243,400,-4.6482391357421875
63.39,80.02084422233213,84.73945533733306,400,-4.590891361236572
63.42,80.01892889370133,84.7643545738313,397,-4.527651309967041
63.45,80.0176975376091,84.80259325753158,403,-4.458630561828613
63.480000000000004,80.01634634955224,84.84089913438181,398,-4.383946418762207
63.51,80.01845013233566,84.87051705856574,391,-4.303723335266113
63.54,80.02284334518667,84.89811614789848,393,-4.2180938720703125
63.57,80.02478128143511,84.92463361684737,392,-4.127192974090576
63.6,80.02343404143146,84.94508062761646,386,-4.031951904296875
63.63,80.02421236170066,84.95846791874489,384,-3.9852194786071777
63.660000000000004,80.02687659041524,84.96136372235411,389,-3.9751765727996826
63.690000000000005,80.0293261061906,84.95946592364646,392,-3.9666929244995117
63.72,80.03006610187478,84.9707170700878,391,-3.95588755607605
63.75,80.02901110868753,84.97639142892025,395,-3.9406909942626953
63.78,80.02829610100325,84.9860416300758,397,-3.9192888736724854
63.81,80.03088401401389,84.99652910593474,399,-3.8905582427978516
63.84,80.03406342705615,85.00511906167404,393,-3.854126453399658
63.870000000000005,80.03519545998425,85.01361785731217,398,-3.809955358505249
63.9,80.03354513876172,85.02141994447729,396,-3.7580795288085938
63.93,80.0302018302883,85.0320433470769,390,-3.6985464096069336
63.96,80.02872628702954,85.03504924043756,385,-3.631411075592041
63.99,80.0265226086426,85.03822970955542,380,-3.556734561920166
64.02,80.02090652332686,85.04030312256292,382,-3.474581003189087
64.05,80.01666615894999,85.02433086065464,377,-3.3850178718566895
64.08,80.00857682268878,85.01692679907197,378,-3.288116216659546
64.11,79.99965926952686,85.02539466087246,382,-3.183952808380127
64.14,79.99017484417966,85.04776372531363,382,-3.0726072788238525
64.17,79.98290284458875,85.08010262578873,386,-2.9541664123535156
64.2,79.97614212458852,85.11130496988349,389,-2.8287222385406494
64.23,79.96934209045553,85.12926218744711,397,-2.696373701095581
64.26,79.9634562951627,85.14557884632248,399,-2.5572266578674316
64.29,79.95685674880148,85.16819440557592,398,-2.4113948345184326
64.32000000000001,79.95307090936551,85.18392426670795,403,-2.258998155593872
64.35,79.95328033038248,85.17883113158881,404,-2.10005521774292
64.38,79.95336054208676,85.1756977800884,413,-1.9123847484588623
64.41,79.95083461576556,85.16959719433852,411,-1.6870629787445068
64.44,79.94998027853673,85.15898038268816,412,-1.4621710777282715
64.47,79.94967254988059,85.13271231743725,409,-1.2381664514541626
64.5,79.94934617458073,85.1077906074782,417,-1.0151965618133545
64.53,79.95041574114538,85.07800720759961,423,-0.7934150099754333
64.56,79.95041469201873,85.04397199961454,426,-0.5729815363883972
64.59,79.94818488739176,85.01121732168345,424,-0.3540605306625366
64.62,79.94771613652412,84.97956812247179,424,-0.13682116568088531
64.65,79.95150362030343,84.95020460168232,426,0.07856422662734985
64.68,79.95531809555052,84.92377013321305,424,0.2919212281703949
64.71000000000001,79.95603907206298,84.89709911622788,419,0.5030744671821594
64.74,79.95694795703632,84.89052387151101,418,0.7118474245071411
64.77,79.95753553375054,84.88584460458888,415,0.9180623888969421
64.8,79.95947481783165,84.87396007972742,409,1.1215399503707886
64.83,79.96712178381804,84.85326588616294,407,1.32210111618042
64.86,79.975401138286,84.83061581820226,413,1.5195659399032593
64.89,79.98127665446249,84.81227826526633,413,1.7137565612792969
64.92,79.98790680075477,84.80516870741455,412,1.9046239852905273
64.95,79.99418608523283,84.80886164386727,412,2.1205172538757324
64.98,80.00258049216586,84.81941462854464,415,2.3689937591552734
65.01,80.01174923456902,84.82325630335129,422,2.6190083026885986
65.04,80.01537219683256,84.8335848935406,414,2.870194435119629
65.07000000000001,80.01699089817296,84.85396597138477,414,3.1222450733184814
65.1,80.01995751499966,84.86559288077723,416,3.374847173690796
65.13,80.01987463201293,84.86808396964095,412,3.627681016921997
65.16,80.02082949309882,84.86863640345375,404,3.880420207977295
65.19,80.02142581848179,84.86469615098405,403,4.077240467071533
65.22,80.02462850545255,84.86742389088207,406,4.204781532287598
65.25,80.02836721111437,84.87742930943378,413,4.3274383544921875
65.28,80.02955684329854,84.88219869154376,415,4.445073127746582
65.31,80.02930803017541,84.87962427795989,420,4.557523727416992
65.34,80.03147477407222,84.86414129844158,423,4.664640426635742
65.37,80.03377945483017,84.84454203493057,422,4.7662835121154785
65.4,80.03556812472569,84.83209700184081,423,4.862322807312012
65.43,80.03330153798645,84.83293081396204,418,4.952637672424316
65.46000000000001,80.03301686067365,84.85463684754086,413,5.037115573883057
65.49,80.03211773963982,84.86965138810298,405,5.115654468536377
65.52,80.02933538802857,84.88151805534545,406,5.188157081604004
65.55,80.02715920122859,84.90304848848696,409,5.254536151885986
65.58,80.0262638609931,84.9268424357334,409,5.314713001251221
65.61,80.02607417167957,84.94986625111288,407,5.368614673614502
65.64,80.02331823889945,84.96653400322299,411,5.416178226470947
65.67,80.01951014020293,84.98843037532066,413,5.457351207733154
65.7,80.01504869894707,85.02170865309775,411,5.492092609405518
65.73,80.01157489105013,85.04572506648702,417,5.520369529724121
65.76,80.00756450067595,85.05937472009086,419,5.542160987854004
65.79,80.00847299333324,85.07508062755831,422,5.557455539703369
65.82000000000001,80.00945794192566,85.09064791802392,420,5.566251754760742
65.85,80.00787800633415,85.10209408820549,421,5.568556308746338
65.88,80.00355902568367,85.1066367944019,422,5.56438684463501
65.91,80.00515943690161,85.1159005981518,420,5.553771018981934
65.94,80.00553169015419,85.1313402381617,422,5.536744117736816
65.97,80.00263090215893,85.15262673781343,422,5.513352870941162
66.0,80.00168803108534,85.17697191499155,422,5.48365592956543
66.03,80.00150090083638,85.20424222102827,421,5.447719573974609
66.06,79.99942290806067,85.23734819905066,427,5.405621528625488
66.09,79.99940572699661,85.28167110837177,422,5.357449054718018
66.12,79.99938124514887,85.33702911561234,421,5.303297996520996
66.15,79.99542462140768,85.37898929056016,414,5.2432708740234375
66.18,79.99329831979644,85.40036576912937,416,5.177477836608887
66.21000000000001,79.98768208262294,85.4145997111065,420,5.106037139892578
66.24,79.98317181064425,85.42629792525466,426,5.0290727615356445
66.27,79.98210542023998,85.43925850409848,434,4.946714878082275
66.3,79.97932320074771,85.44932229658134,438,4.859098434448242
66.33,79.97981567505761,85.45827559762738,441,4.766365051269531
66.36,79.98103998788217,85.46522151000781,442,4.668662071228027
66.39,79.98429247453325,85.4668684903179,444,4.5661420822143555
66.42,79.98550425707587,85.47075072500165,443,4.458962440490723
66.45,79.98632248464538,85.48173098463907,436,4.347283840179443
66.48,79.98912375904528,85.49651732948041,438,4.231273174285889
66.51,79.99028551839481,85.51066184825504,436,4.1110992431640625
66.54,79.98605839110344,85.50550035041343,430,3.996987819671631
66.57000000000001,79.98302048119172,85.50362186927333,432,3.964684009552002
66.6,79.98084614531695,85.51089947913599,432,3.943422317504883
66.63,79.9795716373914,85.52595659779963,428,3.917691946029663
66.66,79.97868684519466,85.53967272653216,422,3.8851194381713867
66.69,79.97761457993421,85.52939895125054,415,3.8452632427215576
66.72,79.97310425783873,85.51925680118313,413,3.79811692237854
66.75,79.96772554679141,85.50998354034505,422,3.743734836578369
66.78,79.96073732093166,85.49883206157816,421,3.6821765899658203
66.81,79.95548579668088,85.4934832586935,425,3.6135051250457764
66.84,79.94893473428074,85.49255779690536,418,3.5377860069274902
66.87,79.94361178467669,85.48610906568447,418,3.455087661743164
66.9,79.93806962885952,85.4792407476476,418,3.365480899810791
66.93,79.93344785246839,85.46314800036198,422,3.2690412998199463
66.96000000000001,79.93014499493812,85.44617244416628,421,3.16584849357605
66.99,79.9278606066835,85.42147120596228,421,3.0559868812561035
67.02,79.92575530950698,85.39744034978666,418,2.939546585083008
67.05,79.92112274226274,85.37062671804367,413,2.816622734069824
67.08,79.91687076996476,85.35354401849355,412,2.6873183250427246
67.11,79.91289781448398,85.33411543464162,412,2.551741123199463
67.14,79.91325930914473,85.32635980749254,413,2.4100067615509033
67.17,79.9152335355348,85.32528120833429,417,2.262237548828125
67.2,79.91512128711364,85.33693489442791,411,2.1084835529327393
67.23,79.91492680777266,85.34164454357253,413,1.9302756786346436
67.26,79.91174807747471,85.35790156123255,408,1.710881233215332
67.29,79.91328286432757,85.37084725152069,410,1.4919688701629639
67.32000000000001,79.91653030964208,85.37780796746074,415,1.2743030786514282
67.35,79.92052988674777,85.37781751862549,410,1.0580241680145264
67.38,79.92238956897447,85.37861415073725,408,0.8432788252830505
67.41,79.9259163651135,85.38241380980483,404,0.6302211284637451
67.44,79.92871142152904,85.39039960039479,399,0.41901156306266785
67.47,79.92934623697829,85.40019645271776,394,0.20981615781784058
67.5,79.93100498914461,85.41285644036374,395,0.0028050560504198074
67.53,79.93643126470906,85.42749136409392,390,-0.20184816420078278
67.56,79.94311601328475,85.441324834364,388,-0.40396732091903687
67.59,79.95126702356275,85.4531402485224,387,-0.603374183177948
67.62,79.95797094432895,85.46700320708703,387,-0.7998889088630676
67.65,79.959543132573,85.48680532760572,384,-0.9933308362960815
67.68,79.96227014209686,85.50964586227315,387,-1.1835185289382935
67.71000000000001,79.96009601134455,85.52603370210592,378,-1.3702702522277832
67.74,79.9586787111613,85.5379790266247,377,-1.553404688835144
67.77,79.95847928182715,85.54309901481146,376,-1.732742190361023
67.8,79.96146086439362,85.54517604759639,380,-1.9082692861557007
67.83,79.96349969543334,85.53726475001889,384,-2.1069841384887695
67.86,79.96567805376714,85.52106277363788,386,-2.338388681411743
67.89,79.97002988277985,85.50742806810489,391,-2.570366144180298
67.92,79.97246081878203,85.49564081200477,401,-2.8024797439575195
67.95,79.9750138885096,85.48395545381254,403,-3.034412384033203
67.98,79.97890907370052,85.48288499036596,403,-3.265840530395508
68.01,79.98397366803486,85.48062387449518,402,-3.4964354038238525
68.04,79.98499622092265,85.47666474945207,397,-3.725861072540283
68.07000000000001,79.98819302220473,85.47370495877982,397,-3.953716993331909
68.1,79.98772543730641,85.47594355107466,399,-4.092386245727539
68.13,79.98578819502445,85.47293020033374,405,-4.192124366760254
68.16,79.98772541241529,85.47899749816632,406,-4.286387920379639
68.19,79.99273331647498,85.49808419600815,409,-4.375019550323486
68.22,79.99207459274602,85.50705861262662,411,-4.4578633308410645
68.25,79.99063121692306,85.49857069561543,409,-4.53477668762207
68.28,79.99141373205266,85.48631800280064,418,-4.605631351470947
68.31,79.98902634873983,85.48125845034687,425,-4.67031192779541
68.34,79.9904145774919,85.48034387845892,427,-4.72871732711792
68.37,79.99164359531655,85.48087871413611,421,-4.780757427215576
68.4,79.99523948181839,85.48931427150035,411,-4.82635498046875
68.43,79.99973991719902,85.49222638797671,411,-4.865444660186768
68.46000000000001,80.00370444604314,85.49923309047075,414,-4.8979716300964355
68.49,80.01369152575847,85.51820116372458,420,-4.923893928527832
68.52,80.01740823267912,85.5390090333004,422,-4.943182468414307
68.55,80.01975477344789,85.56316234348824,414,-4.955820083618164
68.58,80.02347100451499,85.60014290752687,417,-4.9618024826049805
68.61,80.02110074065163,85.65163661658814,411,-4.961136817932129
68.64,80.01768062399003,85.69725479676993,407,-4.9538421630859375
68.67,80.0151002195833,85.74239795170323,409,-4.9399495124816895
68.7,80.00990486858998,85.7843305644254,406,-4.91949987411499
68.73,80.00586031260656,85.82090646921048,409,-4.892543315887451
68.76,80.00764194615604,85.84847031654876,411,-4.8591413497924805
68.79,80.00753992682866,85.87315671313759,414,-4.819361686706543
68.82000000000001,80.00616591507095,85.88776390765302,414,-4.773281574249268
68.85000000000001,80.00554828128722,85.89960878040233,414,-4.720986843109131
68.88,80.00904375515998,85.9009760700321,415,-4.662572383880615
68.91,80.00881600167494,85.8892657236378,418,-4.59813928604126
68.94,80.00798110252799,85.8778843089933,417,-4.527795791625977
68.97,80.00461502870337,85.8613992650361,430,-4.451658248901367
69.0,79.99967871519809,85.8443183308932,431,-4.3698506355285645
69.03,79.99603847340865,85.8324524079987,425,-4.282504081726074
69.06,79.99487892571378,85.82284417698382,423,-4.189759731292725
69.09,79.9911483215715,85.81049281332416,414,-4.091768741607666
69.12,79.98820724326461,85.795437124945,407,-3.9998579025268555
69.15,79.9843650010708,85.77657148760711,407,-3.9774699211120605
69.18,79.98337661325381,85.76042090156773,405,-3.967153787612915
69.21000000000001,79.98157661409483,85.76258067432762,407,-3.955472469329834
69.24,79.97920771186476,85.77674693521507,417,-3.9393961429595947
69.27,79.971973254175,85.7990802963542,417,-3.916900157928467
69.3,79.96816732325385,85.82239715520335,413,-3.8868632316589355
69.33,79.9647656740529,85.85219883245205,419,-3.848952293395996
69.36,79.95886317071137,85.88329908788724,414,-3.8031444549560547
69.39,79.95317828135859,85.90916559440086,410,-3.7494795322418213
69.42,79.94927150346716,85.93083246470161,413,-3.6880075931549072
69.45,79.9429209891871,85.94115555938562,416,-3.6187853813171387
69.48,79.93715431098595,85.94987059817478,421,-3.541877269744873
69.51,79.93625941650077,85.95933629620802,419,-3.457352638244629
69.54,79.93559720516723,85.95646741338349,416,-3.3652870655059814
69.57000000000001,79.93858102775823,85.94352756624085,419,-3.265758991241455
69.60000000000001,79.94097617637918,85.92884117272928,422,-3.15885066986084
69.63,79.94142221719444,85.90607906695053,420,-3.044649124145508
69.66,79.93867114986965,85.89053989048061,422,-2.9232473373413086
69.69,79.93688715182422,85.87564772107253,418,-2.7947423458099365
69.72,79.93664865424316,85.86093262321029,409,-2.65923810005188
69.75,79.9375005114548,85.8321185613864,411,-2.5168447494506836
69.78,79.94129728976496,85.80341077115725,417,-2.3676795959472656
69.81,79.94354364926238,85.76780229202295,418,-2.211866855621338
69.84,79.94349902452758,85.73402784463647,413,-2.0487112998962402
69.87,79.94500375377854,85.69908171273411,413,-1.8407962322235107
69.9,79.94534260519707,85.65347980225279,410,-1.613729476928711
69.93,79.944994149189,85.6102177488241,411,-1.387373447418213
69.96000000000001,79.9460730922964,85.5824331053295,407,-1.1618951559066772
69.99,79.9489279457828,85.56097994197793,414,-0.9374464750289917
70.02,79.95246837303638,85.54253302844116,413,-0.7141847610473633
70.05,79.95824189797274,85.54220908836862,414,-0.49227210879325867
70.08,79.96282970297968,85.54292811236864,421,-0.2718754708766937
70.11,79.96635379019894,85.5392144242948,425,-0.05316571518778801
70.14,79.96824942930292,85.52846374615343,426,0.16368338465690613
70.17,79.96864800620214,85.51097085772355,427,0.37849608063697815
70.2,79.96833826737533,85.48898833379536,432,0.5910958647727966
70.23,79.96965322747621,85.4567751531896,430,0.8013061881065369
70.26,79.96982881463124,85.43593617342457,423,1.0089505910873413
70.29,79.96869887593216,85.42537769864158,419,1.213851809501648
70.32000000000001,79.96937673664509,85.40453798223055,408,1.415832281112671
70.35000000000001,79.97672752732052,85.37535035904604,413,1.6147137880325317
70.38,79.9829841033042,85.3472126354537,417,1.8103224039077759
70.41,79.98741043328299,85.32017891826257,418,2.0070149898529053
70.44,79.9919559191039,85.30779205039467,421,2.2531135082244873
70.47,79.99521469718191,85.30774013724476,424,2.506066083908081
70.5,79.99460515361157,85.304313495898,426,2.7605245113372803
70.53,79.9960087355112,85.29596134953091,423,3.0161869525909424
70.56,80.00082942330063,85.29310968563584,424,3.272742986679077
70.59,80.00562289614919,85.29743980243464,427,3.5298759937286377
70.62,80.01131641888009,85.29454711457214,428,3.787261724472046
70.65,80.01750405550136,85.28997859031251,434,4.0304107666015625
70.68,80.02084878822693,85.29382680458102,436,4.165975570678711
70.71000000000001,80.02425931221714,85.29828201821995,435,4.295384883880615
70.74,80.02293150832652,85.29889598932256,441,4.4199018478393555
70.77,80.0200071743715,85.31159332596025,444,4.539351463317871
70.8,80.02053760702186,85.32965380489482,447,4.6535725593566895
70.83,80.0272231772145,85.35025241096812,440,4.762413501739502
70.86,80.03678661053603,85.38034575928698,434,4.865734100341797
70.89,80.04165374295349,85.40959976580086,435,4.963407039642334
70.92,80.04344684766744,85.45194939489997,428,5.055312156677246
70.95,80.04505122021824,85.49745961080414,426,5.1413373947143555
70.98,80.04789374845865,85.53794650210473,428,5.221380710601807
71.01,80.04952415389006,85.56671062965998,428,5.295347213745117
71.04,80.05051974710634,85.59877379144949,424,5.363149642944336
71.07000000000001,80.05276687550567,85.63419709674419,419,5.424706935882568
71.10000000000001,80.05414309013484,85.6757132283369,417,5.479947090148926
71.13,80.05437708065709,85.71970504733531,417,5.528804302215576
71.16,80.05213570814315,85.76599179416368,416,5.571222305297852
71.19,80.05035806874062,85.81401371490061,417,5.607152462005615
71.22,80.04528030501791,85.85902114152623,417,5.636558532714844
71.25,80.04402459023626,85.8993787928005,420,5.659411907196045
71.28,80.04496275733972,85.94510225609268,420,5.675698280334473
71.31,80.04458891702507,85.9894138456188,425,5.6854095458984375
71.34,80.04376514593959,86.03089565219086,423,5.688549995422363
71.37,80.04637954780587,86.07639975243788,424,5.685131072998047
71.4,80.04436945629848,86.13015694807198,427,5.675174713134766
71.43,80.04377840547761,86.17753354068641,426,5.658712387084961
71.46000000000001,80.04098190784434,86.22434771352196,425,5.63578462600708
71.49,80.03868644533007,86.26941408133838,423,5.606442928314209
71.52,80.03702818585921,86.31606672027681,432,5.570748329162598
71.55,80.0348494826885,86.35707264820915,430,5.528772830963135
71.58,80.02968066043171,86.39098442878141,441,5.480598449707031
71.61,80.02725106882397,86.41169135839816,441,5.426316261291504
71.64,80.02457926399121,86.43314850758729,441,5.366026878356934
71.67,80.02123864580953,86.45651851018106,438,5.299838066101074
71.7,80.01169245062817,86.48175694890067,438,5.227865695953369
71.73,79.99919506816832,86.49735869011248,451,5.150230407714844
71.76,79.99476638699456,86.50973898013109,447,5.067060947418213
71.79,79.98946320048672,86.51249864973626,452,4.978492736816406
71.82000000000001,79.9834608766926,86.50622763039047,457,4.8846635818481445
71.85000000000001,79.97914236000604,86.49907985835681,456,4.785720348358154
71.88,79.97415722665677,86.48924499131893,451,4.681812286376953
71.91,79.96776613380028,86.47237184117665,452,4.573095798492432
71.94,79.964921491389,86.45096260962734,454,4.459733009338379
71.97,79.96335976397714,86.42906523712524,453,4.341887950897217
72.0,79.96401591019129,86.40717917272269,451,4.219732284545898
72.03,79.96392246983888,86.3846334958347,453,4.093445301055908
72.06,79.96180776337488,86.3545639764872,445,3.9860498905181885
72.09,79.9604674858327,86.32155478412717,444,3.9563252925872803
72.12,79.95968843308947,86.28594448811786,443,3.930028200149536
72.15,79.95653302409188,86.25092005015327,445,3.897662401199341
72.18,79.95379738395161,86.20904956228821,449,3.8579535484313965
72.21000000000001,79.95093612913706,86.15215026647742,448,3.8107988834381104
72.24,79.94819883181982,86.09249040088486,448,3.756251811981201
72.27,79.94646362444598,86.04872118351878,448,3.6943776607513428
72.3,79.9422464944201,86.01608671533172,454,3.6252450942993164
72.33,79.93781733747653,85.9870087028497,454,3.5489237308502197
72.36,79.93055008202558,85.95588657804183,451,3.4654879570007324
72.39,79.92425997042582,85.93597717847852,450,3.3750147819519043
72.42,79.9177653177184,85.9272414112318,445,3.2775845527648926
72.45,79.91234227761896,85.92307478432946,440,3.1732826232910156
72.48,79.90582595542948,85.91122106585472,435,3.0621964931488037
72.51,79.90263423619147,85.90086105415045,432,2.944420337677002
72.54,79.90310107896396,85.89833893599749,434,2.820053815841675
72.57000000000001,79.90368016192026,85.90270835588018,431,2.6892001628875732
72.60000000000001,79.90085647627726,85.91048268804359,426,2.5519704818725586
72.63,79.90161027373458,85.91767596977209,419,2.408482551574707
72.66,79.90395388857654,85.92899511000657,423,2.2588601112365723
72.69,79.90743404069171,85.94410029814068,427,2.1031370162963867
72.72,79.9115262093256,85.9478105443802,431,1.9207466840744019
72.75,79.9130509453811,85.92824944725149,427,1.6993321180343628
72.78,79.91347562143163,85.89855379407372,422,1.4785516262054443
72.81,79.91436512024443,85.87797135674033,423,1.2589774131774902
72.84,79.91647203820379,85.86533256398593,425,1.0407485961914062
72.87,79.9188084559077,85.86133444408449,427,0.8240107297897339
72.9,79.92287779635998,85.85527677254622,433,0.6089150905609131
72.93,79.92812682173768,85.85302284098768,433,0.39561837911605835
72.96000000000001,79.93290080450484,85.83934029996585,427,0.18428288400173187
72.99,79.93908396881126,85.82501908868426,432,-0.024924181401729584
73.02,79.94355042169369,85.81328866361906,433,-0.23183166980743408
73.05,79.95062582155903,85.80905167054885,438,-0.43626537919044495
73.08,79.9533677290138,85.81073041062571,433,-0.6380489468574524
73.11,79.95253639208599,85.81084583987308,428,-0.8370046615600586
73.14,79.95004659441246,85.81444769833445,428,-1.0329535007476807
73.17,79.94944483631595,85.81436203400193,433,-1.2257158756256104
73.2,79.95087336773538,85.82375722062635,434,-1.4151123762130737
73.23,79.95222848030697,85.84635258272031,433,-1.6009634733200073
73.26,79.95536297546786,85.8736252951359,433,-1.7830923795700073
73.29,79.96129768895518,85.88930880147079,431,-1.9625163078308105
73.32000000000001,79.96157145853103,85.90692864387266,428,-2.182676076889038
73.35000000000001,79.96054792881864,85.93413585234953,428,-2.4189324378967285
73.38,79.9639062041864,85.97575519259773,432,-2.6557998657226562
73.41,79.96828718167143,86.01984620890352,431,-2.8929593563079834
73.44,79.97323323928318,86.0573469477411,433,-3.1300899982452393
73.47,79.97498630334505,86.08911198254013,437,-3.366865873336792
73.5,79.97502722102693,86.11923717206476,437,-3.6029555797576904
73.53,79.972887380423,86.16041443679883,432,-3.838021755218506
73.56,79.97596414607733,86.20010645963134,432,-4.042910575866699
73.59,79.98127108518477,86.22066302161251,427,-4.152731895446777
73.62,79.98524645738534,86.22561466303681,429,-4.2566609382629395
73.65,79.98875295554438,86.234861392568,428,-4.355144500732422
73.68,79.99464699615233,86.24363647129331,425,-4.4480133056640625
73.71000000000001,80.00099603221109,86.26147407201638,422,-4.5351080894470215
73.74,80.0040561232482,86.29367619095251,427,-4.616279125213623
73.77,80.00408788731167,86.32936267219246,426,-4.691390514373779
73.8,80.00469197093028,86.36875889286429,429,-4.76032018661499
73.83,80.00469760511773,86.40254663256401,427,-4.8229570388793945
73.86,80.00565223777838,86.4329925548574,433,-4.879205226898193
73.89,80.00781876583912,86.46256516409416,441,-4.928979873657227
73.92,80.01040297674628,86.48184927331616,434,-4.972208499908447
73.95,80.01251631788598,86.51370594615413,435,-5.008831024169922
73.98,80.01547831665411,86.55147469008384,438,-5.038795471191406
74.01,80.01950506386058,86.59503353008154,436,-5.0620646476745605
74.04,80.02146826293234,86.63865412064129,439,-5.078610420227051
74.07000000000001,80.02202367499676,86.67827164382207,445,-5.08841609954834
74.10000000000001,80.02253347355082,86.70558366645565,448,-5.091477870941162
74.13,80.0192390646899,86.73220916709587,449,-5.087804794311523
74.16,80.018324064097,86.76661696542094,452,-5.077415943145752
74.19,80.0132865603422,86.80885147373975,450,-5.060343265533447
74.22,80.01130507791287,86.85027005601529,443,-5.036629676818848
74.25,80.01049119275314,86.87104182777688,444,-5.006325721740723
74.28,80.00978325809915,86.88592828599596,442,-4.969492435455322
74.31,80.00874338263195,86.90838278139248,440,-4.926201343536377
74.34,80.00814759078177,86.92826220266137,432,-4.876529216766357
74.37,80.00566899562308,86.94428630744068,436,-4.820562839508057
74.4,80.00032502558072,86.96749518256256,437,-4.758394241333008
74.43,79.99607647031442,86.95708071514886,435,-4.690127372741699
74.46000000000001,79.99418639122213,86.92332537663574,436,-4.615870952606201
74.49,79.99121779689007,86.89383273112846,438,-4.53574275970459
74.52,79.9875993368844,86.85280249340241,434,-4.44986629486084
74.55,79.98038913726988,86.80399222159424,437,-4.358373641967773
74.58,79.9715634367563,86.75871428682431,443,-4.26140832901001
74.61,79.9643337688565,86.71350599837373,442,-4.159120082855225
74.64,79.9577747832524,86.67805856927764,446,-4.051797389984131
74.67,79.953548650571,86.64474855685297,446,-3.9832842350006104
74.7,79.94647827006364,86.61545185800878,441,-3.967275619506836
74.73,79.93873939934255,86.58212952406035,443,-3.952988386154175
74.76,79.93324177716585,86.53801613424343,438,-3.934232234954834
74.79,79.92659691014502,86.49311970900203,434,-3.908587694168091
74.82000000000001,79.92246218205355,86.45892593717608,437,-3.875074863433838
74.85000000000001,79.91649574683991,86.43742146900338,438,-3.833486795425415
74.88,79.91283487327333,86.426091399752,440,-3.7838356494903564
74.91,79.90941662319584,86.40897893640224,434,-3.726167917251587
74.94,79.90913788207922,86.40355696135431,433,-3.6605381965637207
74.97,79.911865983462,86.40328708328519,436,-3.5870072841644287
75.0,79.91067616830004,86.40978934646449,437,-3.5056419372558594
75.03,79.90848676039522,86.42046949382778,442,-3.4165167808532715
75.06,79.90809673732062,86.42118651676928,447,-3.3197133541107178
75.09,79.9077062720377,86.42650185975937,447,-3.2153189182281494
75.12,79.90629966207254,86.44241162070941,449,-3.103424549102783
75.15,79.90599468688389,86.45427308141126,450,-2.9841253757476807
75.18,79.9072227360198,86.45261813025063,440,-2.8575217723846436
75.21000000000001,79.91025308879237,86.4434049978409,440,-2.7237179279327393
75.24,79.91461342739973,86.43158409744066,434,-2.5828237533569336
75.27,79.92218770852703,86.41158342706417,429,-2.4349567890167236
75.3,79.9273263285623,86.38847642932512,425,-2.2802393436431885
75.33,79.9315879078308,86.36352717092545,421,-2.118755340576172
75.36,79.93822279651745,86.33782591751333,422,-1.933677077293396
75.39,79.9434596977858,86.30126998520713,419,-1.7049888372421265
75.42,79.94892982114784,86.2590719332172,420,-1.4761966466903687
75.45,79.95277899907417,86.21739796029074,421,-1.2481472492218018
75.48,79.95357552247269,86.18049891111757,422,-1.020994782447815
75.51,79.95427080832069,86.15038723440688,425,-0.7948979139328003
75.54,79.955574637325,86.12687349088641,429,-0.570019543170929
75.57000000000001,79.95892202368242,86.10556211028914,431,-0.3465266227722168
75.60000000000001,79.96429432842106,86.09176950970743,434,-0.1245892345905304
75.63,79.96701681530759,86.08749333867966,439,0.09561945497989655
75.66,79.96975823742804,86.08871637593859,445,0.31392374634742737
75.69,79.97205557328807,86.0862917962715,447,0.5301459431648254
75.72,79.97499704166805,86.07419577993186,446,0.7441073656082153
75.75,79.98221968633443,86.04292232308593,451,0.9556295871734619
75.78,79.98834938924395,86.01829277225522,448,1.1645346879959106
75.81,79.98731163712961,86.01356380755911,442,1.370646357536316
75.84,79.98880361185111,86.01935159631918,446,1.573788046836853
75.87,79.98984005585157,86.03266346500138,451,1.77378511428833
75.9,79.9884054255869,86.05282313871143,455,1.971919298171997
75.93,79.98495576689704,86.0737788734939,445,2.2150208950042725
75.96000000000001,79.98223433972912,86.10531133794554,444,2.472003698348999
75.99,79.98011986761404,86.14821233387767,442,2.730771541595459
76.02,79.98204920985647,86.17925045913977,442,2.9910244941711426
76.05,79.98441150397144,86.20389541911307,441,3.252455472946167
76.08,79.98551786553216,86.22618788699616,444,3.5147502422332764
76.11,79.98331100307628,86.24969571321228,443,3.7775888442993164
76.14,79.98427209618596,86.27765441723324,447,4.028412818908691
76.17,79.98535300426883,86.31622296390424,445,4.170182228088379
76.2,79.98548762185321,86.36398243879385,446,4.305721282958984
76.23,79.98221693268593,86.40107407247402,446,4.436476707458496
76.26,79.98352868773482,86.42733037157141,440,4.562271595001221
76.29,79.99282770076788,86.45587416776102,444,4.682937145233154
76.32000000000001,80.00276102073182,86.4798547018449,446,4.79831600189209
76.35000000000001,80.00789070268736,86.49278398506802,447,4.908259391784668
76.38,80.01112436583578,86.50513671962729,451,5.012629985809326
76.41,80.01421103311695,86.51776118975431,450,5.111300468444824
76.44,80.0191428268827,86.52943416323025,448,5.204153537750244
76.47,80.02493933771441,86.53227621149105,441,5.291081428527832
76.5,80.03033322701643,86.54004073299295,435,5.371983051300049
76.53,80.03403633774383,86.53338825380258,442,5.4467668533325195
76.56,80.03684047899141,86.53269741435558,446,5.515346527099609
76.59,80.04171877173168,86.5327550158324,451,5.5776448249816895
76.62,80.04418885762331,86.53785386336514,448,5.6335906982421875
76.65,80.04282078624212,86.54530254482523,456,5.683120250701904
76.68,80.04095401842966,86.5679452787159,452,5.726175308227539
76.71000000000001,80.0400739464567,86.60762629656023,448,5.7627081871032715
76.74,80.03845038853663,86.63927462269339,442,5.792675971984863
76.77,80.03686502681425,86.67465745592989,446,5.816047191619873
76.8,80.03484941076049,86.72133262687505,446,5.832802772521973
76.83,80.03643935260934,86.77322928600684,449,5.842933177947998
76.86,80.03226811953041,86.83211423481615,458,5.846436500549316
76.89,80.02837357235721,86.90880067548814,459,5.843323707580566
76.92,80.02612976599566,86.98887412589966,462,5.833611965179443
76.95,80.02566877241429,87.05990248141583,461,5.817331790924072
76.98,80.02492938865741,87.11192674516874,462,5.794518947601318
77.01,80.0211016856093,87.15447576109202,466,5.765219211578369
77.04,80.01990973292342,87.19527559818322,467,5.729487419128418
77.07000000000001,80.01800718995936,87.22870426211284,457,5.687385559082031
77.10000000000001,80.01208384582608,87.25030608860024,451,5.638988018035889
77.13,80.00106978555561,87.27895010658857,447,5.584378719329834
77.16,79.99075645546657,87.31422770454054,458,5.523650169372559
77.19,79.98463761992781,87.3485713303919,456,5.456904888153076
77.22,79.97670058699882,87.387267424836,456,5.384253025054932
77.25,79.96929604088882,87.41736528867176,460,5.305813312530518
77.28,79.96140862206944,87.43037732558815,455,5.2217116355896
77.31,79.95543875728659,87.43886417856062,454,5.132079124450684
77.34,79.94904622463396,87.44346976308354,450,5.037052154541016
77.37,79.94324909996384,87.4450794755137,455,4.9367756843566895
77.4,79.94056578739122,87.44008326503504,456,4.831397533416748
77.43,79.93703844471995,87.43402919748472,462,4.721071243286133
77.46000000000001,79.93635809485758,87.403056241984,459,4.60595703125
77.49,79.93489732323746,87.35202644630351,470,4.486217498779297
77.52,79.93081625242621,87.29856873959385,468,4.362022399902344
77.55,79.92230244193956,87.25829835891714,471,4.233545780181885
77.58,79.91440062870875,87.22053326626451,464,4.10097074508667
77.61,79.90932233928429,87.1746888969273,463,3.9856057167053223
77.64,79.9066004004114,87.12466291999947,464,3.9511513710021973
77.67,79.90089876529775,87.06687884452857,462,3.9191765785217285
77.7,79.89321991616839,87.00451513612954,465,3.8804314136505127
77.73,79.89045949585947,86.93678001221114,464,3.8341140747070312
77.76,79.88808298842011,86.86947650088155,462,3.7802295684814453
77.79,79.88748245198043,86.80864090920169,468,3.7188479900360107
77.82000000000001,79.88735396862162,86.7582207861588,470,3.650042772293091
77.85000000000001,79.8885357585975,86.7203649559849,467,3.573887586593628
77.88,79.88800272076257,86.69883844008086,468,3.490460157394409
77.91,79.88803892039596,86.68620882857176,472,3.3998405933380127
77.94,79.89032482045934,86.6800424003634,467,3.3021128177642822
77.97,79.89392872721162,86.66842215690554,464,3.197364568710327
78.0,79.89854089900433,86.64597849849304,459,3.0856895446777344
78.03,79.90442379236099,86.62335709857062,449,2.967183828353882
78.06,79.90934328911318,86.60395597990332,445,2.841949939727783
78.09,79.91295529254816,86.57996553385189,449,2.7100942134857178
78.12,79.918412456901,86.56146092992849,449,2.5717289447784424
78.15,79.92299202276843,86.55617529599844,446,2.426973342895508
78.18,79.92470288799682,86.54036725107821,449,2.275951862335205
78.21000000000001,79.92454188509768,86.52939288723866,447,2.118746757507324
78.24,79.92536373457719,86.52014392051667,439,1.9394265413284302
78.27,79.92872925125073,86.50256278591233,445,1.716123342514038
78.3,79.92787887134254,86.47683723185696,444,1.492959976196289
78.33,79.9273409596698,86.46207273807698,453,1.2709487676620483
78.36,79.9280375939208,86.44837671195275,454,1.0502305030822754
78.39,79.92810923146914,86.4499680228483,455,0.8309509754180908
78.42,79.93022891743321,86.44689573945574,455,0.6132605671882629
78.45,79.93211761200554,86.44254990363666,451,0.3973139822483063
78.48,79.93607201903278,86.45069925266537,453,0.18326960504055023
78.51,79.93855276609814,86.456246531826,446,-0.0287100151181221
78.54,79.94150980298953,86.46574199551387,445,-0.23845799267292023
78.57000000000001,79.94053992290232,86.48863891896939,446,-0.4458039402961731
78.60000000000001,79.93720448412876,86.52009927914472,442,-0.6505747437477112
78.63,79.93415689037224,86.5503774654729,441,-0.8525953888893127
78.66,79.93134937346265,86.57658952222322,450,-1.0516897439956665
78.69,79.92875871009765,86.60507378749624,450,-1.2476812601089478
78.72,79.93033751850614,86.64194922061239,448,-1.4403932094573975
78.75,79.93250516011378,86.6841055887838,444,-1.62964928150177
78.78,79.93440652413669,86.73251620476996,437,-1.8152787685394287
78.81,79.93930603945755,86.77797709012708,440,-2.001220703125
78.84,79.94182725570788,86.82670903925752,440,-2.235217571258545
78.87,79.94470334067863,86.86625172106157,438,-2.4765071868896484
78.9,79.94774313435413,86.88828660239705,443,-2.7186200618743896
78.93,79.95076611969529,86.9049989431308,443,-2.9612433910369873
78.96000000000001,79.95762959361606,86.92694593520324,441,-3.2040586471557617
78.99,79.96130257482514,86.94794173519503,446,-3.446739912033081
79.02,79.96551705208525,86.97054491510917,452,-3.688955783843994
79.05,79.97208877010141,86.99921210256943,452,-3.9303603172302246
79.08,79.97312651090817,87.016957542194,452,-4.093029022216797
79.11,79.97204116155295,87.01887259178373,454,-4.207469940185547
79.14,79.96765785844623,87.01295562193238,454,-4.316704273223877
79.17,79.96394607260976,87.01593826201963,451,-4.420565605163574
79.2,79.96160961444431,87.0308330434164,459,-4.518885612487793
79.23,79.9581512161103,87.0501407312231,468,-4.611505031585693
79.26,79.95637330725744,87.07496613565586,470,-4.698274612426758
79.29,79.95691483009047,87.09780175379737,473,-4.779053211212158
79.32000000000001,79.95494718895125,87.12343759450607,471,-4.853709697723389
79.35000000000001,79.95237457947889,87.15264180068543,469,-4.922122955322266
79.38,79.9526721354035,87.19075857786773,464,-4.984185695648193
79.41,79.95281543282098,87.24144942606138,464,-5.039803981781006
79.44,79.95275484882555,87.29204137742138,460,-5.088895797729492
79.47,79.9527656917742,87.33971570713112,457,-5.131392002105713
79.5,79.95170791511298,87.38739098283571,459,-5.167232036590576
79.53,79.95136608840279,87.4372640958322,459,-5.196368217468262
79.56,79.94531286395213,87.48925475260374,462,-5.218764781951904
79.59,79.94123843473417,87.55043131904579,464,-5.234394073486328
79.62,79.9392047158731,87.61803291496538,461,-5.243239879608154
79.65,79.93941776626265,87.6785103086387,456,-5.24529504776001
79.68,79.93950283850376,87.72921952638633,456,-5.240564346313477
79.71000000000001,79.93560037108712,87.7797205552049,462,-5.229062080383301
79.74,79.92835753509118,87.83602632168346,461,-5.210816860198975
79.77,79.92525046254815,87.88793446759685,464,-5.185865879058838
79.8,79.92495172581536,87.93783522555525,460,-5.154256820678711
79.83,79.92369410831607,87.96724469555963,461,-5.116049766540527
79.86,79.91763083163885,87.98074407772995,454,-5.071311950683594
79.89,79.91209877791994,87.9827220629144,457,-5.020119667053223
79.92,79.90629447747499,87.98872412521399,451,-4.962558269500732
79.95,79.9024406365849,87.99759561376327,457,-4.898719787597656
79.98,79.89953440407005,87.98423753294578,454,-4.828704833984375
80.01,79.89557239582464,87.94774707280693,457,-4.752620220184326
80.04,79.89257700254909,87.92422655914436,456,-4.670580863952637
80.07000000000001,79.89011985127742,87.90577770739115,452,-4.58270788192749
80.10000000000001,79.8889860411671,87.88240620984915,454,-4.48913049697876
80.13,79.88878576685161,87.84694894169368,464,-4.389986038208008
80.16,79.88833891632267,87.80977767767388,470,-4.285422325134277
80.19,79.88315151444853,87.78080883601842,464,-4.175591945648193
80.22,79.87913043033892,87.72369015756745,461,-4.060714244842529
80.25,79.87689100891271,87.6623002027118,456,-3.9817049503326416
80.28,79.87404189174018,87.60497190100234,459,-3.961332321166992
80.31,79.87233327826792,87.55601406853381,462,-3.9418704509735107
80.34,79.8747199578025,87.51318062113629,460,-3.9164631366729736
80.37,79.87830354059673,87.46460593226128,462,-3.8832473754882812
80.4,79.8817075366159,87.41889542436404,470,-3.841817617416382
80.43,79.88264380895714,87.36492545343437,462,-3.7921621799468994
80.46000000000001,79.88655083717978,87.32096691176986,463,-3.7343273162841797
80.49,79.89094803633763,87.28584763429058,460,-3.6683690547943115
80.52,79.89540475762453,87.26226167508807,462,-3.594348430633545
80.55,79.90235301241947,87.2408348983883,465,-3.5123324394226074
80.58,79.90558254490233,87.22261380734322,467,-3.422395706176758
80.61,79.90580336818208,87.20732943131354,466,-3.3246192932128906
80.64,79.90670688998931,87.19243200566278,466,-3.2190909385681152
80.67,79.9101758299048,87.16691098595965,470,-3.105905055999756
80.7,79.91498627881937,87.13751958275988,477,-2.985161066055298
80.73,79.9173868754321,87.1120436462707,484,-2.8569626808166504
80.76,79.92216833650896,87.08934326222541,476,-2.721419334411621
80.79,79.92785799742279,87.06029396372053,476,-2.5786447525024414
80.82000000000001,79.93189667856075,87.03001532005634,472,-2.428758382797241
80.85000000000001,79.93688100973318,86.99979575154849,474,-2.2718863487243652
80.88,79.9446718775583,86.96982046288812,472,-2.108086347579956
80.91,79.95594621499161,86.93382949874804,472,-1.9168107509613037
80.94,79.9660503131813,86.90719522271857,465,-1.6857781410217285
80.97,79.97296794791178,86.88351511957588,457,-1.4549003839492798
81.0,79.97728212223491,86.86350330903606,451,-1.224698781967163
81.03,79.9787385167435,86.84151741208534,448,-0.9953324794769287
81.06,79.9802825987082,86.82066743570768,447,-0.7669653296470642
81.09,79.98381544157546,86.79527254008522,449,-0.5397647619247437
81.12,79.98874128586571,86.77845336752847,449,-0.31390124559402466
81.15,79.9914270315067,86.76842703270623,444,-0.08954761177301407
81.18,79.99478972225518,86.76853674318076,443,0.13312125205993652
81.21000000000001,79.99793241527829,86.76524524623392,449,0.35392868518829346
81.24,80.00120296668578,86.76204952782061,459,0.5726966261863708
81.27,80.0052724179004,86.76537858410259,460,0.7892459034919739
81.3,80.01100092249914,86.7833198980546,461,1.00339674949646
81.33,80.01524243920032,86.80044243971012,464,1.2149688005447388
81.36,80.01562726363021,86.81685316763894,466,1.4237825870513916
81.39,80.01394455574155,86.83796879060257,471,1.6296606063842773
81.42,80.01598960139707,86.86717931614712,472,1.8324347734451294
81.45,80.01866793556007,86.89556248163704,476,2.041738748550415
81.48,80.02190889254061,86.93579253671933,476,2.299811840057373
81.51,80.02835202443055,86.98653616364905,474,2.5616393089294434
81.54,80.03605085773384,87.02263554906527,469,2.8253724575042725
81.57000000000001,80.04108544063672,87.05741898656024,469,3.090712547302246
81.60000000000001,80.04223240209086,87.08508146246899,469,3.3573522567749023
81.63,80.04386262729366,87.11829579630724,470,3.6249783039093018
81.66,80.03626798847544,87.15414764573065,471,3.893268585205078
81.69,80.02624832733727,87.17636963989966,474,4.096635341644287
81.72,80.02348926591876,87.18853195669581,473,4.2404255867004395
81.75,80.02075524893476,87.19998317294261,473,4.379631996154785
81.78,80.01633875918601,87.22174576953695,468,4.5140790939331055
81.81,80.01283140591144,87.24521605469856,471,4.643592357635498
81.84,80.0060786202905,87.27068576479044,464,4.768006324768066
81.87,80.0021602107242,87.30779024101263,461,4.8871660232543945
81.9,80.0006533050928,87.34043057740676,458,5.000925064086914
81.93,80.00251558484055,87.36109644110981,461,5.1091461181640625
81.96000000000001,80.00053864628408,87.3861743470106,463,5.211699962615967
81.99,80.00172902456364,87.42601688136547,461,5.308467864990234
82.02,80.00387256318434,87.46296015736722,463,5.39933967590332
82.05,80.00507258335426,87.49090150648924,463,5.484215259552002
82.08,80.00246407882065,87.53077114356378,461,5.563000679016113
82.11,79.99944568615324,87.57517460434542,461,5.635610580444336
82.14,80.00044734734821,87.62469651898748,462,5.701967716217041
82.17,80.00095101983251,87.678543137893,466,5.762000560760498
82.2,80.00152257863103,87.73068154344729,463,5.815645694732666
82.23,80.0001249843774,87.76940121475606,461,5.862843990325928
82.26,79.99844995512042,87.80194782411459,460,5.903543949127197
82.29,79.99751322881109,87.83496126681281,461,5.93770170211792
82.32000000000001,79.9956500058121,87.87090738471436,470,5.965278148651123
82.35000000000001,79.99677707994664,87.9043205274857,474,5.986245155334473
82.38,80.00109746905105,87.93101355182506,479,6.000579833984375
82.41,80.00122558352652,87.96347403895007,485,6.008273601531982
82.44,79.99624781458084,87.99768524911413,488,6.009327411651611
82.47,79.9907614771988,88.02748172831248,492,6.003753662109375
82.5,79.98415562644313,88.05379378955953,490,5.991573333740234
82.53,79.97125222690974,88.07316358983347,483,5.972815990447998
82.56,79.9592396883628,88.08823029643429,491,5.947518825531006
82.59,79.9450621047144,88.1077651347554,492,5.915729522705078
82.62,79.9342483155322,88.13285287967035,492,5.877504348754883
82.65,79.92927982509886,88.15685808962994,494,5.8329057693481445
82.68,79.9272790194397,88.15188606530067,491,5.7820048332214355
82.71000000000001,79.92088069466008,88.15274240060008,492,5.724880695343018
82.74,79.91420057786878,88.1543643784316,489,5.66162109375
82.77,79.9095332850779,88.15038782148771,482,5.5923237800598145
82.8,79.90959634341702,88.14077629722063,475,5.51709508895874
82.83,79.91099200524464,88.12904079501794,473,5.4360504150390625
82.86,79.91213536816775,88.11098742274703,471,5.349312782287598
82.89,79.9176126874193,88.08418519957684,473,5.2570109367370605
82.92,79.92288850417474,88.06201414436987,475,5.15928316116333
82.95,79.93066655483175,88.04302493304645,477,5.056271076202393
82.98,79.93351604494734,88.03200245672822,474,4.948123931884766
83.01,79.93209361872317,88.03404882680512,474,4.834994792938232
83.04,79.92792469141516,88.03880030873212,469,4.717043399810791
83.07000000000001,79.92696231585509,88.04982419642043,471,4.594432353973389
83.10000000000001,79.9275354148514,88.0538828166322,477,4.467329502105713
83.13,79.92568667932846,88.04273119911305,476,4.335907936096191
83.16,79.92473730983409,88.02819119390306,474,4.200344562530518
83.19,79.92650514306237,87.9999369363386,475,4.0608649253845215
83.22,79.92717927591941,87.9568181250702,471,3.9699437618255615
83.25,79.92652723889807,87.91758836911727,475,3.934715509414673
83.28,79.92553750625515,87.88209881482969,475,3.8953044414520264
83.31,79.92457299993866,87.85341998958003,471,3.848360776901245
83.34,79.92193147262564,87.82313577632138,480,3.793735980987549
83.37,79.92026827399278,87.77780467928227,480,3.731496572494507
83.4,79.92163623852541,87.73419733868351,480,3.6617190837860107
83.43,79.9212562767708,87.68481650962033,478,3.5844807624816895
83.46000000000001,79.9208873316802,87.63076627477527,476,3.499861240386963
83.49,79.92483470634129,87.58440087682766,475,3.407942056655884
83.52,79.92742485554413,87.54084742479847,482,3.3088080883026123
83.55,79.93047232690161,87.5124718541603,481,3.2025482654571533
83.58,79.93733553954067,87.48996670259206,480,3.0892562866210938
83.61,79.9466393630994,87.45860041109145,476,2.9690303802490234
83.64,79.95436351579171,87.42624192851747,481,2.841975450515747
83.67,79.96091966061874,87.39124433679528,482,2.7082009315490723
83.7,79.96592207619014,87.35236442414158,479,2.5678207874298096
83.73,79.96936846625464,87.31420421057085,481,2.4209554195404053
83.76,79.97205117091079,87.28247461530076,478,2.267730951309204
83.79,79.97483820787532,87.25917257385797,473,2.1082048416137695
83.82000000000001,79.97759790994147,87.24177321689297,472,1.922710657119751
83.85000000000001,79.9755555521167,87.23309076583217,480,1.6970605850219727
83.88,79.97468990083804,87.21969818392984,476,1.4719303846359253
83.91,79.97634369350044,87.19958384344433,478,1.2479252815246582
83.94,79.9788898472913,87.17433462500705,478,1.0251890420913696
83.97,79.98016079932702,87.15373255566892,475,0.8038702011108398
84.0,79.98017120614554,87.15104513194706,468,0.584121823310852
84.03,79.98182736472498,87.15827704356334,472,0.3660997748374939
84.06,79.98358489213155,87.17937692690279,472,0.14996296167373657
84.09,79.9826656906982,87.20918842612383,470,-0.06412730365991592
84.12,79.97969942673714,87.23712312914166,470,-0.2760067284107208
84.15,79.97666310612635,87.26539667694911,472,-0.48550769686698914
84.18,79.97358546122999,87.30288377967749,477,-0.6924598217010498
84.21000000000001,79.97250900259846,87.34747795900411,481,-0.896690845489502
84.24,79.96779996348576,87.39468161581728,480,-1.0980273485183716
84.27,79.96243362690667,87.44563669480104,483,-1.296295404434204
84.3,79.95900551095856,87.48442224579557,478,-1.4913212060928345
84.33,79.95525500737641,87.5171437938146,473,-1.682931661605835
84.36,79.9526367930654,87.54879564762112,472,-1.8709919452667236
84.39,79.94766961595958,87.56968202766211,469,-2.0728349685668945
84.42,79.94244255541345,87.59192610032392,463,-2.3167836666107178
84.45,79.93891452394104,87.623656647287,468,-2.5624749660491943
84.48,79.93482708926233,87.66740826982395,463,-2.8091213703155518
84.51,79.92570826928039,87.72169893228615,459,-3.0564165115356445
84.54,79.9221903566666,87.77672601743012,451,-3.3040454387664795
84.57000000000001,79.91891651745168,87.83710098298145,454,-3.551687002182007
84.60000000000001,79.91962362846976,87.8719081550107,458,-3.7990121841430664
84.63,79.92014788906216,87.91313881216061,458,-4.030285835266113
84.66,79.9186218220204,87.96373656282384,459,-4.154872417449951
84.69,79.92027739811915,88.01387236437905,467,-4.272976398468018
84.72,79.92844918753852,88.06906544484187,474,-4.38594388961792
84.75,79.93555441795067,88.12746863239619,478,-4.4936017990112305
84.78,79.93913893385776,88.19360708113544,482,-4.595787048339844
84.81,79.94036400605341,88.24066980224686,493,-4.692344665527344
84.84,79.93694439086038,88.27709586219461,493,-4.78312873840332
84.87,79.93153200382748,88.3160443661757,493,-4.868002414703369
84.9,79.92500884907221,88.34590314435415,493,-4.94683837890625
84.93,79.91868934971939,88.36496237224526,495,-5.0195159912109375
84.96000000000001,79.90896411284507,88.39104819290378,495,-5.085922718048096
84.99,79.90063164668419,88.42392241266194,498,-5.14595890045166
85.02,79.89427236374034,88.44396983739733,498,-5.199536323547363
85.05,79.88505473646109,88.4601037402015,498,-5.246577262878418
85.08,79.8717426546862,88.4687064360027,491,-5.287018299102783
85.11,79.86218454083999,88.45238842234504,484,-5.320805549621582
85.14,79.85587044611368,88.42860639905655,483,-5.347897052764893
85.17,79.85362400863806,88.41165487474194,481,-5.368260383605957
85.2,79.85233209041016,88.39434099792406,479,-5.3818745613098145
85.23,79.85192704710904,88.39315668083819,473,-5.388726711273193
85.26,79.8491047692312,88.40936754517244,473,-5.388814449310303
85.29,79.84628514210581,88.41882071487012,472,-5.382144451141357
85.32000000000001,79.84435853143474,88.42263699817843,474,-5.368731498718262
85.35000000000001,79.84417737644071,88.42774040223101,476,-5.348602771759033
85.38,79.84486122081587,88.43697223580114,474,-5.3217902183532715
85.41,79.8491507748891,88.4443670638406,477,-5.288341999053955
85.44,79.85068137210448,88.45049257648289,479,-5.248312473297119
85.47,79.85348672425279,88.46239938098597,478,-5.201767444610596
85.5,79.85632631786225,88.4792660574622,473,-5.148784160614014
85.53,79.85921915668906,88.48589015685192,473,-5.0894455909729
85.56,79.85933908658468,88.50060907895994,467,-5.0238447189331055
85.59,79.85656738017688,88.5187057663512,460,-4.952081203460693
85.62,79.85420015898032,88.53787021976196,460,-4.874261856079102
85.65,79.85463425888283,88.54495068458243,457,-4.790502071380615
85.68,79.8557048646083,88.53963957343421,459,-4.700922012329102
85.71000000000001,79.8559608345375,88.53417415771878,461,-4.605648040771484
85.74,79.85690907878787,88.53353287924696,468,-4.504814624786377
85.77,79.85750598271964,88.52362873445404,475,-4.398562431335449
85.8,79.85857417650055,88.52014507766087,477,-4.287038326263428
85.83,79.85969998429127,88.51418596997522,472,-4.1703972816467285
85.86,79.86246935727308,88.49934646703255,473,-4.048940658569336
85.89,79.86934426188955,88.48170744655916,482,-3.9760220050811768
85.92,79.874134773656,88.45534052204252,490,-3.953061580657959
85.95,79.88035894991003,88.41387842443099,492,-3.9281716346740723
85.98,79.88741084921045,88.35512476372162,491,-3.8961119651794434
86.01,79.8955533248789,88.29946695052469,489,-3.855865240097046
86.04,79.90512376111299,88.25166536354688,490,-3.8073301315307617
86.07000000000001,79.9153924597476,88.2129419519633,489,-3.750545024871826
86.10000000000001,79.92437653977305,88.17890741083181,487,-3.685565948486328
86.13,79.9340109482626,88.15215712565293,487,-3.612452745437622
86.16,79.9406993868093,88.1299698573351,490,-3.5312721729278564
86.19,79.94912053426003,88.1064508750778,495,-3.4420971870422363
86.22,79.95783189638884,88.08340523342198,497,-3.345006227493286
86.25,79.96437289795429,88.06057140190009,502,-3.2400856018066406
86.28,79.96750602285574,88.02553971735067,501,-3.127424478530884
86.31,79.97354530727425,87.99186223559768,500,-3.0071187019348145
86.34,79.98212698241902,87.96640010407796,502,-2.8792665004730225
86.37,79.99011830312132,87.93312880580726,498,-2.7439730167388916
86.4,79.99592216805216,87.89310380349595,497,-2.601348638534546
86.43,80.00401457970091,87.86021640341184,494,-2.451509714126587
86.46000000000001,80.01175132260238,87.82652450261983,495,-2.29457950592041
86.49,80.01654593895884,87.78918442861574,493,-2.1306607723236084
86.52,80.01939555089412,87.75278016317546,490,-1.9459543228149414
86.55,80.02424721404894,87.73009788288529,487,-1.7143831253051758
86.58,80.0258706358458,87.71387876896837,488,-1.4821709394454956
86.61,80.02611646899321,87.70040200001044,487,-1.2505611181259155
86.64,80.02729912736703,87.68143404466944,481,-1.0197116136550903
86.67,80.03061039249224,87.65225222033487,484,-0.7897866368293762
86.7,80.0339152575701,87.62474746520395,484,-0.5609551072120667
86.73,80.03773954421429,87.59329684272224,482,-0.3333897590637207
86.76,80.03771466593504,87.57242635359587,481,-0.107265904545784
86.79,80.04066707833893,87.5645941789969,480,0.11723967641592026
86.82000000000001,80.04280530484817,87.55257909977264,483,0.33994898200035095
86.85000000000001,80.04361399385259,87.53479004823684,479,0.5606832504272461
86.88,80.0419134403858,87.51919468859316,475,0.7792633175849915
86.91,80.03945731990046,87.50828868453063,478,0.995509684085846
86.94,80.03771734704058,87.50305768597191,477,1.209242820739746
86.97,80.03446971530308,87.50712922752692,476,1.4202839136123657
87.0,80.03350466210678,87.52149709652768,483,1.628454327583313
87.03,80.03475125294173,87.54365549249744,481,1.8335851430892944
87.06,80.03785017802356,87.56867970786136,479,2.045992851257324
87.09,80.03745952667306,87.60828450686033,478,2.306920289993286
87.12,80.03606688298571,87.65816837915581,476,2.571503162384033
87.15,80.03284437120759,87.71130858996524,478,2.8381283283233643
87.18,80.0334993140906,87.77072108882582,481,3.1064984798431396
87.21000000000001,80.03363408278324,87.83693457243892,483,3.3763091564178467
87.24,80.03040213156233,87.9128761177819,480,3.6472482681274414
87.27,80.03166864804976,87.999434682718,476,3.9189937114715576
87.3,80.03521178076187,88.0818092325553,466,4.113619327545166
87.33,80.03620372725533,88.1559363067837,465,4.260604381561279
87.36,80.0279085461889,88.23433659608006,469,4.403068542480469
87.39,80.01990182635342,88.3041468231552,478,4.540831565856934
87.42,80.01438928618924,88.37529888341459,475,4.673720359802246
87.45,80.00912869618995,88.4438486186657,481,4.80157470703125
87.48,80.0036668935117,88.50574980192825,476,4.924240589141846
87.51,79.99539208354544,88.57124630546905,478,5.041576385498047
87.54,79.98595381676434,88.62012229380178,477,5.153447151184082
87.57000000000001,79.9724209747119,88.65143449957013,478,5.259727478027344
87.60000000000001,79.96372935078928,88.6702020154223,483,5.360300064086914
87.63,79.95362802125396,88.6796945345625,488,5.455056190490723
87.66,79.94796992305899,88.67843588416837,487,5.543895244598389
87.69,79.94076089374437,88.67525233945734,489,5.6267242431640625
87.72,79.93540082637423,88.66250619600383,491,5.703460216522217
87.75,79.92844737013334,88.65488803534562,491,5.774025917053223
87.78,79.91695167282865,88.65867780608964,487,5.838350772857666
87.81,79.90535830203909,88.66177216391632,494,5.8963727951049805
87.84,79.89476686512076,88.66605619608207,496,5.948036193847656
87.87,79.88413437442112,88.65935849202579,498,5.993289470672607
87.9,79.87381613983457,88.66436671883034,495,6.03209114074707
87.93,79.86335397886384,88.68296497245554,495,6.064404010772705
87.96000000000001,79.8547775130034,88.70057434920795,490,6.090197563171387
87.99,79.84492120020208,88.72026153930018,491,6.109447002410889
88.02,79.83427461369284,88.73671056315497,489,6.122134208679199
88.05,79.82091132642915,88.74162494757783,492,6.128251552581787
88.08,79.81291742512563,88.73568124420481,490,6.127800941467285
88.11,79.80684664498003,88.72906998114735,496,6.1207966804504395
88.14,79.80282872780371,88.70541007069917,497,6.1072611808776855
88.17,79.80337095278433,88.68321783206247,489,6.087225437164307
88.2,79.8099579239144,88.66603183811272,495,6.060731410980225
88.23,79.81627106434367,88.65698092880393,499,6.027829170227051
88.26,79.8241974108903,88.64236643823206,503,5.988574981689453
88.29,79.83475050225876,88.62174845726362,507,5.9430341720581055
88.32000000000001,79.84620818780813,88.60132403401926,498,5.8912787437438965
88.35000000000001,79.85772828913143,88.57895386091735,494,5.8333892822265625
88.38,79.87152235410389,88.546780344523,493,5.769450664520264
88.41,79.88652219752156,88.51256826729028,487,5.699558258056641
88.44,79.89819985380451,88.4872062075196,492,5.623813152313232
88.47,79.90743266744501,88.47244642813192,498,5.542321681976318
88.5,79.91445104521253,88.46276506613381,498,5.455203533172607
88.53,79.91970974944256,88.46405751399247,497,5.362583637237549
88.56,79.92280761872966,88.47432930181884,494,5.264595031738281
88.59,79.92609942603339,88.47826536702935,483,5.161377906799316
88.62,79.92858723720477,88.47794261953199,482,5.0530781745910645
88.65,79.93407392628833,88.46748001961481,488,4.939848899841309
88.68,79.93607441142845,88.47602386088423,495,4.8218464851379395
88.71000000000001,79.93961819208376,88.49848438092602,498,4.699233055114746
88.74,79.94399713749317,88.51511687508686,504,4.572174549102783
88.77,79.949140033736,88.5271648176618,504,4.440840721130371
88.8,79.95358842425892,88.5464467762351,500,4.305404186248779
88.83,79.95950673285029,88.56428138434909,500,4.166042327880859
88.86,79.96693519420083,88.57483997443504,499,4.023757457733154
88.89,79.97222228010766,88.56692024660121,498,3.958584785461426
88.92,79.97767567885485,88.5613063950213,500,3.9211668968200684
88.95,79.9843350644392,88.55974070297773,497,3.8775200843811035
88.98,79.99167477785659,88.5547769039847,497,3.8262569904327393
89.01,79.99888822307075,88.54868276436207,502,3.7673757076263428
89.04,80.00428780115448,88.54219519860044,497,3.700946569442749
89.07000000000001,80.00914059258812,88.51161475163202,494,3.627042055130005
89.10000000000001,80.01553078700815,88.48041099185134,496,3.5457377433776855
89.13,80.02181554340103,88.45280154820811,500,3.4571101665496826
89.16,80.02575076935882,88.41995508191584,496,3.361238956451416
89.19,80.02598141476122,88.3890827654879,495,3.2582077980041504
89.22,80.03103904115169,88.35872129971116,489,3.148104429244995
89.25,80.03472619696706,88.32662009733593,488,3.0310215950012207
89.28,80.03791409576228,88.2925592073422,490,2.907057046890259
89.31,80.03862198307519,88.2569167707203,481,2.7763149738311768
89.34,80.03903791737001,88.22171645713865,483,2.6389057636260986
89.37,80.03905615192934,88.18428501284647,478,2.4949440956115723
89.4,80.04001672527998,88.15606859230991,478,2.3445513248443604
89.43,80.04221384787805,88.12697952339029,482,2.187851905822754
89.46000000000001,80.04343366954781,88.0939392796329,485,2.0228464603424072
89.49,80.04528731338705,88.06517526386665,486,1.8079293966293335
89.52,80.04978384962952,88.04631708897708,482,1.5819758176803589
89.55,80.04954409870997,88.04632009188292,478,1.3570621013641357
89.58,80.0477005516464,88.05776829449954,478,1.1333333253860474
89.61,80.04710799602378,88.07023427985861,482,0.9109344482421875
89.64,80.04521768625864,88.08787467722073,487,0.6900151968002319
89.67,80.04388663228382,88.10962179433291,494,0.47072961926460266
89.7,80.04385166248426,88.12675870091537,496,0.25323498249053955
89.73,80.04186898619572,88.14271548034998,501,0.037691086530685425
89.76,80.03830040097229,88.16674488681335,508,-0.17573948204517365
89.79,80.03929070441183,88.20002195339114,510,-0.38689088821411133
89.82000000000001,80.04378096541836,88.23343401068661,504,-0.5955944061279297
89.85000000000001,80.04387150124646,88.26333117935557,513,-0.8016794919967651
89.88,80.0402237920298,88.28842198266456,510,-1.004974126815796
89.91,80.03682545508272,88.31357770479512,511,-1.205305814743042
89.94,80.03526557212383,88.34802990208696,508,-1.4025019407272339
89.97,80.02994129516752,88.38276717076911,503,-1.596389889717102
90.0,80.02132480823833,88.41836435048562,500,-1.7868000268936157
90.03,80.01075383066447,88.46995238284467,493,-1.9753164052963257
90.06,79.99769035359031,88.53640588682808,494,-2.20851993560791
90.09,79.99039243977991,88.61757196783653,500,-2.454594135284424
90.12,79.98024017636418,88.69582074767693,488,-2.701826810836792
90.15,79.96833545885598,88.75519139712502,497,-2.9499175548553467
90.18,79.95171569594251,88.80123279074782,492,-3.1985607147216797
90.21000000000001,79.9358356899038,88.85240005547045,489,-3.447444200515747
90.24,79.92044902978286,88.9095708135412,491,-3.6962499618530273
90.27,79.90547458570647,88.94643283138942,483,-3.9446303844451904
90.3,79.88701701222051,88.97621247152333,486,-4.106323719024658
90.33,79.87416670870324,89.00772438962387,482,-4.228091716766357
90.36,79.8662123932383,89.05077968804423,486,-4.344880104064941
90.39,79.85235105238938,89.0977523663454,488,-4.456520080566406
90.42,79.83849862871877,89.14827863826987,492,-4.562849521636963
90.45,79.82677249974496,89.18946000986223,496,-4.66371488571167
90.48,79.81453860680236,89.2295356442186,492,-4.758970737457275
90.51,79.79943722647211,89.27034324506063,495,-4.848482131958008
90.54,79.78892809477593,89.28548061033028,496,-4.932119846343994
90.57000000000001,79.77773044066585,89.28992887504768,494,-5.009765148162842
90.60000000000001,79.76531980625623,89.28353377189592,495,-5.0813069343566895
90.63,79.75385082776393,89.27690986171959,486,-5.146643161773682
90.66,79.74028231835084,89.27034862153538,490,-5.205684661865234
90.69,79.73300111693409,89.24775090327795,490,-5.258350849151611
90.72,79.72944054045703,89.21524441750469,491,-5.3045735359191895
90.75,79.72646634459464,89.16312302559224,497,-5.344295501708984
90.78,79.72550846275377,89.10652515285672,505,-5.377470970153809
90.81,79.73063282348045,89.04636751055706,501,-5.404064178466797
90.84,79.73516690970592,88.98765059578994,499,-5.424050331115723
90.87,79.73681884104315,88.92741376459146,497,-5.437413692474365
90.9,79.74052819713398,88.87776006613288,497,-5.444149017333984
90.93,79.74390645034303,88.8309344373082,493,-5.444256782531738
90.96000000000001,79.75068760939189,88.79232569087164,495,-5.437748432159424
90.99,79.75905205800854,88.75905995936866,497,-5.42464542388916
91.02,79.76843296806938,88.72496472417514,496,-5.404973983764648
91.05,79.77427159659089,88.70272875109012,497,-5.378771781921387
91.08,79.77721972777712,88.67972426704185,495,-5.346083641052246
91.11,79.78060718132961,88.66147100459862,495,-5.306962490081787
91.14,79.7833322840764,88.66012782408018,495,-5.261471748352051
91.17,79.78707587847698,88.66981486984525,489,-5.209682464599609
91.2,79.79517991237009,88.68048642539011,488,-5.151676177978516
91.23,79.80327044850311,88.68986560145856,495,-5.087542533874512
91.26,79.81187177859674,88.68465309104535,498,-5.0173797607421875
91.29,79.82026792321405,88.67956318011082,499,-4.941295146942139
91.32000000000001,79.83017989422954,88.67633563850688,495,-4.859401226043701
91.35000000000001,79.83944257311644,88.68073964470898,494,-4.771817684173584
91.38,79.8498159087527,88.69669971010768,496,-4.678670883178711
91.41,79.8589608588764,88.71480565073438,496,-4.58009147644043
91.44,79.87074843917979,88.73447211897609,497,-4.476218223571777
91.47,79.8836921112875,88.74343788580317,499,-4.367191314697266
91.5,79.89556764748473,88.74352664376761,497,-4.253159523010254
91.53,79.90714215411836,88.74440414014894,498,-4.134274482727051
91.56,79.9204934243179,88.75559629568876,507,-4.013208866119385
91.59,79.93060235347552,88.77859838476212,512,-3.9682111740112305
91.62,79.94037025203545,88.7996422750835,515,-3.9458301067352295
91.65,79.94952153954576,88.81134901986411,511,-3.9190633296966553
91.68,79.95650157730621,88.81888931265114,515,-3.8847832679748535
91.71000000000001,79.95908056413978,88.8204693923325,518,-3.8424272537231445
91.74,79.96156776714966,88.822320056663,512,-3.791969060897827
91.77,79.96841203994911,88.82867168837667,519,-3.7334537506103516
91.8,79.97912976298387,88.8371062047695,519,-3.6669347286224365
91.83,79.99369057821784,88.83629895386612,513,-3.592470407485962
91.86,79.99948182997062,88.82897741777755,511,-3.510124444961548
91.89,80.00211890352031,88.81462192173493,509,-3.4199631214141846
91.92,80.0059766918005,88.79721298223737,508,-3.322057008743286
91.95,80.011259226285,88.77789692578442,509,-3.2164812088012695
91.98,80.01685437672327,88.77514707692032,508,-3.103314161300659
92.01,80.02188431692454,88.7770915777096,513,-2.982640504837036
92.04,80.0254499027539,88.77334498079416,511,-2.854548215866089
92.07000000000001,80.03026162715123,88.76408352991318,515,-2.7191319465637207
92.10000000000001,80.03476786360036,88.75507557856793,512,-2.576493978500366
92.13,80.03992020622195,88.74354111835034,520,-2.426741361618042
92.16,80.04455720773181,88.73559796763278,519,-2.269989490509033
92.19,80.04773108976703,88.72675732575772,519,-2.106283187866211
92.22,80.05293111449943,88.72528229281795,518,-1.9145184755325317
92.25,80.05990156821466,88.7180045708491,518,-1.6835572719573975
92.28,80.06165127917778,88.70141593987702,513,-1.4527366161346436
92.31,80.06676393725093,88.68190873462734,513,-1.222543478012085
92.34,80.07036838954589,88.66092393782509,516,-0.993133544921875
92.37,80.07541334448126,88.63406784566311,512,-0.7646692991256714
92.4,80.08299047955221,88.6080617610241,509,-0.5373184084892273
92.43,80.09046762433736,88.58726910395951,511,-0.3112533390522003
92.46000000000001,80.09534676484431,88.57152580449232,516,-0.08664938807487488
92.49,80.09538724145729,88.56972802970716,515,0.13631631433963776
92.52,80.0869509432487,88.5836726434723,515,0.3574658930301666
92.55,80.08217706611309,88.60541988620291,510,0.5766209959983826
92.58,80.07924809217857,88.63148672539506,507,0.7936030626296997
92.61,80.07308609561345,88.6613060686324,503,1.0082337856292725
92.64,80.06712938240587,88.6960804741846,492,1.2203350067138672
92.67,80.06227332960083,88.72893301172978,494,1.429729700088501
92.7,80.05646292922567,88.77193158385568,491,1.6362413167953491
92.73,80.04428948562457,88.82046893969047,487,1.8397048711776733
92.76,80.02704591197563,88.87349443005947,483,2.0516529083251953
92.79,80.01252858392597,88.935066243844,478,2.3112497329711914
92.82000000000001,80.00219464478471,89.007750774253,480,2.574190139770508
92.85000000000001,79.99264615278302,89.08521589685135,485,2.839108943939209
92.88,79.98143294672795,89.16126039242475,487,3.1057088375091553
92.91,79.97005802063953,89.2271557660614,484,3.3736863136291504
92.94,79.95763093691636,89.29775397238257,483,3.642730236053467
92.97,79.94606169303117,89.37661450153954,485,3.912522792816162
93.0,79.93096894448628,89.45983706660496,484,4.108417510986328
93.03,79.9100308241135,89.53947078292164,481,4.253524303436279
93.06,79.89010234674892,89.61673974645024,480,4.394119739532471
93.09,79.86462220689835,89.67932062668423,479,4.530028820037842
93.12,79.84082887967504,89.72646098495255,485,4.661086082458496
93.15,79.82049430502894,89.7771803044347,481,4.787135601043701
93.18,79.80459841663574,89.82694308568868,480,4.90803337097168
93.21000000000001,79.78822589087854,89.8791499195001,486,5.0236430168151855
93.24,79.77308181763232,89.91183161748828,487,5.133839130401611
93.27,79.76531134953096,89.91444702974319,486,5.23850679397583
93.3,79.76369933077248,89.89355251390984,497,5.337536811828613
93.33,79.76476228961512,89.85029629944911,500,5.4308295249938965
93.36,79.76666084287544,89.7902638323943,500,5.518294811248779
93.39,79.76547233404159,89.73354062570691,500,5.599848747253418
93.42,79.76538930651093,89.6612734430165,504,5.675415992736816
93.45,79.76665068993776,89.57509726834435,504,5.744927883148193
93.48,79.77059589696705,89.48257745629664,505,5.808322429656982
93.51,79.77593880246846,89.38897262300011,511,5.865541934967041
93.54,79.77990612921202,89.29663875656162,515,5.916540622711182
93.57000000000001,79.78585193785901,89.21912227274046,519,5.961274147033691
93.60000000000001,79.7943372404427,89.14312523971554,519,5.999706268310547
93.63,79.80143627088579,89.06718016440131,519,6.031808853149414
93.66,79.80909236274145,88.99966200372026,517,6.057557106018066
93.69,79.81271306957623,88.94952511058897,517,6.0769362449646
93.72,79.81695286113782,88.90565914822767,514,6.089937210083008
93.75,79.81973449111163,88.86091572496682,511,6.096558570861816
93.78,79.82515899147312,88.80906691307474,508,6.096810340881348
93.81,79.83095391672444,88.76748948563018,510,6.090710163116455
93.84,79.83950319185585,88.72654682450816,511,6.078287124633789
93.87,79.85086728731969,88.68980607057678,513,6.0595784187316895
93.9,79.86461225241298,88.6639284750367,514,6.034628868103027
93.93,79.87486829198885,88.64481807011924,514,6.003491401672363
93.96000000000001,79.88506400949186,88.6369773512117,522,5.966228485107422
93.99,79.89859213505295,88.6390270473702,523,5.922906398773193
94.02,79.91269828677336,88.65847372301847,515,5.873600959777832
94.05,79.92699773470265,88.68111045955905,518,5.818392276763916
94.08,79.9408050261296,88.69876865467356,518,5.757368087768555
94.11,79.95280692079479,88.7142652107742,515,5.690621852874756
94.14,79.96125137228145,88.73434310236496,513,5.618253707885742
94.17,79.96920349313153,88.7592970987122,514,5.540369987487793
94.2,79.97857048450436,88.79212859974928,516,5.457082271575928
94.23,79.98649162034357,88.84343403223451,521,5.368510723114014
94.26,79.99558821141989,88.89517902139758,523,5.274777412414551
94.29,80.00677231234185,88.94979646820701,515,5.176016807556152
94.32000000000001,80.01846367928187,88.9881145645851,515,5.072368621826172
94.35000000000001,80.02669066167164,89.01143941328829,515,4.963977813720703
94.38,80.03152072904808,89.02598742728082,516,4.8509955406188965
94.41,80.03675587808037,89.05977326041712,522,4.733575344085693
94.44,80.04039896930048,89.09579176048031,516,4.611876964569092
94.47,80.0436347754405,89.13279828325638,512,4.486058235168457
94.5,80.04744730787753,89.1604812508176,514,4.356281757354736
94.53,80.04842158567777,89.19238217286419,515,4.222707748413086
94.56,80.04977578285668,89.24089585974541,513,4.085507869720459
94.59,80.05391461329096,89.28040607413071,521,3.978259563446045
94.62,80.05316054449317,89.3089658679728,512,3.9436590671539307
94.65,80.05039614084257,89.326088909233,504,3.9080629348754883
94.68,80.05050114010444,89.34639472997262,511,3.865525007247925
94.71000000000001,80.05430818958185,89.38758156322638,505,3.815631151199341
94.74,80.06122053941634,89.4337679380831,500,3.7584104537963867
94.77,80.06784557445047,89.47789290313362,494,3.6939189434051514
94.8,80.07345510236065,89.52435926051606,495,3.6222145557403564
94.83,80.07826139917098,89.55608053476197,488,3.5433578491210938
94.86,80.08079403090298,89.580178962129,488,3.4574131965637207
94.89,80.08417378287555,89.59488546812113,491,3.364448308944702
94.92,80.08602488784439,89.5971253378325,493,3.2645363807678223
94.95,80.0819253610544,89.59318795635691,491,3.1577541828155518
94.98,80.0797281664102,89.58864891048863,494,3.044185161590576
95.01,80.07773609500032,89.59609211620527,496,2.9239184856414795
95.04,80.0756999824494,89.60786059711484,505,2.797049045562744
95.07000000000001,80.07585539925614,89.59892215990992,508,2.663677453994751
95.10000000000001,80.07482547637439,89.58122079457664,514,2.5239107608795166
95.13,80.07450077874009,89.56470148221065,519,2.377861499786377
95.16,80.07552754909831,89.54924928667675,519,2.225648880004883
95.19,80.08049402426995,89.52920821765322,515,2.0669825077056885
95.22,80.08764123226847,89.5004519682645,518,1.869611144065857
95.25,80.09192771430948,89.47234307809696,517,1.6466870307922363
95.28,80.09444158427758,89.45738358053818,511,1.4247682094573975
95.31,80.09421707067051,89.453925728296,506,1.2040505409240723
95.34,80.09445152744865,89.46407052907114,508,0.9846729040145874
95.37,80.09175095833385,89.49222467975405,516,0.7667803168296814
95.4,80.07908364483667,89.5165896392464,514,0.5505234003067017
95.43,80.06529077768006,89.53746764066705,514,0.33605822920799255
95.46000000000001,80.04644783602588,89.54770792931141,513,0.12354608625173569
95.49,80.02555581773106,89.55958624568277,516,-0.08684761822223663
95.52,80.00503434801428,89.59955901333093,515,-0.2949542701244354
95.55,79.98560409552931,89.6626933746282,518,-0.5006030201911926
95.58,79.96272154923015,89.72340172466524,516,-0.7036215662956238
95.61,79.93978357173748,89.77281890429099,516,-0.9038370847702026
95.64,79.91724892789846,89.83465842970507,514,-1.101076364517212
95.67,79.8931846203482,89.90104527801664,513,-1.2951674461364746
95.7,79.87084760556114,89.95961587652151,517,-1.4859387874603271
95.73,79.84647665384705,90.01718749509175,521,-1.6732219457626343
95.76,79.82143303034378,90.06987529233221,519,-1.8568724393844604
95.79,79.79860495431448,90.08864894724537,512,-2.049246072769165
95.82000000000001,79.79442305438282,90.06696473394132,510,-2.2873177528381348
95.85000000000001,79.7900591372032,90.03997459503915,513,-2.527707099914551
95.88,79.78596976401808,90.00985965101995,513,-2.768885374069214
95.91,79.7821397866164,89.97345123456024,509,-3.010558605194092
95.94,79.77733341746269,89.929513703926,508,-3.2524266242980957
95.97,79.77193824973492,89.88832727244157,512,-3.4941844940185547
96.0,79.76909140491388,89.85927859094433,509,-3.7355237007141113
96.03,79.76220372563048,89.82217270450822,499,-3.9758260250091553
96.06,79.75468812296626,89.77725369244293,497,-4.11476469039917
96.09,79.74806923796301,89.73112166571798,491,-4.227954864501953
96.12,79.74266570680975,89.68631241259764,496,-4.336115837097168
96.15,79.7341798143122,89.64322882433325,493,-4.439088821411133
96.18,79.72419731690461,89.61014238970294,493,-4.5367207527160645
96.21000000000001,79.71745507900539,89.58702461560294,499,-4.628868579864502
96.24000000000001,79.71451106627234,89.55509429500806,510,-4.71539831161499
96.27,79.71179115826035,89.52716160492508,509,-4.796187400817871
96.3,79.71000499419235,89.51152853619169,514,-4.871119976043701
96.33,79.70987492631197,89.48447971102438,515,-4.940094947814941
96.36,79.71147887505225,89.44605359116505,521,-5.003022193908691
96.39,79.71802139564156,89.38671452424073,527,-5.059823513031006
96.42,79.72380653459362,89.32486355852788,521,-5.110434532165527
96.45,79.73245622961545,89.27454864959324,520,-5.1548004150390625
96.48,79.74209703244121,89.22660051514688,519,-5.1928791999816895
96.51,79.75141480457476,89.18317227206963,521,-5.224637985229492
96.54,79.76092247324456,89.14955244548712,518,-5.250054359436035
96.57000000000001,79.7694712404943,89.12562812323154,513,-5.269114017486572
96.60000000000001,79.77843705254348,89.11036199445948,510,-5.28181266784668
96.63,79.7848879556084,89.09252993401093,509,-5.288154602050781
96.66,79.79154791850111,89.06815046468336,508,-5.288153171539307
96.69,79.7999090535615,89.04625836235915,502,-5.281826972961426
96.72,79.8100922185717,89.0318750727061,501,-5.269205093383789
96.75,79.82071633979959,89.02995394607898,507,-5.25032377243042
96.78,79.83085281377086,89.03154052895154,507,-5.225225925445557
96.81,79.83753911909889,89.04074434821237,508,-5.193963050842285
96.84,79.845629097982,89.04962280007457,502,-5.15659236907959
96.87,79.8577759147674,89.07197190329923,503,-5.113178253173828
96.9,79.87203483765114,89.08279752792838,513,-5.063792705535889
96.93,79.88203234253886,89.09244824594848,514,-5.008514404296875
96.96000000000001,79.89172238943387,89.10784316788921,516,-4.947432518005371
96.99000000000001,79.90077138728854,89.12868243569349,524,-4.880640983581543
97.02,79.90909248567334,89.15203538759816,526,-4.8082427978515625
97.05,79.913608450618,89.18125788583538,521,-4.730348587036133
97.08,79.91705282444892,89.20568193326615,524,-4.647075176239014
97.11,79.92354639323773,89.22685890084136,525,-4.558547496795654
97.14,79.93076751422291,89.24932113192155,522,-4.4648919105529785
97.17,79.93933478064804,89.27924178532828,521,-4.366244792938232
97.2,79.95049412797044,89.32012054842863,523,-4.262745380401611
97.23,79.96010697044929,89.3703332142612,528,-4.154536247253418
97.26,79.96679784111052,89.43620722422055,531,-4.042038917541504
97.29,79.97425616318041,89.4994938979869,534,-3.9792990684509277
97.32000000000001,79.98144804974281,89.55647060330423,537,-3.962446689605713
97.35000000000001,79.99019723677304,89.61033454433753,540,-3.945824384689331
97.38,80.00184186563224,89.68298076690428,540,-3.924067497253418
97.41,80.01241629007369,89.75577234960274,539,-3.8952829837799072
97.44,80.02248193880008,89.81747740191194,535,-3.858895778656006
97.47,80.03038623728253,89.86783891628158,538,-3.814826488494873
97.5,80.03936230588083,89.91782292184669,540,-3.763094186782837
97.53,80.04599146760268,89.9709817343277,534,-3.703730821609497
97.56,80.04711436139141,90.0232827315909,539,-3.6367716789245605
97.59,80.0495417372372,90.06036008176187,543,-3.562255382537842
97.62,80.05136542611525,90.07930594549785,545,-3.480224847793579
97.65,80.05873739079415,90.09114744751905,547,-3.3907277584075928
97.68,80.06677165884844,90.09449946949142,549,-3.2938177585601807
97.71000000000001,80.07569848695096,90.06515392115226,547,-3.1895534992218018
97.74000000000001,80.08534291102367,90.03359909146025,545,-3.078000783920288
97.77,80.09027465690237,90.01073548591948,546,-2.9592320919036865
97.8,80.09948136560008,89.99385723554668,541,-2.833327054977417
97.83,80.10705463682172,89.96175913979661,541,-2.700371265411377
97.86,80.11094110560695,89.91154230388022,546,-2.5604588985443115
97.89,80.11260218071341,89.85586788542592,545,-2.413691759109497
97.92,80.10949655134169,89.8105132327179,546,-2.2601795196533203
97.95,80.10471308397774,89.77455399770407,545,-2.099933624267578
97.98,80.09585545774993,89.7363527473794,543,-1.91048002243042
98.01,80.08712346840805,89.70328327687648,543,-1.6835144758224487
98.04,80.07987827932766,89.67452910129633,540,-1.456847906112671
98.07000000000001,80.07053558323506,89.64890079353576,528,-1.230916142463684
98.10000000000001,80.0605954038708,89.64991768943088,524,-1.0058683156967163
98.13,80.05064201408166,89.66608394419,517,-0.7818613052368164
98.16,80.03863221959469,89.68939850429351,520,-0.5590574741363525
98.19,80.02226921992101,89.72335061686361,512,-0.3376237154006958
98.22,80.00996822359232,89.78215756774497,507,-0.11773020774126053
98.25,79.9973009268114,89.85462846467439,504,0.10045090317726135
98.28,79.9810494506151,89.92223972893342,498,0.3167460858821869
98.31,79.96615531949196,89.96669347582616,496,0.5309808254241943
98.34,79.95374225692717,90.00628744738025,497,0.7429803013801575
98.37,79.94163984166728,90.05227765300039,492,0.952569305896759
98.4,79.9261958296083,90.10058452242524,491,1.1595712900161743
98.43,79.90795045975023,90.14458147862106,495,1.36380934715271
98.46000000000001,79.88273566094486,90.17437927760515,499,1.5651061534881592
98.49000000000001,79.85935566730969,90.18943109850511,501,1.7632856369018555
98.52,79.83456753141114,90.21447039517294,504,1.959110975265503
98.55,79.81058447317433,90.23152119649484,504,2.196789264678955
98.58,79.78868598650143,90.23772732875065,504,2.451596736907959
98.61,79.76634165559503,90.23389394057155,505,2.7081761360168457
98.64,79.74396730100966,90.22665029812534,505,2.966235399246216
98.67,79.72692457956676,90.22229984590284,509,3.2254769802093506
98.7,79.71022119263466,90.2146303543566,510,3.485599994659424
98.73,79.69291692817734,90.20829332329681,508,3.7462987899780273
98.76,79.67788351675352,90.18345053736564,499,4.004771709442139
98.79,79.66419283258816,90.14157772561227,504,4.150641918182373
98.82000000000001,79.65477254559129,90.0943641877375,498,4.284854888916016
98.85000000000001,79.64944071718584,90.05512338942927,503,4.414435863494873
98.88,79.64771586130973,89.99784959074907,512,4.5392279624938965
98.91,79.65183620326745,89.93273366918439,519,4.659082889556885
98.94,79.65678387134429,89.87996083187534,521,4.773867130279541
98.97,79.66544140434799,89.83038684906197,513,4.883455276489258
99.0,79.68001775252995,89.78456636034367,513,4.987733840942383
99.03,79.69859197228428,89.74105727573877,524,5.0865983963012695
99.06,79.7121773094221,89.6949624177767,532,5.179953575134277
99.09,79.72319631760719,89.6492261548297,536,5.267712116241455
99.12,79.73902685889213,89.60267649402648,541,5.349794387817383
99.15,79.75570835940007,89.5572951669204,542,5.426125526428223
99.18,79.76730242608765,89.5099178584909,541,5.496639251708984
99.21000000000001,79.77891770150671,89.47082634240675,541,5.561276435852051
99.24000000000001,79.79317222099807,89.43459627548116,541,5.619981288909912
99.27,79.80199563509852,89.39795165851164,548,5.672707557678223
99.3,79.8091164869972,89.36604679711634,548,5.719413757324219
99.33,79.81913159458452,89.34632249983261,549,5.760066509246826
99.36,79.82899322958112,89.3329565925122,550,5.794638633728027
99.39,79.84069180601578,89.31720572810949,544,5.823110580444336
99.42,79.8514259361999,89.3055949254006,545,5.8454718589782715
99.45,79.86191114932079,89.29450679735668,544,5.861721515655518
99.48,79.87021148454401,89.27330530458674,543,5.871869087219238
99.51,79.87358492524241,89.24743289053002,543,5.8759331703186035
99.54,79.8781688424084,89.21791801085249,539,5.873941421508789
99.57000000000001,79.88620498090786,89.20928808953826,539,5.865929126739502
99.60000000000001,79.89487170376763,89.20577569170872,543,5.851943016052246
99.63,79.90172310204518,89.2144119206825,535,5.83203125
99.66,79.90660685394694,89.22195642784932,538,5.806253433227539
99.69,79.91177082876085,89.23445049373954,537,5.774673938751221
99.72,79.91624261568913,89.2555656611729,538,5.737364292144775
99.75,79.92071667302773,89.27222115606968,537,5.694402694702148
99.78,79.92884198128318,89.30714844233093,536,5.645872116088867
99.81,79.93817915649961,89.35170729864083,536,5.591860771179199
99.84,79.94896286943504,89.3919282736789,538,5.532464027404785
99.87,79.96100289581413,89.43395610070358,541,5.467780590057373
99.9,79.97454123997753,89.48072840617452,544,5.397915840148926
99.93,79.98461276910454,89.53724199467399,545,5.322978496551514
99.96000000000001,79.99591586978548,89.60350271091556,549,5.243082046508789
99.99000000000001,80.0056568350018,89.67865053669759,551,5.15834379196167
100.02,80.01497309215861,89.74959258866359,545,5.068882465362549
100.05,80.02527022066447,89.81874682067841,541,4.974821090698242
100.08,80.03877217092642,89.87691870288712,539,4.876286029815674
100.11,80.05282483771137,89.92934393038423,535,4.773407459259033
100.14,80.06925376633163,89.97483519369278,535,4.666320323944092
100.17,80.08406559853069,90.02320556526263,532,4.555160999298096
100.2,80.09611154042132,90.06187009875286,530,4.440071105957031
100.23,80.1040228085062,90.0868646463414,522,4.321195125579834
100.26,80.10751680447895,90.09369617947146,515,4.1986799240112305
100.29,80.11755583229153,90.11005127235121,513,4.07269287109375
100.32000000000001,80.12613546393013,90.14293050483386,511,3.9802117347717285
100.35000000000001,80.13505841732074,90.17124808890408,514,3.9545083045959473
100.38,80.14417663129578,90.19521731961635,516,3.9298927783966064
100.41,80.1535360766069,90.23188227659965,512,3.899623155593872
100.44,80.15542800966523,90.26521858126556,503,3.862583637237549
100.47,80.1515526392582,90.28797634382167,501,3.8186511993408203
100.5,80.14833426618426,90.31371032867919,511,3.767857074737549
100.53,80.14689839731041,90.35122464615577,512,3.7102458477020264
100.56,80.14842794737068,90.37816382669577,512,3.6458628177642822
100.59,80.14865835096379,90.39296556026135,515,3.5747551918029785
100.62,80.14769509389768,90.42082679642769,508,3.496973991394043
100.65,80.14465381586758,90.46404370576387,510,3.4125709533691406
100.68,80.13579339182854,90.51559970708767,506,3.3216023445129395
100.71000000000001,80.12421897883529,90.57792230194887,508,3.224128246307373
100.74000000000001,80.11148642603462,90.64149227086438,508,3.120213270187378
100.77,80.10193812299565,90.7028807767449,506,3.0099270343780518
100.8,80.09048771661041,90.76142498660428,505,2.893346071243286
100.83,80.07507729101833,90.81460335678429,507,2.770554304122925
100.86,80.05324630233675,90.85596512686718,516,2.6416432857513428
100.89,80.03063278442521,90.90030579188162,514,2.5067121982574463
100.92,80.0050371089877,90.95422028909294,515,2.365868091583252
100.95,79.98015652738461,90.97898036120128,514,2.2192258834838867
100.98,79.96123102493407,90.97639895863892,521,2.0664615631103516
101.01,79.93913382432154,90.96173363258752,525,1.8759244680404663
101.04,79.9187026011315,90.94492551253185,526,1.659399390220642
101.07000000000001,79.89651126413003,90.91779616296832,532,1.4440315961837769
101.10000000000001,79.874208654674,90.89358215937634,533,1.2300344705581665
101.13,79.8517397044124,90.86168182497731,530,1.017547369003296
101.16,79.83128664320279,90.83688930139259,528,0.806716799736023
101.19,79.81252222518442,90.81561474028038,527,0.5976948738098145
101.22,79.79391014520432,90.78511346685326,536,0.3906383514404297
101.25,79.7760958552896,90.75062624914828,535,0.18570786714553833
101.28,79.76009702070463,90.71904325895407,540,-0.01693357527256012
101.31,79.74784254980823,90.68131579963308,540,-0.2171211689710617
101.34,79.73441704955454,90.6396767741654,539,-0.4146891236305237
101.37,79.72366454015066,90.59674014380606,544,-0.6094713807106018
101.4,79.71514236682529,90.54708538100144,546,-0.801302433013916
101.43,79.7086612032878,90.47265512877041,540,-0.9900180101394653
101.46000000000001,79.70645136939694,90.39086666019378,535,-1.1754554510116577
101.49000000000001,79.71479234507105,90.30408186444457,531,-1.3574541807174683
101.52,79.72204626915834,90.22096597235151,535,-1.53585684299469
101.55,79.72799502401764,90.15746439666829,530,-1.7105090618133545
101.58,79.7335335655837,90.11242447346613,527,-1.8813225030899048
101.61,79.74057263792656,90.08079615205608,531,-2.065467596054077
101.64,79.74741677318016,90.05381078816218,530,-2.2909371852874756
101.67,79.75417955776526,90.02546380493739,533,-2.5175728797912598
101.7,79.76291978564048,90.00244019619728,530,-2.7444121837615967
101.73,79.77041504868663,89.99192985145322,524,-2.9711692333221436
101.76,79.77787740372351,89.99235948154164,527,-3.1975536346435547
101.79,79.78317726864088,90.00034859378336,525,-3.4232685565948486
101.82000000000001,79.79032610782598,90.01954707905405,525,-3.648012161254883
101.85000000000001,79.79853916249583,90.0451812624364,516,-3.8714759349823
101.88,79.80523267253386,90.06217693054857,519,-4.051509380340576
101.91,79.81148630859396,90.08203420851925,523,-4.1489362716674805
101.94,79.8183664999614,90.09397308637878,526,-4.2409563064575195
101.97,79.82623627902247,90.07750876083422,526,-4.327768325805664
102.0,79.83291019665083,90.06459500331346,517,-4.40924072265625
102.03,79.8393121576231,90.05840526967864,518,-4.485256671905518
102.06,79.84755220269274,90.0523117176682,519,-4.555713653564453
102.09,79.85345578330991,90.02609301601746,522,-4.620521068572998
102.12,79.86046222807103,89.99168528881944,524,-4.679601669311523
102.15,79.86710239866854,89.96507840518765,528,-4.732891082763672
102.18,79.8737420550777,89.93624595215846,528,-4.78033447265625
102.21000000000001,79.87915754988794,89.9169603467166,526,-4.821889400482178
102.24000000000001,79.88274696206409,89.9098372625882,524,-4.857522010803223
102.27,79.88472912448898,89.91393978642688,520,-4.887210845947266
102.3,79.8886534752873,89.92425035132517,522,-4.910945415496826
102.33,79.89230674321614,89.93400733467057,518,-4.928719997406006
102.36,79.89825776022718,89.95825840488794,517,-4.940542221069336
102.39,79.9039247272621,89.97353597264012,519,-4.9464263916015625
102.42,79.90879392596514,89.9925306494153,517,-4.9463934898376465
102.45,79.91559697944608,90.01672712118061,524,-4.940472602844238
102.48,79.9197677930829,90.04677870935105,529,-4.928699493408203
102.51,79.92298592633631,90.07846787811566,529,-4.9111175537109375
102.54,79.92524023119041,90.10622034412707,532,-4.88777494430542
102.57000000000001,79.92635770203563,90.12439449919036,535,-4.858725070953369
102.60000000000001,79.92880071084153,90.12755195830542,537,-4.824028968811035
102.63,79.93393224395682,90.12966337629517,538,-4.783753871917725
102.66,79.9410684373673,90.11771822582172,542,-4.737969875335693
102.69,79.94597688097795,90.09542640968743,547,-4.686755657196045
102.72,79.95147722292546,90.07867678646284,549,-4.630194187164307
102.75,79.95884647620696,90.06928442239305,551,-4.568376064300537
102.78,79.96906393428291,90.06771670433415,554,-4.501397609710693
102.81,79.98093067797019,90.08008062827702,552,-4.42936372756958
102.84,79.98991185206428,90.10109094378964,549,-4.352382659912109
102.87,80.00232686877878,90.11624295994973,551,-4.270572185516357
102.9,80.01590168095153,90.1335499599098,548,-4.184053421020508
102.93,80.02472395082206,90.14049170688041,545,-4.092959403991699
102.96000000000001,80.03354779848137,90.15347464977481,548,-4.005250930786133
102.99000000000001,80.04484231715561,90.17740631342315,546,-3.9825146198272705
103.02,80.05913985942375,90.2213864136848,551,-3.975064992904663
103.05,80.07596796420398,90.2701578578606,552,-3.967782497406006
103.08,80.09275259227323,90.31655257402957,558,-3.958441734313965
103.11,80.1052639012129,90.3678748829315,555,-3.945472240447998
103.14,80.1143666214065,90.43901142676162,545,-3.927264451980591
103.17,80.12148462877529,90.51831781072332,547,-3.9025938510894775
103.2,80.12988661566202,90.5859664376618,547,-3.870903253555298
103.23,80.13672343147628,90.6597600308318,543,-3.8320560455322266
103.26,80.1386254566066,90.7518501562774,541,-3.7860374450683594
103.29,80.13574448791748,90.84697547061275,549,-3.7328529357910156
103.32000000000001,80.13660722538715,90.92607614139405,556,-3.6725127696990967
103.35000000000001,80.13588289123332,90.99259182783467,559,-3.605032444000244
103.38,80.1275623558087,91.04490954317457,562,-3.5304336547851562
103.41,80.11442556011784,91.07532191853875,562,-3.4487438201904297
103.44,80.1051341305644,91.08588075665531,559,-3.359997272491455
103.47,80.09086711219892,91.10070713627626,556,-3.2642359733581543
103.5,80.06782280910336,91.09894497792574,551,-3.1615090370178223
103.53,80.04224552237766,91.10104749657485,550,-3.051873207092285
103.56,80.01971120001997,91.10081459827228,551,-2.935394048690796
103.59,80.00401669746707,91.09323074506503,546,-2.8121445178985596
103.62,79.98816797676801,91.07584502945821,540,-2.6822054386138916
103.65,79.97132052154505,91.05912840994444,537,-2.5456674098968506
103.68,79.9511540913961,91.04154340455104,536,-2.4026296138763428
103.71000000000001,79.93020621452379,91.01122025780973,528,-2.2532005310058594
103.74000000000001,79.90926699388349,90.97178383419856,527,-2.0973737239837646
103.77,79.88727481677618,90.94580638637979,526,-1.9126577377319336
103.8,79.86624044084103,90.92835159509393,530,-1.690728783607483
103.83,79.84485565237146,90.90373570637374,523,-1.4692689180374146
103.86,79.82534738789555,90.87442937673013,519,-1.2487378120422363
103.89,79.8072551051115,90.83344144235191,520,-1.0292799472808838
103.92,79.79419317481806,90.79114547817001,517,-0.8110456466674805
103.95,79.77991559393729,90.76396400871376,519,-0.5941901803016663
103.98,79.76980158717477,90.75068576624268,528,-0.37887269258499146
104.01,79.7591382592456,90.7441096272698,532,-0.16525620222091675
104.04,79.74838650979864,90.72777128951567,530,0.04649213328957558
104.07000000000001,79.738416685284,90.71965166861098,534,0.25620236992836
104.10000000000001,79.72853786239764,90.72317415625183,535,0.4637024402618408
104.13,79.71907938560165,90.73026739737841,529,0.6688190698623657
104.16,79.71333440349656,90.73952176287638,526,0.8713786602020264
104.19,79.7086824547584,90.75068323669174,525,1.071207880973816
104.22,79.70423610949416,90.76554155353003,529,1.2681342363357544
104.25,79.70508623965513,90.78513211851963,525,1.4619879722595215
104.28,79.70188301638834,90.80687979048892,526,1.6526018381118774
104.31,79.69831212841093,90.84003539560943,530,1.8398244380950928
104.34,79.69472746479613,90.87023085321049,531,2.032353162765503
104.37,79.69163927215877,90.89843826467745,536,2.27314829826355
104.4,79.68953338149093,90.90894577780713,547,2.5176920890808105
104.43,79.6954511572491,90.89378219113459,544,2.7634360790252686
104.46000000000001,79.70351544977616,90.87556363144546,542,3.010103464126587
104.49000000000001,79.71239466058303,90.8680641218102,541,3.2574126720428467
104.52,79.72481606089308,90.86235015869661,540,3.5050783157348633
104.55,79.7348038515475,90.84632519423482,546,3.752811908721924
104.58,79.74466907582385,90.81974046913652,552,3.9985880851745605
104.61,79.75709511177426,90.78875725139369,552,4.133631229400635
104.64,79.77143455979335,90.75422138820662,549,4.254165172576904
104.67,79.78852740176372,90.71865799351887,553,4.370051860809326
104.7,79.80262140491422,90.67608449175667,562,4.481156826019287
104.73,79.81837986231298,90.62645273491981,567,4.587353706359863
104.76,79.83701175528415,90.57947160265579,571,4.688528537750244
104.79,79.85192209053525,90.5276343006871,572,4.784574508666992
104.82000000000001,79.86706732107677,90.47910496162282,574,4.875394821166992
104.85000000000001,79.88167028729082,90.43671735474466,572,4.960898399353027
104.88,79.89789320925597,90.40753424756082,570,5.0410051345825195
104.91,79.91447694285516,90.3974084475145,573,5.1156392097473145
104.94,79.92860595767903,90.39216093741126,571,5.184734344482422
104.97,79.93679729172929,90.39125737705089,571,5.248231887817383
105.0,79.94440390804643,90.37907187462324,567,5.306077003479004
105.03,79.94847551741115,90.36078154778036,567,5.358222961425781
105.06,79.95346838922586,90.341670508432,562,5.404634952545166
105.09,79.9552305640412,90.32564772898415,565,5.445287704467773
105.12,79.95462783969847,90.30603530553728,562,5.480163097381592
105.15,79.95862146780156,90.28594456719196,560,5.509255886077881
105.18,79.9631975781694,90.27139493178586,559,5.532567977905273
105.21000000000001,79.96640285669179,90.25451194471917,555,5.550111293792725
105.24000000000001,79.96994887726184,90.23153475983803,557,5.561905384063721
105.27,79.9688429292758,90.20530976297732,559,5.5679779052734375
105.3,79.97190462458146,90.1867293514538,556,5.568363666534424
105.33,79.97777234102819,90.17719885430402,558,5.563106060028076
105.36,79.98637672388641,90.18336317102273,553,5.5522541999816895
105.39,79.99470568347529,90.19408797037823,551,5.5358662605285645
105.42,80.00337509710693,90.22292454148167,560,5.514005184173584
105.45,80.01012413286249,90.24719063696277,563,5.486738681793213
105.48,80.01754767369181,90.27149329144439,559,5.4541425704956055
105.51,80.02442048326456,90.30139416163783,566,5.416297912597656
105.54,80.02840828102308,90.3439924427396,562,5.373290061950684
105.57000000000001,80.03239440573564,90.38771044796418,561,5.3252081871032715
105.60000000000001,80.03680245936842,90.43813733112766,562,5.272148132324219
105.63,80.04279934828818,90.49091953058863,566,5.214205741882324
105.66,80.04725990385266,90.54579157784819,559,5.151479721069336
105.69,80.04949126485627,90.60026468508626,559,5.0840744972229
105.72,80.05342946738627,90.64012313799478,557,5.012095928192139
105.75,80.05912205134372,90.68415874020828,551,4.9356513023376465
105.78,80.06256561454559,90.74530364682835,548,4.854851722717285
105.81,80.06482052469666,90.82060008832259,543,4.769810199737549
105.84,80.06635813177769,90.8893965894703,535,4.680640697479248
105.87,80.06998733017429,90.95620047381483,530,4.587460041046143
105.9,80.07123724034129,91.00957071420557,521,4.490386009216309
105.93,80.07905742889001,91.05510675631916,524,4.389538288116455
105.96000000000001,80.08937832669747,91.09817300864358,523,4.285037040710449
105.99000000000001,80.0930420623018,91.13287590557948,519,4.177003860473633
106.02,80.09638137987191,91.17028215556404,519,4.065605640411377
106.05,80.09898256884937,91.21240424262636,520,3.985349416732788
106.08,80.1020554146926,91.2702404492142,519,3.9678590297698975
106.11,80.10221223680759,91.31568002695623,517,3.954629421234131
106.14,80.09957321562709,91.36643281826748,518,3.9385998249053955
106.17,80.09850394589735,91.41544743518477,520,3.917499303817749
106.2,80.09321534559005,91.46556120892902,515,3.8903114795684814
106.23,80.07772746602244,91.5182465071488,512,3.8567328453063965
106.26,80.0590388687094,91.56371085053459,511,3.8167319297790527
106.29,80.03972463985602,91.60029498588804,516,3.7703378200531006
106.32000000000001,80.01957171670917,91.62807095058159,515,3.717588186264038
106.35000000000001,79.99697995633636,91.65660043848558,515,3.6585237979888916
106.38,79.9703314969303,91.67992598740996,512,3.5931878089904785
106.41,79.94396949755499,91.7035196771927,514,3.521627902984619
106.44,79.92107503420887,91.72702595174441,523,3.4438939094543457
106.47,79.90105312019946,91.75875234048581,522,3.360041379928589
106.5,79.88137080906039,91.78601465633838,527,3.2701308727264404
106.53,79.86122522048524,91.80559115180422,525,3.174227714538574
106.56,79.8395223559459,91.81715710948868,526,3.0724027156829834
106.59,79.81857122549488,91.83477986519001,527,2.964733123779297
106.62,79.79856798512883,91.84187404138656,535,2.8513023853302
106.65,79.78000330050187,91.83975391069558,540,2.732201099395752
106.68,79.75768471928971,91.83071825354989,553,2.6075284481048584
106.71000000000001,79.73800230803285,91.8228288609635,557,2.4773917198181152
106.74000000000001,79.72064586360537,91.81562737953993,557,2.341906785964966
106.77,79.7073267623443,91.79604049872619,567,2.201195240020752
106.8,79.6997835248912,91.76690556823358,564,2.0546300411224365
106.83,79.69487293835088,91.73788895925345,563,1.8680167198181152
106.86,79.69380390865936,91.69108353445583,566,1.6592905521392822
106.89,79.69493916925488,91.6325389750457,571,1.4520940780639648
106.92,79.6971577232511,91.57595184978715,572,1.2466105222702026
106.95,79.69918755332638,91.53183974746239,566,1.0429681539535522
106.98,79.70283688897592,91.48702525647414,564,0.8413012027740479
107.01,79.70859231155214,91.44163214119304,560,0.641748309135437
107.04,79.71250368882447,91.4037237273274,559,0.44445180892944336
107.07000000000001,79.71999483087286,91.36804997435105,559,0.2495570182800293
107.10000000000001,79.7269376129262,91.33489683798105,553,0.05721062421798706
107.13,79.72786235135946,91.29964284732306,553,-0.13243961334228516
107.16,79.72990438634724,91.26134090902333,553,-0.3192458748817444
107.19,79.73674254446338,91.21696382888616,554,-0.5030609369277954
107.22,79.74578402027845,91.17002010255413,559,-0.683738648891449
107.25,79.75688280496354,91.12324058228067,560,-0.8611343502998352
107.28,79.76686277448164,91.07766705882636,559,-1.0351037979125977
107.31,79.77731227003429,91.03138547695367,566,-1.2055034637451172
107.34,79.78681904548212,90.988419790643,564,-1.3721914291381836
107.37,79.79675427129008,90.94967071885289,560,-1.535027027130127
107.4,79.80522022206269,90.91882997090069,557,-1.6938714981079102
107.43,79.81143537699444,90.88799880282662,551,-1.8486099243164062
107.46000000000001,79.82345547170102,90.8583450292682,546,-2.004734754562378
107.49000000000001,79.8363169567619,90.83534483217436,545,-2.206512928009033
107.52,79.8517152913117,90.82408473642688,546,-2.4143314361572266
107.55,79.8687455324009,90.81448538476572,544,-2.6216893196105957
107.58,79.88531067318934,90.79824113197601,540,-2.828320026397705
107.61,79.8976857905041,90.78338065041588,544,-3.0339572429656982
107.64,79.91082424790088,90.77295645040132,544,-3.238332986831665
107.67,79.92451494289774,90.77352505581545,546,-3.441178560256958
107.7,79.93856303863429,90.77048881624313,544,-3.6422250270843506
107.73,79.94961008475535,90.76631890223103,543,-3.8412024974823
107.76,79.96199739906615,90.75551398332034,539,-4.021862506866455
107.79,79.97499648079203,90.74111825701354,539,-4.097930908203125
107.82000000000001,79.98721826995923,90.7171717511955,543,-4.165245056152344
107.85000000000001,79.99796068222982,90.70137445049109,547,-4.22747802734375
107.88,80.00399321314113,90.67805096010055,547,-4.2845540046691895
107.91,80.00758298011738,90.66840504275255,550,-4.336399555206299
107.94,80.01116573646053,90.67269928606241,549,-4.382953643798828
107.97,80.01352859440493,90.69608447096924,548,-4.424167156219482
108.0,80.01603870223406,90.72349326870076,547,-4.460002422332764
108.03,80.02012855376019,90.74849947148446,547,-4.49043083190918
108.06,80.02645276381133,90.75450108767973,541,-4.515435695648193
108.09,80.03004742954616,90.7542252120252,540,-4.535009860992432
108.12,80.028705420739,90.75020608762885,546,-4.549153804779053
108.15,80.02824515685205,90.76003892986502,543,-4.5578765869140625
108.18,80.03165342883548,90.76100071911344,539,-4.56119441986084
108.21000000000001,80.03600843845561,90.77139640213578,538,-4.559133052825928
108.24000000000001,80.04166144604554,90.78990385364696,537,-4.551721572875977
108.27,80.04827768257815,90.8079213969217,541,-4.538999080657959
108.3,80.05403328253037,90.81787961935201,539,-4.52100944519043
108.33,80.05963382133747,90.81992207092303,547,-4.497802257537842
108.36,80.06589066036355,90.82897804503067,545,-4.469433784484863
108.39,80.07437596759824,90.83259183528634,548,-4.435963153839111
108.42,80.0817586059317,90.83048799478134,551,-4.397456645965576
108.45,80.08148790498834,90.836477298462,549,-4.35398530960083
108.48,80.08205890943707,90.85781277880123,549,-4.305626392364502
108.51,80.08769118709739,90.89691275852991,553,-4.252461910247803
108.54,80.09501374438402,90.96038340936634,559,-4.194577693939209
108.57000000000001,80.10380899671618,91.038978959344,561,-4.1320695877075195
108.60000000000001,80.11055260923212,91.1192741129069,562,-4.065121173858643
108.63,80.11489568517896,91.19475905857432,562,-4.006088733673096
108.66,80.1171536450723,91.27537648404234,565,-3.993218421936035
108.69,80.11519608665701,91.35605163366507,565,-3.989530563354492
108.72,80.10837224866877,91.44272173508914,562,-3.9862122535705566
108.75,80.10050493678166,91.5097038410873,568,-3.9825491905212402
108.78,80.088916745493,91.56512679836916,562,-3.9782931804656982
108.81,80.07242580661095,91.63448236074098,559,-3.973125696182251
108.84,80.05617218654417,91.70204915671408,555,-3.9665367603302
108.87,80.03752255647866,91.76382918213667,560,-3.9577128887176514
108.9,80.02204088200939,91.82525499576555,562,-3.9454710483551025
108.93,80.00844938734798,91.87148026718482,557,-3.9284369945526123
108.96000000000001,79.99401818709529,91.8903239665482,554,-3.9055049419403076
108.99000000000001,79.97706881831492,91.90242060636304,558,-3.8761277198791504
109.02,79.96661092572863,91.91348835574891,568,-3.8401474952697754
109.05,79.95904891332783,91.93533561739162,558,-3.7975387573242188
109.08,79.9495939175641,91.9585785701152,556,-3.7483015060424805
109.11,79.94256474595797,91.97845448528568,553,-3.6924428939819336
109.14,79.93593374060433,91.9935780665186,542,-3.629974126815796
109.17,79.92961668218152,92.00394140894305,552,-3.5609118938446045
109.2,79.91388736955608,92.00596750202929,561,-3.485278367996216
109.23,79.8978152829688,91.99415242421148,559,-3.4031012058258057
109.26,79.88181316240808,91.9789970783459,557,-3.3144149780273438
109.29,79.86246042704225,91.96661202372432,553,-3.219261884689331
109.32000000000001,79.83884932136904,91.96033134073204,546,-3.1176934242248535
109.35000000000001,79.81885375347491,91.94643031579153,543,-3.0097696781158447
109.38,79.80677559425696,91.92627056375947,544,-2.895559072494507
109.41,79.79364006635552,91.89876669998452,544,-2.775139093399048
109.44,79.77904438150074,91.86354467913678,544,-2.64859676361084
109.47,79.76452875206817,91.85561152971816,546,-2.5160279273986816
109.5,79.75244071097293,91.86253029810847,547,-2.3775367736816406
109.53,79.74153372452982,91.87503198478258,543,-2.2332348823547363
109.56,79.73136015370855,91.88355353092594,549,-2.0830094814300537
109.59,79.72558630583994,91.8911944109657,545,-1.9007169008255005
109.62,79.71818498196527,91.89682518634298,547,-1.6858320236206055
109.65,79.71078081663933,91.89271827960546,547,-1.4719033241271973
109.68,79.7060000211021,91.86831671845341,547,-1.2592687606811523
109.71000000000001,79.70370817834514,91.8391989973398,550,-1.0480629205703735
109.74000000000001,79.70262058625494,91.80814612191939,559,-0.8384265899658203
109.77,79.70310120367176,91.75950625202297,564,-0.6305052638053894
109.8,79.70714449482327,91.70782727189624,565,-0.4244481325149536
109.83,79.71584714554666,91.64610746064214,572,-0.2204068899154663
109.86,79.72530607414053,91.57557882538427,575,-0.018534835427999496
109.89,79.73373616176295,91.51802914764178,570,0.18101376295089722
109.92,79.74610116240704,91.46694757915856,564,0.37808459997177124
109.95,79.75924200882211,91.42921257437118,558,0.5725240707397461
109.98,79.77181348098166,91.39334938271507,565,0.7641797661781311
110.01,79.78186937035481,91.35822197168466,564,0.9529008865356445
110.04,79.79118572844035,91.31220326161983,564,1.1385397911071777
110.07000000000001,79.8030635344683,91.26814767906492,561,1.3209518194198608
110.10000000000001,79.82044005924946,91.21820037117274,558,1.4999957084655762
110.13,79.83732147956198,91.16875306809432,561,1.6755341291427612
110.16,79.85242054929184,91.12904137715283,571,1.8474513292312622
110.19,79.86527787964943,91.09240423930693,574,2.023643970489502
110.22,79.87820063345282,91.06227168171172,569,2.24735951423645
110.25,79.889070924246,91.03491249962414,570,2.475149393081665
110.28,79.89944678147342,91.00994929473003,570,2.703549861907959
110.31,79.91027629494542,90.98576971952305,574,2.932309150695801
110.34,79.92114761962846,90.95809120681574,578,3.1611690521240234
110.37,79.93114538554278,90.940319888334,582,3.389866828918457
110.4,79.93937082707376,90.9321980965421,580,3.6181352138519287
110.43,79.94926024390101,90.92921466804039,581,3.845703125
110.46000000000001,79.964144903596,90.91711861087626,592,4.0422682762146
110.49000000000001,79.97956872606888,90.90025517023818,591,4.145606994628906
110.52,79.9927716074695,90.8788275014098,591,4.243710994720459
110.55,80.00112430566173,90.84868663049562,589,4.337136745452881
110.58,80.00818165085394,90.82868785593355,589,4.4257659912109375
110.61,80.01553073664007,90.82179382858263,591,4.50949239730835
110.64,80.02532571161792,90.8281513148708,589,4.588222026824951
110.67,80.03777925806494,90.83622311638752,578,4.661874294281006
110.7,80.04716428367395,90.85690373026019,575,4.730379104614258
110.73,80.0566015897096,90.8740809387739,573,4.793676376342773
110.76,80.0658494919607,90.88770620882794,571,4.8517165184021
110.79,80.07594111295435,90.90033257196157,574,4.904460430145264
110.82000000000001,80.0881553618305,90.91018468494185,576,4.951877117156982
110.85000000000001,80.10087812742645,90.91853223445882,576,4.993948936462402
110.88,80.11180148952013,90.92546068796138,582,5.030663013458252
110.91,80.12277269610111,90.93106239361734,576,5.06201696395874
110.94,80.12980124006675,90.93618509683651,577,5.088016986846924
110.97,80.1334591679086,90.95570289786951,576,5.108677387237549
111.0,80.13756062088034,90.98276446724925,577,5.124020099639893
111.03,80.1417983187357,91.01989890188759,577,5.13407564163208
111.06,80.14965936731994,91.05664631392081,581,5.138880252838135
111.09,80.16140441493872,91.1062285893402,582,5.138476848602295
111.12,80.16956654599055,91.16443285879942,584,5.132917404174805
111.15,80.16703306721212,91.22868468424457,575,5.122256755828857
111.18,80.16145589126556,91.29088852169413,573,5.106558322906494
111.21000000000001,80.15310924258621,91.34096767660242,585,5.085887908935547
111.24000000000001,80.14506279064715,91.38967594085695,577,5.060317039489746
111.27,80.13215222549834,91.44184222400833,577,5.029919147491455
111.3,80.11733857472406,91.49819390803866,574,4.994773864746094
111.33,80.10028362519517,91.56036002657042,572,4.954962253570557
111.36,80.08458745338208,91.6173474372223,574,4.9105658531188965
111.39,80.07338542611984,91.66676698290924,569,4.861673355102539
111.42,80.0631859243558,91.68973916591125,565,4.808372497558594
111.45,80.05484035385997,91.7069026071245,562,4.750755786895752
111.48,80.04819865510065,91.73052614633495,563,4.6889166831970215
111.51,80.04255746217216,91.76125058524153,558,4.622951984405518
111.54,80.03558829779081,91.79123918682659,558,4.552959442138672
111.57000000000001,80.02558750233149,91.82711959366475,557,4.479038238525391
111.60000000000001,80.01512737757032,91.86753043642001,555,4.401287078857422
111.63,80.00538728170504,91.90230448113427,544,4.31981086730957
111.66,79.98913770594868,91.9234067757389,535,4.23471212387085
111.69,79.9706525753682,91.94508153284514,539,4.146099090576172
111.72,79.95759427819121,91.97087087873815,537,4.0542168617248535
111.75,79.94624726497956,92.01058455718375,537,3.9914891719818115
111.78,79.93196171140701,92.05350427048981,534,3.98107647895813
111.81,79.91654754338704,92.11290895007863,534,3.975604772567749
111.84,79.89968865597982,92.177993691692,531,3.969863176345825
111.87,79.88273650782365,92.2420991955156,538,3.9626882076263428
111.9,79.8652021289723,92.28968220965302,541,3.953117847442627
111.93,79.84811751733675,92.32851213183523,545,3.9400014877319336
111.96000000000001,79.83125640093849,92.37989674808739,545,3.922179937362671
111.99000000000001,79.81655261249271,92.4349604353179,544,3.8988513946533203
112.02,79.80008961210278,92.49086362026338,549,3.869678497314453
112.05,79.78361631068671,92.5398923337363,556,3.834589719772339
112.08,79.7666609726447,92.58962444759297,552,3.7935965061187744
112.11,79.75227704184701,92.62230127501522,558,3.746727228164673
112.14,79.73782975970268,92.62444944973448,553,3.694016695022583
112.17,79.7201915794594,92.60744694743295,552,3.6355044841766357
112.2,79.70458184132633,92.59280496997235,557,3.5712382793426514
112.23,79.69384545498353,92.58041771106528,550,3.5012717247009277
112.26,79.68363984513124,92.56366374500217,553,3.4256675243377686
112.29,79.67663080156242,92.5461596702558,556,3.3444955348968506
112.32000000000001,79.67239804539973,92.51706455603232,563,3.2578330039978027
112.35000000000001,79.66860392799508,92.482832667481,566,3.1657638549804688
112.38,79.66621187813135,92.45404944721854,568,3.0683791637420654
112.41,79.66737572950225,92.42403268953238,574,2.9657766819000244
112.44,79.66966040279893,92.37509340509254,570,2.8580591678619385
112.47,79.67293766083839,92.33624453640147,563,2.7453367710113525
112.5,79.67480361611092,92.28855390839907,569,2.627725124359131
112.53,79.68032377096536,92.23419845592929,571,2.5053462982177734
112.56,79.68887728593276,92.18044363395967,574,2.3783280849456787
112.59,79.69970436888742,92.12326437014033,577,2.2468037605285645
112.62,79.70897450170553,92.05339091909796,587,2.1108298301696777
112.65,79.71918738875186,91.98196806351346,583,1.9565045833587646
112.68,79.72917294856428,91.91372524012247,585,1.7580524682998657
112.71000000000001,79.73788830704333,91.83798506318105,582,1.5598995685577393
112.74000000000001,79.74844875962857,91.75015363663559,580,1.3639193773269653
112.77,79.75845450387261,91.67335690867533,580,1.1702238321304321
112.8,79.76821604845915,91.6063000776866,580,0.9789289236068726
112.83,79.7796530678157,91.54935152661712,582,0.7901543974876404
112.86,79.79193812862003,91.50671531072037,579,0.6040245294570923
112.89,79.80498566218844,91.47935266258754,585,0.4206669330596924
112.92,79.81857087418766,91.44744171746763,577,0.24021169543266296
112.95,79.83702161520358,91.42530755540953,574,0.06279081851243973
112.98,79.85684504027088,91.40648583072544,574,-0.11146239191293716
113.01,79.87908302190175,91.3726836299245,576,-0.282414048910141
113.04,79.89863634996975,91.34467104538763,579,-0.4499300718307495
113.07000000000001,79.91528138902414,91.32049641327919,578,-0.613877534866333
113.10000000000001,79.92953616628178,91.29945565680488,574,-0.7741269469261169
113.13,79.94764227730317,91.26745464006125,567,-0.9305541515350342
113.16,79.96864154403193,91.24049501483907,568,-1.0830402374267578
113.19,79.98751406023173,91.21806414600267,564,-1.2314716577529907
113.22,80.00530108223353,91.20588474143133,558,-1.3757402896881104
113.25,80.0240104754603,91.21719214231742,561,-1.5157438516616821
113.28,80.04249993709203,91.24183324572401,554,-1.6513841152191162
113.31,80.05603970357414,91.26997577456011,548,-1.7825706005096436
113.34,80.06829501683309,91.27896725184561,549,-1.9094741344451904
113.37,80.07632684574834,91.29680437769824,550,-2.049556255340576
113.4,80.08334976490416,91.3195317982678,551,-2.2279210090637207
113.43,80.09010865311755,91.34712790709186,549,-2.4064419269561768
113.46000000000001,80.09427975169606,91.39280586954088,554,-2.583420991897583
113.49000000000001,80.09440818397537,91.44955856943047,554,-2.7586348056793213
113.52,80.09662381479541,91.5144322833389,557,-2.9318604469299316
113.55,80.09916216864725,91.58010447611629,554,-3.102872371673584
113.58,80.10012119683391,91.6320349994647,556,-3.271446466445923
113.61,80.1037619110089,91.68122646215346,559,-3.4373576641082764
113.64,80.11033617841218,91.73869839759267,556,-3.6003806591033936
113.67,80.11841553596442,91.78790767324037,560,-3.7602925300598145
113.7,80.12546089244164,91.82944199746478,558,-3.916862726211548
113.73,80.13329224871407,91.8648605391105,553,-4.027985572814941
113.76,80.14660554191398,91.89926124358328,559,-4.06038236618042
113.79,80.15164685612902,91.93511444236445,557,-4.083951950073242
113.82000000000001,80.15827002986526,91.95798041375689,554,-4.102344512939453
113.85000000000001,80.16738043943734,91.96899593665394,557,-4.115840435028076
113.88,80.1737299078826,91.97631554371857,558,-4.124460220336914
113.91,80.18078408385621,91.9770129633183,561,-4.128201007843018
113.94,80.18796999901699,91.97149818077119,562,-4.127065658569336
113.97,80.19580702517881,91.96346658000957,563,-4.121066093444824
114.0,80.20148080022513,91.9560439520374,566,-4.110228061676025
114.03,80.20858707283966,91.95118789098748,568,-4.094595909118652
114.06,80.21193133407698,91.95231662916316,565,-4.074288368225098
114.09,80.2073565469142,91.96370052702413,562,-4.049944877624512
114.12,80.20083693628095,91.9839385476777,564,-4.025933265686035
114.15,80.18991550133516,92.0045201486485,563,-4.013077259063721
114.18,80.17438485243369,92.03583918862113,567,-4.00857400894165
114.21000000000001,80.15457174164398,92.08686978780055,574,-4.005777359008789
114.24000000000001,80.13162245346747,92.14671003875604,577,-4.0032572746276855
114.27,80.10666708137548,92.20195728736053,572,-4.000809669494629
114.3,80.07284679155565,92.24719430083121,576,-3.9983744621276855
114.33,80.03778995714626,92.28768458526673,579,-3.9959044456481934
114.36,80.0027270165197,92.32724025510296,578,-3.9933528900146484
114.39,79.96803694180986,92.36136828605875,579,-3.990664482116699
114.42,79.93910451124303,92.40373055076608,576,-3.9877712726593018
114.45,79.91521373691789,92.45244081307384,579,-3.9845800399780273
114.48,79.89314553113614,92.51078539631516,575,-3.9809582233428955
114.51,79.8689275633057,92.56620432774447,573,-3.9767041206359863
114.54,79.85449034026445,92.62563419654428,573,-3.9715006351470947
114.57000000000001,79.84236258523623,92.67918752032057,570,-3.964838743209839
114.60000000000001,79.82852482089066,92.72074622042398,569,-3.9559240341186523
114.63,79.82230766658765,92.75114260725654,567,-3.94364333152771
114.66,79.81216364507037,92.76664357235161,568,-3.9267539978027344
114.69,79.79928194258147,92.78887860933237,570,-3.904294013977051
114.72,79.78827809739849,92.80672917177586,570,-3.875797748565674
114.75,79.78125619101179,92.81728155897906,566,-3.8411362171173096
114.78,79.77648043883967,92.81748762546043,568,-3.8002963066101074
114.81,79.76669042476594,92.81691712496034,564,-3.753289222717285
114.84,79.75897888446771,92.81777881090105,568,-3.700134754180908
114.87,79.75234857852745,92.81999844631503,561,-3.6408588886260986
114.9,79.74556992051866,92.80967192787311,556,-3.575493097305298
114.93,79.7405841974889,92.78797248361397,553,-3.504075050354004
114.96000000000001,79.7348241186986,92.76887504065874,548,-3.4266486167907715
114.99000000000001,79.72816326836784,92.76419060299412,545,-3.343263626098633
115.02,79.7251975417741,92.75593388494048,551,-3.253977060317993
115.05,79.72183706853075,92.7532263864187,553,-3.1588525772094727
115.08,79.72404907010296,92.74860477141823,556,-3.057960271835327
115.11,79.72751475050394,92.72575269602251,554,-2.951378345489502
115.14,79.73313945043765,92.6798288773102,564,-2.83919095993042
115.17,79.73715614794851,92.61020018564366,566,-2.7214925289154053
115.2,79.7411767647986,92.51368684313847,562,-2.5983846187591553
115.23,79.74984926788754,92.41092946954622,562,-2.469977617263794
115.26,79.75692896670323,92.30326159557761,568,-2.336390733718872
115.29,79.76426489842042,92.19831334165086,565,-2.1977481842041016
115.32000000000001,79.76944161745513,92.09772792322512,570,-2.0533721446990967
115.35000000000001,79.77454441086125,92.01036423497555,565,-1.869003176689148
115.38,79.78128421726808,91.93868129760429,570,-1.6628170013427734
115.41,79.78961997241252,91.86656951412944,568,-1.458261251449585
115.44,79.7944532290747,91.80175089652265,570,-1.2555187940597534
115.47,79.8000370886084,91.74574107812691,568,-1.0547136068344116
115.5,79.80985711594228,91.70439922943774,573,-0.8559730648994446
115.53,79.82212492566417,91.67272507510884,570,-0.6594293117523193
115.56,79.83512229735888,91.62513080628932,574,-0.46521657705307007
115.59,79.84702936984581,91.57449780949733,577,-0.27347105741500854
115.62,79.85876645639462,91.53791576212227,580,-0.08433018624782562
115.65,79.86926314514291,91.51439662789834,583,0.10206829011440277
115.68,79.88101544683836,91.48445480247351,585,0.285586953163147
115.71000000000001,79.89637178756259,91.44860182594788,579,0.46608948707580566
115.74000000000001,79.90991223816054,91.4280141722778,573,0.643441379070282
115.77,79.9181189184453,91.41947146648192,569,0.8175103068351746
115.8,79.92349773464959,91.41971335849968,571,0.9881659150123596
115.83,79.9315240995502,91.42571958913253,573,1.1552790403366089
115.86,79.9395785810079,91.44829515433523,571,1.318722128868103
115.89,79.94792519441516,91.4832082685719,572,1.4783687591552734
115.92,79.95867688312813,91.52988445205122,577,1.6340954303741455
115.95,79.96772183201296,91.58096976112478,580,1.7857815027236938
115.98,79.97596097958986,91.63674222018517,581,1.9338438510894775
116.01,79.98375937142846,91.69283601573052,583,2.1094861030578613
116.04,79.99099880515308,91.73925591042166,582,2.312401056289673
116.07000000000001,80.00117411678745,91.78897656770869,587,2.515037775039673
116.10000000000001,80.0146201163326,91.84497834915435,581,2.7170231342315674
116.13,80.03091051344573,91.89274333000122,584,2.918104887008667
116.16,80.04683853340156,91.9253750328,588,3.1180295944213867
116.19,80.06203884099514,91.95318967427394,584,3.316544532775879
116.22,80.07715524135571,91.98216501688113,586,3.513396978378296
116.25,80.09281591283272,92.00376223041908,593,3.7083356380462646
116.28,80.10839730401733,92.01882067538519,592,3.9011075496673584
116.31,80.12350212229998,92.02240445801276,592,4.044068813323975
116.34,80.14003632105616,92.02842758659575,593,4.110332489013672
116.37,80.15595292287381,92.02454623015184,593,4.170998573303223
116.4,80.17091564545727,92.01361235711757,596,4.2267842292785645
116.43,80.18538061072114,92.0049727031746,594,4.27762508392334
116.46000000000001,80.19883227918271,92.0007946542932,592,4.323465347290039
116.49000000000001,80.20720239600583,92.00733469232426,595,4.364262104034424
116.52,80.21199796941535,92.01280787682742,595,4.399984359741211
116.55,80.21835654792105,92.01787205850844,595,4.430613040924072
116.58,80.22647653917807,92.01306481140182,593,4.456136226654053
116.61,80.23405116505934,92.00566675123254,594,4.476557731628418
116.64,80.23355967017972,92.00680149706906,597,4.491888999938965
116.67,80.22795374852342,92.0072466342522,592,4.502150535583496
116.7,80.22176058666213,92.00277871376879,596,4.507370948791504
116.73,80.21070853529119,91.99709695036937,597,4.507590293884277
116.76,80.19550929503659,92.00982946862155,591,4.502856254577637
116.79,80.17945487852133,92.04497172826736,596,4.493222236633301
116.82000000000001,80.16159047601703,92.07188285961413,590,4.478751182556152
116.85000000000001,80.14167614308714,92.10706408485807,597,4.459512233734131
116.88,80.12199475908473,92.14204282823302,597,4.4355788230896
116.91,80.10222108186677,92.17144283071578,602,4.407028675079346
116.94,80.0811935358187,92.20751362492581,600,4.373943328857422
116.97,80.05933777337327,92.25860050717525,592,4.336406707763672
117.0,80.04021805672362,92.32653172017521,586,4.29450798034668
117.03,80.02556972944427,92.39791591617991,585,4.24833869934082
117.06,80.01271666093326,92.46740243837972,579,4.197995662689209
117.09,79.99716158180358,92.53007842316576,578,4.143577575683594
117.12,79.98281238314316,92.55532513691998,576,4.085205078125
117.15,79.96696479147973,92.57261755801622,576,4.0254411697387695
117.18,79.95005459335265,92.58438322258948,573,3.9990813732147217
117.21000000000001,79.93447905211015,92.59627023524929,567,3.994831085205078
117.24000000000001,79.9196239191265,92.6188655603569,566,3.9922215938568115
117.27,79.90431025755478,92.64149959666679,566,3.9895918369293213
117.3,79.8844701897056,92.65766736432313,564,3.9867711067199707
117.33,79.85909557388086,92.68062126980391,564,3.9836647510528564
117.36,79.83968630471107,92.72123133679334,566,3.980149507522583
117.39,79.82368084009913,92.76375565183338,566,3.976041793823242
117.42,79.81082990039893,92.80174258240115,570,3.9710590839385986
117.45,79.79639194384927,92.82748853747992,572,3.9647576808929443
117.48,79.78145765233192,92.85476213157891,579,3.9564592838287354
117.51,79.76582667645248,92.88514409667286,577,3.9452202320098877
117.54,79.75109935672141,92.91682656182807,578,3.929964303970337
117.57000000000001,79.7386702226451,92.94725847816154,582,3.9098060131073
117.60000000000001,79.72789831216187,92.97518551262797,583,3.8842759132385254
117.63,79.7210938451801,92.99592926002943,574,3.8532330989837646
117.66,79.71510005179962,93.00114028415693,563,3.8166747093200684
117.69,79.7113080389771,92.96718334586701,556,3.7746334075927734
117.72,79.70807671464173,92.92003973258248,555,3.7271506786346436
117.75,79.70407879409235,92.86873364068676,560,3.6742746829986572
117.78,79.69868556754781,92.8126213789114,557,3.616058111190796
117.81,79.69454379838423,92.7487556837872,557,3.5525622367858887
117.84,79.68722611761054,92.69250994860701,561,3.4838552474975586
117.87,79.67879215551994,92.63227088222519,567,3.410013198852539
117.9,79.67437935258896,92.57258553326646,567,3.3311188220977783
117.93,79.67536491349586,92.52334541913129,564,3.247262954711914
117.96000000000001,79.67833414077111,92.47918706237428,564,3.1585421562194824
117.99000000000001,79.68175687369187,92.4600837551833,567,3.0650603771209717
118.02,79.68713137591982,92.46675885075148,573,2.966928243637085
118.05,79.69382923954697,92.46769839438502,567,2.864262342453003
118.08,79.70335901396524,92.45890919196749,572,2.757185459136963
118.11,79.71261697531021,92.46201467714728,574,2.645826578140259
118.14,79.72149754071577,92.45839974276724,587,2.530320405960083
118.17,79.73315229474997,92.44610355090238,588,2.4108076095581055
118.2,79.74429946952522,92.42676082375313,593,2.28743314743042
118.23,79.75521033961464,92.40728077475919,587,2.1603360176086426
118.26,79.7654985568201,92.38713541983113,590,2.027280569076538
118.29,79.77844187499132,92.3636612134606,595,1.8499563932418823
118.32000000000001,79.7910936358856,92.34225056649424,596,1.6597952842712402
118.35000000000001,79.80338656858657,92.32622532627806,603,1.4722145795822144
118.38,79.81485421307447,92.31194607674935,597,1.2873517274856567
118.41,79.8252682919169,92.30121422798874,601,1.10531485080719
118.44,79.83620725229449,92.29588705053972,593,0.9262168407440186
118.47,79.84797848016878,92.29627681193166,595,0.7501747608184814
118.5,79.86554349437355,92.3163869714398,594,0.5773093104362488
118.53,79.8846633715051,92.34524711664373,595,0.4077439308166504
118.56,79.90414187359997,92.36518268932505,597,0.2416045069694519
118.59,79.918872817134,92.40546158730693,599,0.07901792228221893
118.62,79.93048500157875,92.44698075764222,595,-0.07988839596509933
118.65,79.94280729670102,92.47649607112439,594,-0.2349882274866104
118.68,79.95611920898797,92.50080427225026,595,-0.3861594796180725
118.71000000000001,79.9707342279307,92.50955283093727,586,-0.5332853198051453
118.74000000000001,79.98439751476462,92.49796148630509,587,-0.6762542128562927
118.77,79.99668556329303,92.48183157666269,584,-0.8149603605270386
118.8,80.00737019367558,92.46516073968196,581,-0.9493036270141602
118.83,80.01935890456691,92.44891109997377,580,-1.0791898965835571
118.86,80.03373105916295,92.43501303571905,580,-1.2045313119888306
118.89,80.04668752160882,92.41264057567457,579,-1.3252462148666382
118.92,80.0594514747597,92.38485291162301,585,-1.4412589073181152
118.95,80.07136681263815,92.37406751555356,581,-1.5525003671646118
118.98,80.08568170498795,92.37963143831676,576,-1.6589082479476929
119.01,80.10043355879837,92.39298634964113,582,-1.7604275941848755
119.04,80.11171719976089,92.38920738683274,579,-1.8570557832717896
119.07000000000001,80.11887766789965,92.38871188481194,582,-1.9503531455993652
119.10000000000001,80.1268837567186,92.38867700735956,582,-2.0658998489379883
119.13,80.13179208825555,92.37910957035349,580,-2.2086691856384277
119.16,80.13586527530065,92.36810289938025,579,-2.3496451377868652
119.19,80.14355555515644,92.367604742565,578,-2.4877352714538574
119.22,80.1530099551858,92.38209251386203,573,-2.6227569580078125
119.25,80.16022940445512,92.40083780445967,570,-2.754533052444458
119.28,80.16211733201946,92.41488750733942,568,-2.882885694503784
119.31,80.16421531885443,92.41799974148775,567,-3.0076417922973633
119.34,80.16799572748597,92.42180937925147,568,-3.1286306381225586
119.37,80.16919101836817,92.4372224896651,576,-3.245685338973999
119.4,80.17064996057226,92.45684058433162,575,-3.358640670776367
119.43,80.17205269511244,92.48861214088956,579,-3.467334032058716
119.46000000000001,80.1771747659242,92.53771600083628,577,-3.5716054439544678
119.49000000000001,80.18280778322286,92.57624166557194,577,-3.671297788619995
119.52,80.1834138978838,92.61703086496368,569,-3.766258478164673
119.55,80.18153619000394,92.67559202598314,577,-3.8563363552093506
119.58,80.17631769844844,92.74992406300565,575,-3.9412667751312256
119.61,80.17010034445917,92.82388119892651,577,-3.999913454055786
119.64,80.16294182060648,92.87970065145427,584,-4.00527811050415
119.67,80.14733273847393,92.91614482801808,579,-4.003479480743408
119.7,80.13179107897416,92.93251959951019,579,-4.001176834106445
119.73,80.11289787998007,92.94283714428263,580,-3.9988274574279785
119.76,80.09057498219236,92.9600854465867,581,-3.996429204940796
119.79,80.06696793029916,92.98383167838665,585,-3.993943691253662
119.82000000000001,80.04229963257184,92.99042262728345,583,-3.9913229942321777
119.85000000000001,80.01479838713078,92.99085700801052,580,-3.988504648208618
119.88,79.98440723165433,92.99678372261093,586,-3.9854040145874023
119.91,79.95283489719331,93.00717589054851,583,-3.9818975925445557
119.94,79.92444693291691,93.02850627656159,583,-3.977800130844116
119.97,79.89934000674828,93.04502582474034,584,-3.9728198051452637
120.0,79.87507546775993,93.05869370994665,583,-3.9664862155914307
120.03,79.85185327428066,93.07331294372993,584,-3.958052396774292
120.06,79.83189036364436,93.07396010015206,588,-3.9464309215545654
120.09,79.81658531331743,93.06505132890528,596,-3.9303336143493652
120.12,79.80439205021781,93.04286516007265,598,-3.9086735248565674
120.15,79.79661597675694,93.01370562484416,600,-3.8808703422546387
120.18,79.79495619058608,92.9849034778718,603,-3.8467376232147217
120.21000000000001,79.7921133632697,92.95720749475755,601,-3.8062384128570557
120.24000000000001,79.78772061648466,92.93613717950717,606,-3.7593719959259033
120.27,79.78164442521347,92.92816451847402,605,-3.7061476707458496
120.3,79.77560366645088,92.92151498072671,605,-3.646580934524536
120.33,79.76975084690416,92.90978520780446,607,-3.580693483352661
120.36,79.76369061212938,92.88522251974629,602,-3.5085155963897705
120.39,79.75895450397164,92.86557332717092,603,-3.430084705352783
120.42,79.75384396643959,92.86446538476984,594,-3.3454456329345703
120.45,79.74747769638662,92.88282570267923,590,-3.2546513080596924
120.48,79.73655078111786,92.8930134530661,593,-3.157761812210083
120.51,79.72979695221376,92.89870852089847,590,-3.054847002029419
120.54,79.72596925385537,92.92018697231883,600,-2.945984363555908
120.57000000000001,79.71964059913853,92.94022868647362,589,-2.83126163482666
120.60000000000001,79.71617154000604,92.94969322106951,591,-2.710775852203369
120.63,79.71058373048677,92.94428841549576,588,-2.584632635116577
120.66,79.71131854437616,92.9250692604951,592,-2.452946424484253
120.69,79.71896742724289,92.89949522114043,586,-2.3158411979675293
120.72,79.72664710334675,92.86865065750868,586,-2.173445463180542
120.75,79.73357065438066,92.84334171047415,585,-2.0235488414764404
120.78,79.74401242796827,92.82201889332103,591,-1.8257813453674316
120.81,79.75205506956715,92.78664108859296,591,-1.6165075302124023
120.84,79.76249703633857,92.74730679764552,597,-1.408831000328064
120.87,79.77635750214755,92.70659657469942,595,-1.2029025554656982
120.9,79.79333398673558,92.67346411630237,593,-0.9988669753074646
120.93,79.80557245721494,92.6402851234999,593,-0.7968738675117493
120.96000000000001,79.82013914850346,92.60060461174116,597,-0.5970768332481384
120.99000000000001,79.83442612187646,92.55969790206082,596,-0.3996327817440033
121.02,79.8476386293102,92.51211624986546,589,-0.20470057427883148
121.05,79.85684192860093,92.46877689852646,590,-0.012440390884876251
121.08,79.86472433759154,92.4251005003357,596,0.1769871711730957
121.11,79.87285314293796,92.37239842323285,589,0.3634217381477356
121.14,79.88370078137238,92.33479426027236,584,0.5467033386230469
121.17,79.89646173095589,92.3176646360437,587,0.726672887802124
121.2,79.9045499571536,92.31342689645412,588,0.90317302942276
121.23,79.91156571081409,92.31554588366339,587,1.0760480165481567
121.26,79.9150615727727,92.31925653555086,591,1.2451448440551758
121.29,79.92105965650539,92.32641763565064,590,1.4103131294250488
121.32000000000001,79.92853803403885,92.32123395544791,597,1.5714056491851807
121.35000000000001,79.94180680794443,92.30566908580664,598,1.728278636932373
121.38,79.95628850398357,92.29033900164826,594,1.8808618783950806
121.41,79.96630213853143,92.28294800921684,594,2.042327880859375
121.44,79.97115289104728,92.28973580744744,590,2.2467498779296875
121.47,79.97699876735363,92.3164808306608,588,2.4524102210998535
121.5,79.98743812522048,92.35839797121145,588,2.657261371612549
121.53,79.99936727745138,92.392393367949,583,2.861020565032959
121.56,80.00943976389365,92.42480999777791,584,3.063401937484741
121.59,80.01865613178782,92.45287072016406,590,3.2641167640686035
121.62,80.02941856892572,92.48677691788856,589,3.462876081466675
121.65,80.04293219490326,92.52689286900483,591,3.6593894958496094
121.68,80.0574943394988,92.56142533796347,599,3.8533687591552734
121.71000000000001,80.06806181669138,92.59559896698156,604,4.024575233459473
121.74000000000001,80.0725727322073,92.63684819941403,603,4.094231605529785
121.77,80.07864234555073,92.66796231934768,597,4.155278205871582
121.8,80.08733603722952,92.70302927895433,601,4.210929870605469
121.83,80.09735580117102,92.73302108901673,602,4.26112174987793
121.86,80.10529310208078,92.74601249243115,609,4.305790901184082
121.89,80.11118439065142,92.7661090627693,611,4.344889163970947
121.92,80.11911525639906,92.77877616329182,614,4.37838077545166
121.95,80.12632362157484,92.78085547828448,620,4.406245231628418
121.98,80.1341567293199,92.78207393828382,621,4.428471565246582
122.01,80.14963586426298,92.78303029756697,622,4.445062160491943
122.04,80.16070273379958,92.77621588547451,618,4.456028938293457
122.07000000000001,80.17219122220529,92.77723587541723,616,4.461395263671875
122.10000000000001,80.18325780914529,92.79130979607187,611,4.4611921310424805
122.13,80.19503748665937,92.82268651013095,605,4.455461502075195
122.16,80.19827712705171,92.84896495958756,605,4.444254398345947
122.19,80.19704504869378,92.87192830016828,596,4.427626132965088
122.22,80.1885343014948,92.89636408290345,594,4.405640602111816
122.25,80.17870366914151,92.908967164006,601,4.378368377685547
122.28,80.16757029015241,92.89387207053588,606,4.345884323120117
122.31,80.15598236377191,92.87946580002335,604,4.308267593383789
122.34,80.14479431454393,92.86832072701652,598,4.265601634979248
122.37,80.13663671215859,92.86781369386222,596,4.21797513961792
122.4,80.12529543378726,92.87421114293713,600,4.165480613708496
122.43,80.11084464221145,92.87385222386173,600,4.108216285705566
122.46000000000001,80.09581667321352,92.87159111732946,596,4.046700954437256
122.49000000000001,80.07860299792448,92.87244973764425,593,4.002511024475098
122.52,80.058617672749,92.88252203655901,592,3.994748830795288
122.55,80.03870467183437,92.88332964025813,587,3.9915382862091064
122.58,80.02347971572851,92.86417190707806,596,3.988430976867676
122.61,80.00897064373413,92.84986324495544,601,3.9850375652313232
122.64,79.99204610237497,92.83860010322334,607,3.9811832904815674
122.67,79.97305471456544,92.83773434170261,607,3.976633310317993
122.7,79.95524312391936,92.84049215670699,617,3.9710147380828857
122.73,79.93779384159272,92.8411584958934,613,3.96372127532959
122.76,79.91992864703397,92.81704361824649,617,3.9538066387176514
122.79,79.90771674737657,92.79587589991449,622,3.93998384475708
122.82000000000001,79.89947900556143,92.76347627011106,617,3.920926094055176
122.85000000000001,79.8903271116645,92.7304253613928,622,3.8957386016845703
122.88,79.87755581149403,92.70873146213114,621,3.864069938659668
122.91,79.86880201975617,92.69588740709831,621,3.8258581161499023
122.94,79.86178404617944,92.69044510178014,610,3.7811191082000732
122.97,79.85074103914233,92.7037169183051,608,3.7298872470855713
123.0,79.83574987023049,92.70940854720138,603,3.672203540802002
123.03,79.82234569252641,92.7178864248094,596,3.6081161499023438
123.06,79.80950929946978,92.73338205710299,604,3.5376806259155273
123.09,79.79692294918657,92.74322351108395,598,3.4609603881835938
123.12,79.78462568199487,92.7455697528955,596,3.3780267238616943
123.15,79.76701763323005,92.74147017432686,597,3.28895902633667
123.18,79.75224750536803,92.74191692927528,594,3.1938445568084717
123.21000000000001,79.74493595594765,92.74098299416949,596,3.092780590057373
123.24000000000001,79.74113312886148,92.74055609608654,597,2.985873222351074
123.27,79.736290114875,92.7386879444032,598,2.8732409477233887
123.3,79.73311846131138,92.7472734753443,594,2.7550108432769775
123.33,79.73232532037744,92.75831792131653,595,2.631322145462036
123.36,79.73577971018123,92.77451259993272,594,2.502323627471924
123.39,79.74039853661851,92.79397279301399,592,2.3681728839874268
123.42,79.74295188407002,92.81360353873183,591,2.229036808013916
123.45,79.74747473102353,92.83971133011757,589,2.0848629474639893
123.48,79.75364507286353,92.87074242777814,587,1.9113043546676636
123.51,79.76095085827123,92.89402727344195,578,1.704079270362854
123.54,79.77120785143879,92.91697721529559,572,1.498501181602478
123.57000000000001,79.78482214850179,92.9318312475489,569,1.2950435876846313
123.60000000000001,79.79835662513861,92.95049825196618,566,1.0938655138015747
123.63000000000001,79.80885708765726,92.95625793871629,568,0.8951305747032166
123.66,79.82046995395567,92.95725728773121,580,0.6990053653717041
123.69,79.83272577325586,92.95207706045713,586,0.5056590437889099
123.72,79.84272953837171,92.93012588528084,597,0.3152619004249573
123.75,79.84855250916863,92.88606232830026,606,0.12798461318016052
123.78,79.85546310891652,92.85169623258403,606,-0.05600234866142273
123.81,79.86375215219823,92.81988232851826,602,-0.2365291565656662
123.84,79.87235013251505,92.78516395771994,604,-0.4134269654750824
123.87,79.8785119099397,92.75685990236614,608,-0.5865278244018555
123.9,79.88269039939311,92.74474368445769,612,-0.7556641697883606
123.93,79.8867950044657,92.74855653284156,608,-0.9206697344779968
123.96000000000001,79.89077953218623,92.76797824087396,607,-1.0813795328140259
123.99000000000001,79.8958798986504,92.76871893815625,604,-1.23763108253479
124.02,79.90229607572681,92.77562350827777,605,-1.3892650604248047
124.05,79.90805026125527,92.79505478859868,603,-1.5361254215240479
124.08,79.9104604934635,92.82792418485084,607,-1.678062915802002
124.11,79.9141123442739,92.85143542239376,612,-1.814941167831421
124.14,79.91639656463965,92.87577174603207,607,-1.9476425647735596
124.17,79.9188199665823,92.91056166471557,606,-2.1093738079071045
124.2,79.92313042758748,92.94214181277611,605,-2.293978452682495
124.23,79.92905965625219,92.9588060718745,598,-2.4767143726348877
124.26,79.93698898793465,92.98114143633346,595,-2.6571807861328125
124.29,79.94732161669795,93.01056769374823,597,-2.835108757019043
124.32000000000001,79.95791007137622,93.01680095776467,596,-3.0102314949035645
124.35000000000001,79.96860207439407,93.0323053761515,596,-3.1822848320007324
124.38000000000001,79.97995630921297,93.05061849560502,592,-3.3510072231292725
124.41,79.99123492516809,93.08049352224972,601,-3.5161423683166504
124.44,80.00190008761142,93.10652993300458,599,-3.677436590194702
124.47,80.0119424880723,93.13222378244967,597,-3.834639310836792
124.5,80.02056260671573,93.17305668472332,596,-3.9858126640319824
124.53,80.02682371211178,93.21650036687866,593,-4.042538166046143
124.56,80.0367943072896,93.2536199376615,601,-4.066201686859131
124.59,80.04743412240917,93.28739686188608,606,-4.082749843597412
124.62,80.05774598695767,93.33145145944297,599,-4.093419551849365
124.65,80.06977536119949,93.3672542875692,598,-4.098371505737305
124.68,80.08187704088185,93.39085881522224,596,-4.0976433753967285
124.71000000000001,80.09049708090119,93.40898078350172,601,-4.091269493103027
124.74000000000001,80.0977447177956,93.42711425757658,602,-4.079318046569824
124.77,80.10765274382153,93.44495932243952,603,-4.062036991119385
124.8,80.11596377450952,93.45343558811255,592,-4.040717124938965
124.83,80.12412883617914,93.46678492061834,591,-4.021521091461182
124.86,80.13559978781602,93.48659470100802,585,-4.012209892272949
124.89,80.14456719902726,93.49725871731938,586,-4.00809383392334
124.92,80.15170182599194,93.5040104286659,590,-4.005032062530518
124.95,80.15645238412597,93.52205797508464,591,-4.002194404602051
124.98,80.1602096336231,93.54301795330097,579,-3.999422550201416
125.01,80.16319101646147,93.57207795289565,579,-3.99664044380188
125.04,80.15773160583888,93.61139624399674,583,-3.9937827587127686
125.07000000000001,80.14996317540191,93.65191441674085,579,-3.990776538848877
125.10000000000001,80.14346667574657,93.67773350421393,583,-3.987530469894409
125.13000000000001,80.13447407044589,93.68688357565297,585,-3.9839203357696533
125.16,80.1224417916026,93.681480503351,584,-3.9797611236572266
125.19,80.10537756554352,93.67335953244071,593,-3.974763870239258
125.22,80.08621122536455,93.65084634880286,595,-3.9684579372406006
125.25,80.06921314092413,93.62242665208353,592,-3.960078239440918
125.28,80.05459315200909,93.57610033988377,595,-3.948472738265991
125.31,80.04244337221564,93.52076548860049,595,-3.932218074798584
125.34,80.02905920296082,93.45402058128269,595,-3.9100747108459473
125.37,80.0165055548748,93.37789717953368,599,-3.881378650665283
125.4,80.00603664931253,93.30765486380714,600,-3.845930576324463
125.43,79.99028493027018,93.24366597910179,611,-3.8037047386169434
125.46000000000001,79.97289568280274,93.19791028864397,615,-3.754711866378784
125.49000000000001,79.95301748949089,93.17061898104039,616,-3.6989707946777344
125.52,79.93331010375609,93.13587764571731,613,-3.636504650115967
125.55,79.91579681942198,93.10100378520728,615,-3.567342758178711
125.58,79.90463151138206,93.07502800615431,610,-3.4915196895599365
125.61,79.88980282163915,93.06606088126188,614,-3.409076452255249
125.64,79.87656708345955,93.06061239559978,613,-3.3200600147247314
125.67,79.86015390053576,93.06253028263043,608,-3.2245259284973145
125.7,79.8424774433624,93.07494466503226,609,-3.1225366592407227
125.73,79.8264051766962,93.0931565025986,605,-3.0141613483428955
125.76,79.81521900214572,93.11374993933521,615,-2.899477481842041
125.79,79.8062232845935,93.14488497911685,611,-2.7785708904266357
125.82000000000001,79.80017403456431,93.16311378325648,615,-2.651535749435425
125.85000000000001,79.79694723919077,93.19738777214552,616,-2.5184743404388428
125.88000000000001,79.79673115248347,93.23718084561808,603,-2.3794984817504883
125.91,79.79566821381061,93.26975261562394,602,-2.234727382659912
125.94,79.79227513886934,93.2991495674533,602,-2.0840675830841064
125.97,79.78480082406658,93.32425414468061,607,-1.9016613960266113
126.0,79.77632231823975,93.34594414112729,611,-1.6863871812820435
126.03,79.76673014528852,93.36735884317913,602,-1.4721217155456543
126.06,79.75989186199031,93.37773491290196,607,-1.2592195272445679
126.09,79.75442818848626,93.36800589266954,607,-1.0478266477584839
126.12,79.75185879396768,93.35132311297805,616,-0.8380974531173706
126.15,79.75600197486347,93.32908215075354,615,-0.6301923990249634
126.18,79.7634070983387,93.29172250842561,609,-0.4242776930332184
126.21000000000001,79.76925931092525,93.23806125397856,612,-0.22052381932735443
126.24000000000001,79.77577678733307,93.1888254278337,614,-0.019104817882180214
126.27,79.78547660674126,93.13591474844904,610,0.17980219423770905
126.3,79.79943711811369,93.08882615625319,615,0.37601813673973083
126.33,79.81591905747008,93.04287132868723,613,0.5693630576133728
126.36,79.83269842463781,92.9908638544041,608,0.759657084941864
126.39,79.84842319859341,92.94134559558009,603,0.9467211365699768
126.42,79.86504649391122,92.90435126213781,605,1.1303778886795044
126.45,79.87885792032466,92.88007542801856,602,1.3104522228240967
126.48,79.88916585564111,92.86268742179237,605,1.4867719411849976
126.51,79.89915952247465,92.84063076998899,600,1.65916907787323
126.54,79.90887072778396,92.82490013762329,599,1.8274880647659302
126.57000000000001,79.91982713315268,92.81190983734953,601,1.9954986572265625
126.60000000000001,79.92933799075541,92.80213693268576,603,2.2093911170959473
126.63000000000001,79.93740549294982,92.79902136402328,608,2.4311492443084717
126.66,79.94404668846134,92.79704613235234,612,2.652803659439087
126.69,79.94945302786181,92.7930976830843,613,2.8740622997283936
126.72,79.95529632342105,92.79553551313437,611,3.0946292877197266
126.75,79.96141853841905,92.80868342270884,610,3.3142056465148926
126.78,79.96710206485172,92.81496567708581,613,3.532487630844116
126.81,79.97354662047042,92.81205815896547,618,3.749168872833252
126.84,79.97863552722451,92.81519596122016,624,3.963789224624634
126.87,79.97722579348488,92.82466935223763,626,4.085531711578369
126.9,79.97763174050507,92.84134378750745,619,4.171818733215332
126.93,79.97765347774143,92.88520025801942,617,4.252719402313232
126.96000000000001,79.97841829414989,92.93374430868509,618,4.328122138977051
126.99000000000001,79.98046991262082,92.99468224248734,617,4.397902965545654
127.02,79.98481352835839,93.04597792524692,603,4.461951732635498
127.05,79.98970697418973,93.08045996459894,610,4.520175933837891
127.08,79.99427781931317,93.13716581231053,605,4.572495460510254
127.11,80.00075452904606,93.19902526188925,607,4.6188459396362305
127.14,80.00737150999564,93.25881930852319,604,4.659176349639893
127.17,80.01383844774375,93.33225890429699,604,4.693449020385742
127.2,80.01963199685612,93.41095171825303,601,4.721639633178711
127.23,80.02800991020378,93.48177520958379,596,4.743733882904053
127.26,80.04125194402775,93.55062812232504,597,4.759730815887451
127.29,80.05338705397472,93.60502915198127,601,4.769640922546387
127.32000000000001,80.06481258814902,93.65659457775783,602,4.7734880447387695
127.35000000000001,80.07520031143905,93.71132158976357,604,4.77130651473999
127.38000000000001,80.08513618099319,93.76583791515576,604,4.763144016265869
127.41,80.09399596443818,93.81526098501223,613,4.749058723449707
127.44,80.10566491672692,93.85868722254608,615,4.729116916656494
127.47,80.11250982447989,93.89041533164244,617,4.703397750854492
127.5,80.1129554145664,93.91504757532556,625,4.671986103057861
127.53,80.11374339747961,93.92422854186329,622,4.634974956512451
127.56,80.11950644793565,93.92257217632675,620,4.592465400695801
127.59,80.12454768509626,93.92277938687485,634,4.544562816619873
127.62,80.12673065924461,93.91075983537877,632,4.491378307342529
127.65,80.12219171590272,93.89421227715877,631,4.433029651641846
127.68,80.11450791314255,93.8725089494001,627,4.369636058807373
127.71000000000001,80.10787125800206,93.84124429978604,625,4.301320552825928
127.74000000000001,80.10540721385361,93.78760609987371,623,4.228211402893066
127.77,80.10466194311199,93.72944401490254,615,4.150436878204346
127.8,80.10873014938062,93.6774705036667,609,4.06818151473999
127.83,80.11612474334446,93.63278844776421,606,3.9990851879119873
127.86,80.12158347068609,93.60357832842764,613,3.9859282970428467
127.89,80.12370033595361,93.56338168275616,613,3.9808664321899414
127.92,80.12733352899114,93.52449743336938,612,3.9758429527282715
127.95,80.12659032118879,93.49908115073997,608,3.9697251319885254
127.98,80.11820302205325,93.48049645542389,611,3.9617011547088623
128.01,80.11245067544318,93.4608082400597,610,3.9506571292877197
128.04,80.10952927054147,93.45263501884894,611,3.935180187225342
128.07,80.10400706900127,93.45692601326294,614,3.913966417312622
128.1,80.09271700754229,93.46182192051126,619,3.886268377304077
128.13,80.08454315375856,93.43811274040144,623,3.851853847503662
128.16,80.07249139801236,93.40430190512146,625,3.81070613861084
128.19,80.05765779771426,93.36316760828383,627,3.762856960296631
128.22,80.04478969311766,93.32729155619967,622,3.708348274230957
128.25,80.03101880565266,93.30050524132862,621,3.6472299098968506
128.28,80.01357696941004,93.29250587057884,628,3.579557418823242
128.31,79.99888041027027,93.28509481089847,623,3.5053927898406982
128.34,79.98324143435951,93.27416108084772,625,3.4248058795928955
128.37,79.96687133182166,93.25493815794361,625,3.337874174118042
128.4,79.95447954703137,93.25716295110135,629,3.244682788848877
128.43,79.94272428393562,93.26416930635965,636,3.145324468612671
128.46,79.93083230747315,93.27693828866036,636,3.0399019718170166
128.49,79.9187917515974,93.29054427644856,636,2.9285244941711426
128.52,79.9059098122103,93.29638898468392,631,2.8113112449645996
128.55,79.8952602880927,93.30658076790215,623,2.6883926391601562
128.58,79.88644643864251,93.31827566934486,620,2.559907913208008
128.61,79.87688637864021,93.31568832224869,622,2.4260101318359375
128.64000000000001,79.86966534964395,93.29508929542692,620,2.286860466003418
128.67000000000002,79.8658127605266,93.2668111408149,624,2.142611503601074
128.7,79.8641132096367,93.24381653192054,622,1.9863781929016113
128.73,79.85905347470549,93.23801770059228,621,1.780380129814148
128.76,79.85503650905017,93.22341844574882,613,1.5714598894119263
128.79,79.85479147146941,93.19478855345349,612,1.3644908666610718
128.82,79.85778437592316,93.1594260495475,614,1.1596407890319824
128.85,79.86042812856226,93.1297874570876,609,0.9570804238319397
128.88,79.86475695376808,93.10239557784392,613,0.7569841146469116
128.91,79.87379074620021,93.0805657593585,614,0.5595288276672363
128.94,79.88179001160181,93.0712955663937,614,0.3648933470249176
128.97,79.88789421866456,93.06530967069615,614,0.17325684428215027
129.0,79.8947575540022,93.06290429871129,613,-0.015201779082417488
129.03,79.90014610792723,93.05414705948803,622,-0.20030477643013
129.06,79.90465843250061,93.04791261725568,619,-0.38187626004219055
129.09,79.90959030917705,93.05167631353311,618,-0.5597429275512695
129.12,79.9149773277162,93.05670886540791,622,-0.7337343692779541
129.15,79.92098137801182,93.07094286450433,618,-0.9036821126937866
129.18,79.92390609579336,93.08290210961583,615,-1.0694191455841064
129.21,79.9254960759302,93.0880501403965,620,-1.2307804822921753
129.24,79.93350709631032,93.08857006712633,623,-1.3876031637191772
129.27,79.93605112691165,93.09824374543531,620,-1.5397274494171143
129.3,79.93352392147148,93.11137508731908,616,-1.6869961023330688
129.33,79.92955393475997,93.10119139893038,610,-1.8292666673660278
129.36,79.92882114106018,93.08226864652917,612,-1.9684150218963623
129.39000000000001,79.93039121579883,93.06739357475485,613,-2.1445226669311523
129.42000000000002,79.93502955898309,93.05270600918196,614,-2.3355062007904053
129.45,79.94499480025011,93.03689643723598,617,-2.524658203125
129.48,79.95635565429241,93.03508658438142,619,-2.7116549015045166
129.51,79.96387798130219,93.05538932791247,613,-2.8962044715881348
129.54,79.97351680223363,93.08446430149579,616,-3.078017234802246
129.57,79.98657431238445,93.10255185065455,609,-3.2568089962005615
129.6,79.9949016848361,93.12162142837019,615,-3.432297945022583
129.63,79.9996775829649,93.12771837980573,610,-3.604210376739502
129.66,80.00216616289224,93.1453282260171,607,-3.7722766399383545
129.69,80.0018004837224,93.18037167388509,598,-3.9362049102783203
129.72,79.99950698064134,93.23009957753261,592,-4.037137031555176
129.75,79.99894935624229,93.30138673633083,592,-4.072606563568115
129.78,80.00350678603111,93.36816861297278,588,-4.100297927856445
129.81,80.00902043344,93.43175000277037,599,-4.122023582458496
129.84,80.01458204357641,93.48329876210664,599,-4.137867450714111
129.87,80.02224310796814,93.5344955854955,601,-4.147821426391602
129.9,80.02847608917592,93.59670163975771,605,-4.151882171630859
129.93,80.0268565907699,93.6661989279315,605,-4.150056838989258
129.96,80.02160164998078,93.72862242298154,603,-4.142367839813232
129.99,80.0166348727927,93.78356674530113,591,-4.128848075866699
130.02,80.01449953916297,93.83255494054129,584,-4.109548091888428
130.05,80.01606180903858,93.8985616804723,589,-4.08455753326416
130.08,80.0208038658277,93.95001039201217,594,-4.054333686828613
130.11,80.02954820790691,94.0032256019654,591,-4.02376127243042
130.14000000000001,80.03797955420303,94.04545990516444,601,-4.009034156799316
130.17000000000002,80.04592143540269,94.08638805407598,599,-4.004570007324219
130.2,80.05185392441386,94.12620287818271,598,-4.001560688018799
130.23,80.05587548454845,94.16451287948799,605,-3.998701333999634
130.26,80.05764692107076,94.20228886927762,614,-3.995821714401245
130.29,80.05929420727287,94.23462754054843,623,-3.992841958999634
130.32,80.06139387188706,94.2453547127464,619,-3.989677667617798
130.35,80.06843053978558,94.24678619312905,615,-3.9862191677093506
130.38,80.07408620378317,94.252032239746,614,-3.9823129177093506
130.41,80.08068911910404,94.24950214522819,615,-3.9777233600616455
130.44,80.08718859416908,94.25262932657043,616,-3.9720730781555176
130.47,80.0910118405347,94.24400540254994,619,-3.9647390842437744
130.5,80.09368840808021,94.2097604091128,615,-3.954730272293091
130.53,80.09822111470069,94.18157291091092,617,-3.940669298171997
130.56,80.10424792649606,94.15470002037485,616,-3.9211137294769287
130.59,80.10342951142758,94.11281625917118,616,-3.8950884342193604
130.62,80.10173117886029,94.06460120845945,615,-3.8622183799743652
130.65,80.10102412250636,94.01156609026178,613,-3.822436571121216
130.68,80.09711144398405,93.95402869780641,619,-3.7757534980773926
130.71,80.09089273578302,93.8945500111483,621,-3.7221922874450684
130.74,80.0828058381682,93.8431282331522,618,-3.66178035736084
130.77,80.07516628636904,93.7970288587883,619,-3.5945498943328857
130.8,80.06361512391003,93.76303326514937,626,-3.5205368995666504
130.83,80.04993648056214,93.74854677702712,623,-3.4397833347320557
130.86,80.03526794811586,93.73110490321521,619,-3.3523359298706055
130.89000000000001,80.02355401616127,93.6840237448279,625,-3.2582480907440186
130.92000000000002,80.01422155635112,93.64013738073987,620,-3.1575801372528076
130.95,80.00393979138875,93.59981319680173,615,-3.0504000186920166
130.98,79.99092926593717,93.55140427750976,606,-2.9367804527282715
131.01,79.97674439115991,93.49569285344447,599,-2.8168046474456787
131.04,79.96404902874343,93.4357763870189,596,-2.6905624866485596
131.07,79.95335214214325,93.3908781524421,596,-2.5581517219543457
131.1,79.94208223261296,93.36856604412644,605,-2.4196786880493164
131.13,79.93112402176753,93.35830937818046,604,-2.275258779525757
131.16,79.92034693267553,93.35204073241769,607,-2.1249749660491943
131.19,79.91064421896081,93.33809555956174,612,-1.9561517238616943
131.22,79.90160003881068,93.31954603359158,610,-1.7405214309692383
131.25,79.8927223920757,93.30557070734902,610,-1.5243449211120605
131.28,79.88304677898307,93.30513133494937,617,-1.3094052076339722
131.31,79.87300273689327,93.31319784894808,619,-1.0958421230316162
131.34,79.86304308915521,93.318741936955,620,-0.8838036060333252
131.37,79.85645824366235,93.33103288845254,618,-0.6734447479248047
131.4,79.85256452909579,93.3298362110152,617,-0.46492770314216614
131.43,79.84910807651842,93.32481081518296,615,-0.2584201991558075
131.46,79.84526254887744,93.31702797579061,616,-0.05409505218267441
131.49,79.84014926841054,93.3162640977487,622,0.1478707492351532
131.52,79.83485672583122,93.3149396644542,626,0.347297340631485
131.55,79.82997079029084,93.31293449765086,626,0.5440029501914978
131.58,79.82445367543897,93.32360882518444,632,0.7378049492835999
131.61,79.82243457793304,93.33327900009301,636,0.9285207390785217
131.64000000000001,79.82329650652638,93.33615014386892,630,1.1159688234329224
131.67000000000002,79.82463738604622,93.33716577108616,630,1.299968957901001
131.7,79.82795196722951,93.34333802512405,629,1.4803434610366821
131.73,79.83499174455535,93.3397795256711,631,1.6569181680679321
131.76,79.84371614798633,93.32913078863253,633,1.829530954360962
131.79,79.85392698443908,93.31825465096215,631,2.00270938873291
131.82,79.86447383022923,93.30145635398894,630,2.222851276397705
131.85,79.87576378724454,93.28234259988756,628,2.449589490890503
131.88,79.8844173314804,93.26775324466436,621,2.6764416694641113
131.91,79.89609732860822,93.25838947575673,621,2.903110980987549
131.94,79.91028333902378,93.25664703426912,621,3.129298210144043
131.97,79.92188001814166,93.25029908734605,629,3.354701519012451
132.0,79.9311094790554,93.24538013133268,621,3.5790154933929443
132.03,79.94336262005531,93.23461013308291,623,3.8019304275512695
132.06,79.95750090006761,93.22770860076591,620,4.015135288238525
132.09,79.96914180591835,93.22295038892129,617,4.11725378036499
132.12,79.98319185819501,93.21924400498469,619,4.209318161010742
132.15,79.99981754341476,93.21720911870179,616,4.296041488647461
132.18,80.01480370891505,93.22909707198595,618,4.377283573150635
132.21,80.03101747274357,93.2502235362585,615,4.452914237976074
132.24,80.04087392449284,93.2806826103069,617,4.522811412811279
132.27,80.04570447524559,93.31981324800462,614,4.586864471435547
132.3,80.0488842815421,93.37294824935084,611,4.6449761390686035
132.33,80.05059132615536,93.42280137252526,612,4.697065353393555
132.36,80.05207164103285,93.47081577646168,613,4.7430620193481445
132.39000000000001,80.04861339853544,93.51731987237415,619,4.7829132080078125
132.42000000000002,80.04687692186593,93.58110377704439,618,4.816577434539795
132.45,80.05180987220228,93.64691470564507,615,4.844030380249023
132.48,80.0574478790299,93.70420158815826,614,4.86525821685791
132.51,80.06065223812496,93.75481058409822,621,4.880263328552246
132.54,80.06076229342341,93.81899370733755,614,4.889060974121094
132.57,80.06314093843177,93.8857322150649,613,4.8916754722595215
132.6,80.06421311028261,93.95613776738332,616,4.888145923614502
132.63,80.0658222414326,94.01880490676079,616,4.878520488739014
132.66,80.07233020507272,94.08577472828411,621,4.862860202789307
132.69,80.08035051436377,94.13574094427655,621,4.8412346839904785
132.72,80.08065939265977,94.16840436714392,623,4.813724040985107
132.75,80.08145314232353,94.20383566085933,614,4.780418395996094
132.78,80.08436695985345,94.23644190170317,608,4.741413116455078
132.81,80.08340739747574,94.26009125590268,601,4.696813106536865
132.84,80.08394535917657,94.27924968982148,596,4.646728992462158
132.87,80.08364727050022,94.30953045039176,596,4.591277122497559
132.9,80.08266385644971,94.33752708400647,590,4.530579566955566
132.93,80.0802148041267,94.36423981700223,592,4.464763641357422
132.96,80.07805970397389,94.37936653441098,599,4.393960475921631
132.99,80.07741961527408,94.38450766349158,598,4.318305492401123
133.02,80.07689895086249,94.376011599218,596,4.2379350662231445
133.05,80.07411594787698,94.37831038847474,600,4.152990341186523
133.08,80.06984627892633,94.37038484986925,602,4.063677787780762
133.11,80.06792814445686,94.35791291877315,606,3.994389772415161
133.14000000000001,80.06995174996219,94.33977609918358,609,3.9819247722625732
133.17000000000002,80.07127419291358,94.31757089447869,615,3.9758288860321045
133.2,80.07098344257109,94.29463753603487,615,3.9693281650543213
133.23,80.06794727647245,94.27386058190436,615,3.960968017578125
133.26,80.0618830551434,94.26570562032722,617,3.949470043182373
133.29,80.05608602963852,94.26971228612777,626,3.933358907699585
133.32,80.05350411082985,94.27517396329742,627,3.9113428592681885
133.35,80.05358357383389,94.27240114420981,634,3.8827271461486816
133.38,80.05191410575956,94.27405001607048,636,3.847313404083252
133.41,80.05103790182326,94.27717160273542,628,3.8050942420959473
133.44,80.05575303618733,94.27757110133604,629,3.7561025619506836
133.47,80.05565880639543,94.2640259983165,624,3.700380802154541
133.5,80.05191593128013,94.25497221361023,621,3.637977123260498
133.53,80.04664042562383,94.24782563454204,621,3.56894588470459
133.56,80.03816432867367,94.2342156354725,618,3.4933485984802246
133.59,80.03035104989925,94.21634728840367,619,3.4112532138824463
133.62,80.02198548013578,94.18510576543255,620,3.3227357864379883
133.65,80.00877396093479,94.15027218621843,624,3.227879524230957
133.68,79.99766820104492,94.1083503846829,618,3.1267764568328857
133.71,79.98817917751113,94.06581816653024,618,3.0195255279541016
133.74,79.97859269520576,94.02313848639729,621,2.9062352180480957
133.77,79.96603105126897,93.97576755149447,626,2.787022113800049
133.8,79.95542822323046,93.91678217763703,627,2.662012815475464
133.83,79.94978640370799,93.85055734014786,627,2.531343698501587
133.86,79.94693434227017,93.80136870383541,633,2.3951609134674072
133.89000000000001,79.94361742052862,93.76189409417495,628,2.253622531890869
133.92000000000002,79.93818535231887,93.72486829255399,625,2.1068062782287598
133.95,79.93436383660412,93.67919126731739,629,1.937196135520935
133.98,79.93217138663034,93.62186430710761,634,1.7261990308761597
134.01,79.92968817524375,93.56400331157029,631,1.5160760879516602
134.04,79.9261780224217,93.48956431916102,621,1.3078280687332153
134.07,79.92079457263699,93.41427034607628,625,1.1016241312026978
134.1,79.91281686495135,93.33725979074161,622,0.897639274597168
134.13,79.90572768112767,93.2665236531546,624,0.6960514187812805
134.16,79.90142328672457,93.21431355356849,623,0.49704182147979736
134.19,79.89531966879352,93.16285545913338,618,0.3007930517196655
134.22,79.89186034095108,93.11753273946411,621,0.10748863220214844
134.25,79.88858252584802,93.06770147129414,628,-0.0826883390545845
134.28,79.88621590760124,93.02513365212464,630,-0.2695557177066803
134.31,79.88364630431722,92.9987046859719,633,-0.45293325185775757
134.34,79.88547341539356,92.99056109425044,630,-0.6326431632041931
134.37,79.88638044090631,92.97594773767841,633,-0.8085108399391174
134.4,79.8887788748993,92.97112087264938,638,-0.9803645610809326
134.43,79.8928213353529,92.96976602279256,636,-1.1480354070663452
134.46,79.89893467427589,92.96840405950226,636,-1.311356782913208
134.49,79.90531048306894,92.96519221474253,639,-1.4701651334762573
134.52,79.91195682654387,92.96309498154065,641,-1.6243014335632324
134.55,79.9170613270247,92.98539861733245,635,-1.7736093997955322
134.58,79.91853292158441,93.02571508097931,628,-1.918243169784546
134.61,79.92121846572239,93.07281412361161,626,-2.082864761352539
134.64000000000001,79.92656413086571,93.12660075720432,624,-2.279933214187622
134.67000000000002,79.92697025620518,93.1828122294484,624,-2.4758870601654053
134.7,79.92820554914694,93.22548042484448,620,-2.6700475215911865
134.73,79.92994884124877,93.26304694443462,622,-2.8621065616607666
134.76,79.93355613065047,93.30515362392757,621,-3.051757335662842
134.79,79.9364947529527,93.35627399606702,615,-3.238694429397583
134.82,79.93835207061436,93.39940804308006,613,-3.4226176738739014
134.85,79.94351175390295,93.448401182781,616,-3.6032307147979736
134.88,79.9502113395468,93.49034228315686,618,-3.7802436351776123
134.91,79.95560841293401,93.53336154177376,619,-3.9532713890075684
134.94,79.96117429876436,93.57022059205649,615,-4.048076152801514
134.97,79.96932858179328,93.59064140056063,616,-4.091353416442871
135.0,79.9771886480127,93.61761320865097,619,-4.127978801727295
135.03,79.98373539311336,93.64835059823506,614,-4.158634185791016
135.06,79.9883116248989,93.67856343571435,609,-4.1832990646362305
135.09,79.98992811966325,93.71397120502523,608,-4.201941967010498
135.12,79.99319938369884,93.75240213688654,618,-4.2145466804504395
135.15,79.99483097104721,93.77939940678223,628,-4.221109390258789
135.18,80.002012347721,93.80544431704323,630,-4.221639633178711
135.21,80.00771305329194,93.83796736324442,627,-4.216158866882324
135.24,80.01368024698233,93.87465763221168,626,-4.204700946807861
135.27,80.02237934836799,93.91997509485539,617,-4.18731164932251
135.3,80.032441387195,93.95528806948522,617,-4.1640448570251465
135.33,80.04272139089713,93.98663464730603,618,-4.134967803955078
135.36,80.0542137998022,94.01331244402998,618,-4.100165843963623
135.39000000000001,80.06363256606336,94.03736487599582,613,-4.059934616088867
135.42000000000002,80.0715890622056,94.05143785017337,608,-4.019994735717773
135.45,80.07588956151815,94.06094814103493,614,-4.0042548179626465
135.48,80.08011987911578,94.06536663221269,620,-4.000222206115723
135.51,80.08217561304569,94.07977330369874,615,-3.9972383975982666
135.54,80.07926281162379,94.0872458349621,614,-3.9942567348480225
135.57,80.07215582688318,94.08339211535264,610,-3.9911324977874756
135.6,80.06915526094024,94.0694681573013,606,-3.987760305404663
135.63,80.06520890788154,94.06374617565078,596,-3.984002113342285
135.66,80.05814386281762,94.05207200088073,590,-3.979651927947998
135.69,80.05291725317802,94.07120916669619,590,-3.9743852615356445
135.72,80.05364994895912,94.10829297233651,595,-3.967667818069458
135.75,80.05634121518105,94.13757981865989,598,-3.9586265087127686
135.78,80.05914465871382,94.17702248670568,597,-3.945967435836792
135.81,80.0596114545862,94.22999740563115,601,-3.928168773651123
135.84,80.05548487527992,94.28775328087683,609,-3.904026508331299
135.87,80.05163311386163,94.33499328548793,611,-3.872985363006592
135.9,80.04957551161058,94.38285576323749,619,-3.834916591644287
135.93,80.04422220362743,94.42403871087036,625,-3.789827346801758
135.96,80.03743232756918,94.43798206150866,629,-3.737746477127075
135.99,80.02662308129267,94.45319439315708,630,-3.678708791732788
136.02,80.01361433557913,94.48289614780087,631,-3.6127517223358154
136.05,79.99605518759995,94.50532194178547,632,-3.5399153232574463
136.08,79.9830739206269,94.51200719208454,628,-3.4602456092834473
136.11,79.97117186395067,94.51999274400067,624,-3.373791456222534
136.14000000000001,79.95932713093192,94.51256739310861,619,-3.2806077003479004
136.17000000000002,79.95233781985429,94.47963070759548,625,-3.180755376815796
136.2,79.94280838804262,94.45014521827851,621,-3.074300765991211
136.23,79.93232480789598,94.42610244411881,624,-2.961317777633667
136.26,79.9229925537241,94.3896910676822,623,-2.841886520385742
136.29,79.9173925871788,94.36945543432061,619,-2.716094970703125
136.32,79.91419215002162,94.34783391260449,623,-2.5840377807617188
136.35,79.90961724156905,94.32280975787737,622,-2.4458189010620117
136.38,79.90747655883517,94.28062130269156,619,-2.301548719406128
136.41,79.90594443593763,94.25295454377064,620,-2.151334762573242
136.44,79.90314322274808,94.22569015508819,613,-1.9890170097351074
136.47,79.90068253065598,94.17675939815356,610,-1.7754653692245483
136.5,79.9017426603739,94.10057498366338,612,-1.5579535961151123
136.53,79.90328811214309,94.02935922275434,615,-1.3415921926498413
136.56,79.90282366804841,93.97089705340339,618,-1.126519799232483
136.59,79.90029676187933,93.92500172985709,615,-0.9128809571266174
136.62,79.90040207229461,93.87482419312573,613,-0.7008277177810669
136.65,79.89501374930425,93.83082382959446,617,-0.490518182516098
136.68,79.88892125779289,93.78580403437982,622,-0.2821159362792969
136.71,79.88621411651485,93.75664511978377,627,-0.07578825950622559
136.74,79.88257152081813,93.72449404157177,628,0.12829378247261047
136.77,79.87452019740516,93.68612441042832,628,0.32995545864105225
136.8,79.86579802636368,93.64261144641091,630,0.5290188789367676
136.83,79.85957966834548,93.60440795196337,629,0.7253041863441467
136.86,79.85598967173489,93.56758007931629,636,0.9186304807662964
136.89000000000001,79.85355963869388,93.53141100904286,634,1.1088166236877441
136.92000000000002,79.84937012281982,93.50077585966561,635,1.295682430267334
136.95000000000002,79.8451305351115,93.47301933039098,634,1.4790493249893188
136.98,79.84133569438593,93.43550531862246,637,1.658740758895874
137.01,79.84041476211777,93.39288423971496,644,1.8345937728881836
137.04,79.84079069048335,93.36315435615424,641,2.0124025344848633
137.07,79.84517585666669,93.35328439465447,642,2.2379262447357178
137.1,79.85077438512776,93.35714234673884,641,2.4686508178710938
137.13,79.85537811367453,93.36475038496125,644,2.6997005939483643
137.16,79.86439596587023,93.37099255352437,646,2.930773973464966
137.19,79.87289693178779,93.37881758158207,644,3.161567449569702
137.22,79.87766550495151,93.38501346205663,643,3.3917739391326904
137.25,79.88425784717641,93.396198181856,639,3.6210825443267822
137.28,79.8935993254548,93.41225270613523,636,3.8491790294647217
137.31,79.90394725862265,93.41882936122299,632,4.0439252853393555
137.34,79.91275818531898,93.42119063720712,641,4.146526336669922
137.37,79.92215628103028,93.43162529793133,637,4.243371963500977
137.4,79.93312846818631,93.44159785176673,638,4.3349175453186035
137.43,79.94540852307,93.45439418482809,633,4.421025276184082
137.46,79.95765108733347,93.46622482530375,631,4.501565456390381
137.49,79.9666128094676,93.48116798252352,631,4.576418876647949
137.52,79.97426155120735,93.48645720378947,633,4.645474433898926
137.55,79.98438012477214,93.48511729999225,636,4.708632469177246
137.58,79.99404430377852,93.48260504815319,637,4.765803813934326
137.61,80.0013471777365,93.48683298970924,633,4.8169121742248535
137.64000000000001,80.00617234478788,93.5030051580614,634,4.861892223358154
137.67000000000002,80.00950299723705,93.52168311638924,629,4.900691509246826
137.70000000000002,80.0156504948241,93.54175998039926,629,4.933269500732422
137.73,80.02081066474463,93.57370690999093,632,4.959597587585449
137.76,80.02743763954736,93.60556104724292,633,4.979661464691162
137.79,80.03147432226943,93.63597796958062,629,4.9934611320495605
137.82,80.03164131541345,93.67696559933268,630,5.001008033752441
137.85,80.03082339947628,93.71285946276498,626,5.0023274421691895
137.88,80.03132622952306,93.75672362516508,630,4.997456073760986
137.91,80.03221843398178,93.80446867418662,632,4.986441135406494
137.94,80.03531055974281,93.8663220988616,634,4.969340801239014
137.97,80.0348591852143,93.93115927681212,634,4.946223258972168
138.0,80.03424340466104,93.9954636412799,633,4.917168140411377
138.03,80.03717998501732,94.06213049040363,639,4.882262229919434
138.06,80.04256748829388,94.12551251588037,637,4.841602325439453
138.09,80.05298508684508,94.17782601601216,633,4.795290946960449
138.12,80.06468528532669,94.22651105610298,632,4.743440628051758
138.15,80.07773384741687,94.26850026199071,623,4.686168670654297
138.18,80.0934020141373,94.30407321814995,616,4.623597621917725
138.21,80.11023517986168,94.33033770327307,617,4.5558552742004395
138.24,80.12309125267964,94.37276262788879,615,4.483072757720947
138.27,80.1350218830621,94.42630196624079,610,4.405389308929443
138.3,80.14641922561374,94.46644981970796,618,4.322944641113281
138.33,80.15124233349854,94.4807993521983,618,4.235882759094238
138.36,80.15282288911774,94.5056601218197,613,4.144349098205566
138.39000000000001,80.1558706018788,94.54665872286807,608,4.048694610595703
138.42000000000002,80.15916428758713,94.57542207450834,608,3.988316297531128
138.45000000000002,80.15681421735228,94.59154658853285,605,3.9772531986236572
138.48,80.14966464440494,94.6010745596151,609,3.9698336124420166
138.51,80.14134171665295,94.61678240095469,603,3.961153745651245
138.54,80.13315995256545,94.63784044851614,606,3.949444532394409
138.57,80.12309187392145,94.66322863166293,600,3.93310284614563
138.6,80.11487135337588,94.68105464772036,592,3.9108006954193115
138.63,80.10933096487024,94.68895627415353,592,3.881840705871582
138.66,80.10280405558073,94.70143503173259,599,3.8460302352905273
138.69,80.09728571647243,94.69066290147832,603,3.8033640384674072
138.72,80.090819629885,94.67120877364653,610,3.753875970840454
138.75,80.08492531763342,94.65876590208318,619,3.69760799407959
138.78,80.08087877552731,94.6339585461579,619,3.6346070766448975
138.81,80.07111867752151,94.58437082257498,623,3.564927101135254
138.84,80.0602654243564,94.5416866382521,621,3.4886279106140137
138.87,80.04788559040264,94.50093245520372,626,3.4057772159576416
138.9,80.0333298425375,94.46298619812964,626,3.316448211669922
138.93,80.0160796817587,94.42828097946497,635,3.2207226753234863
138.96,80.00280058634016,94.38602630233932,633,3.1186904907226562
138.99,79.98850049662337,94.34020010754494,631,3.010448694229126
139.02,79.97479998704704,94.29349189931177,637,2.896103858947754
139.05,79.95995402147949,94.26940131863437,639,2.7757701873779297
139.08,79.94491837290246,94.26676171876717,644,2.649570941925049
139.11,79.9320099856673,94.2547272015066,638,2.517639398574829
139.14000000000001,79.9191096301174,94.24277210191018,638,2.3801209926605225
139.17000000000002,79.90540622164217,94.21441548439057,642,2.237169027328491
139.20000000000002,79.89659235352599,94.1847766683183,649,2.0887603759765625
139.23,79.88938172508256,94.15871201916264,649,1.9110498428344727
139.26,79.88128930961332,94.13828663363117,647,1.6986712217330933
139.29,79.87668755175015,94.11648784975958,643,1.4876244068145752
139.32,79.87029152129914,94.08085468272783,639,1.278382658958435
139.35,79.86059354263044,94.02964056290242,629,1.07111394405365
139.38,79.85187633464518,93.96680149113025,631,0.865992546081543
139.41,79.84353248135638,93.92006546598338,627,0.66319739818573
139.44,79.8380371500387,93.8789936100813,625,0.46291086077690125
139.47,79.8338934024693,93.8285741207888,627,0.2653176784515381
139.5,79.83155683690067,93.77127225578481,628,0.07060348242521286
139.53,79.82848530307379,93.72214341343238,628,-0.12104583531618118
139.56,79.82913105295222,93.6708279425971,626,-0.30944541096687317
139.59,79.83264567128674,93.61551433935713,623,-0.4944119453430176
139.62,79.84198118651564,93.5591582252705,625,-0.6757646203041077
139.65,79.85236259302356,93.49163626661449,621,-0.8533254861831665
139.68,79.86494938051567,93.43317853016256,623,-1.0269196033477783
139.71,79.87756765926241,93.38389908598909,624,-1.196374773979187
139.74,79.88682057787749,93.34176090133462,627,-1.3615211248397827
139.77,79.89530077636167,93.30260280813275,623,-1.522192120552063
139.8,79.90032324706658,93.24668129635229,628,-1.6782245635986328
139.83,79.90648518104331,93.19112345174022,630,-1.8294703960418701
139.86,79.91050653280345,93.14280846750707,627,-1.9784044027328491
139.89000000000001,79.91493147023631,93.10565909192346,627,-2.1680989265441895
139.92000000000002,79.91808136030812,93.08472393179507,628,-2.3693745136260986
139.95000000000002,79.92023228218784,93.07905276371268,624,-2.5692663192749023
139.98,79.92290074420076,93.08090576304731,623,-2.767455577850342
140.01,79.92453627073202,93.09831022944425,626,-2.963632345199585
140.04,79.92542192918998,93.11598265260069,627,-3.1574859619140625
140.07,79.92588657420774,93.13128167289393,623,-3.348707437515259
140.1,79.93077912016764,93.15819983805277,631,-3.536987066268921
140.13,79.9373832088594,93.19367560681232,629,-3.722017526626587
140.16,79.94548136707724,93.2362468664068,636,-3.903491973876953
140.19,79.95772058274326,93.28716088388764,634,-4.037220478057861
140.22,79.96891767439554,93.34751602664674,636,-4.090419769287109
140.25,79.97597193508877,93.39528086899384,635,-4.136157512664795
140.28,79.97870505285061,93.43878371272389,633,-4.17589807510376
140.31,79.98351220349396,93.47793539740424,632,-4.20959997177124
140.34,79.98804090110784,93.53012057035268,633,-4.237215042114258
140.37,79.99237407953215,93.59673489791902,628,-4.2587103843688965
140.4,79.99654192119868,93.65186172979358,631,-4.274068355560303
140.43,79.99836357493373,93.70213746724231,632,-4.283283710479736
140.46,80.00114298093706,93.75858100939067,628,-4.2863664627075195
140.49,80.00293636724932,93.82082868116028,624,-4.283335208892822
140.52,80.00341031464963,93.87695384084732,630,-4.274224758148193
140.55,80.00469105139135,93.91717231614432,631,-4.259077072143555
140.58,80.00747712241044,93.96153332832945,636,-4.237947940826416
140.61,80.0140544339989,94.0062346151087,630,-4.210899829864502
140.64000000000001,80.0214315868292,94.05738449331676,636,-4.178006649017334
140.67000000000002,80.02944104577412,94.10170201099767,633,-4.139353275299072
140.70000000000002,80.0346007598256,94.14777299181384,628,-4.095042705535889
140.73,80.04223283445181,94.19691179964197,624,-4.045740604400635
140.76,80.05381079746063,94.25979592239808,629,-4.007654666900635
140.79,80.06678086319889,94.33681072010502,630,-3.999229669570923
140.82,80.07698208659343,94.41714706912082,621,-3.995905876159668
140.85,80.08520154000186,94.48964106326603,628,-3.992811441421509
140.88,80.08985371614614,94.54937710282671,622,-3.98954439163208
140.91,80.09172554020729,94.60539700228229,620,-3.985964298248291
140.94,80.09562908999425,94.65942525724563,611,-3.9818990230560303
140.97,80.09631004073367,94.70261809355809,614,-3.977083444595337
141.0,80.09348885626883,94.7602070368328,617,-3.971088409423828
141.03,80.09033161496157,94.83168478528717,614,-3.9632036685943604
141.06,80.0884606199144,94.88737646490766,610,-3.9523093700408936
141.09,80.08603734744676,94.92005447340512,609,-3.9369099140167236
141.12,80.08598164006295,94.94101563660621,606,-3.9155633449554443
141.15,80.08337592482538,94.96253798666618,608,-3.8874106407165527
141.18,80.08674132932826,94.96787698575315,599,-3.852175235748291
141.21,80.0904627896487,94.96352080614703,596,-3.8098273277282715
141.24,80.09573312039947,94.9352060606904,593,-3.760392427444458
141.27,80.1008925300398,94.91023411139119,591,-3.703904628753662
141.3,80.10514067522293,94.88866073278088,596,-3.6404051780700684
141.33,80.11215064849961,94.84346731068338,597,-3.5699386596679688
141.36,80.11773120125659,94.78769845087031,599,-3.4925537109375
141.39000000000001,80.11982949094302,94.74969262523321,603,-3.4083025455474854
141.42000000000002,80.11655284559731,94.71234780510159,602,-3.3172426223754883
141.45000000000002,80.1071688026494,94.68269088118674,605,-3.219435930252075
141.48,80.09317517513468,94.65106507185781,608,-3.1149492263793945
141.51,80.07941875780134,94.62038300378849,616,-3.0038554668426514
141.54,80.06483056635156,94.58283522158015,620,-2.886234760284424
141.57,80.05022312582487,94.54237609748613,623,-2.762172222137451
141.6,80.03474821575166,94.50103585820321,617,-2.631761312484741
141.63,80.01384529543985,94.46006594270811,614,-2.4951016902923584
141.66,79.98882112216964,94.42663672925072,612,-2.352301836013794
141.69,79.96400665068985,94.39255844114516,614,-2.2034754753112793
141.72,79.93860664043588,94.35160842015152,618,-2.047834634780884
141.75,79.91888530163477,94.32731404321827,622,-1.8484734296798706
141.78,79.90309061392888,94.29762850190804,625,-1.6298807859420776
141.81,79.89440694016835,94.27127960659806,622,-1.4123308658599854
141.84,79.8897094719749,94.2389269432723,630,-1.195986270904541
141.87,79.88505494533825,94.20990636320697,638,-0.9809874296188354
141.9,79.87873451921821,94.19066904891307,629,-0.767482578754425
141.93,79.87036096775694,94.19056900960273,629,-0.5556266903877258
141.96,79.85944210342267,94.20668027527938,634,-0.3455802798271179
141.99,79.85255518033702,94.23414420819638,634,-0.1375083029270172
142.02,79.84713229853041,94.2524413622505,631,0.06842084228992462
142.05,79.84274197894689,94.2526578653878,622,0.27203595638275146
142.08,79.840421279585,94.23402426421382,619,0.4731639623641968
142.11,79.83630582838697,94.20029406046393,624,0.6716302633285522
142.14000000000001,79.8308329030391,94.1505268152017,627,0.86725914478302
142.17000000000002,79.82512343457158,94.09766577015563,623,1.0598738193511963
142.20000000000002,79.82128663051672,94.04426705220112,626,1.24929678440094
142.23,79.81805940399495,93.99152138203593,629,1.4353512525558472
142.26,79.81865340862416,93.93887432464567,633,1.6178616285324097
142.29,79.8226343106975,93.8697644869214,635,1.7966567277908325
142.32,79.8270346275411,93.79851448334603,635,1.9733511209487915
142.35,79.82930728614384,93.7345190740869,628,2.19319748878479
142.38,79.83472635583564,93.6704449787873,627,2.4263522624969482
142.41,79.84150157450668,93.60519649696961,633,2.6600615978240967
142.44,79.85117273224859,93.54984810081793,625,2.8940231800079346
142.47,79.85720454665486,93.49680614659397,624,3.127931833267212
142.5,79.86254185120238,93.44193614898842,631,3.361480236053467
142.53,79.86593483112212,93.38613364251998,636,3.594355344772339
142.56,79.87162954948977,93.34023359275778,642,3.8262417316436768
142.59,79.87697654644629,93.30902434890264,644,4.034923553466797
142.62,79.88263737299694,93.2911019584088,649,4.142515659332275
142.65,79.88617338844793,93.28013416731568,650,4.243858337402344
142.68,79.89125244515236,93.28366951342804,649,4.339970588684082
142.71,79.897933590666,93.29134135299422,654,4.430709362030029
142.74,79.90529414084375,93.29719180259217,650,4.515944004058838
142.77,79.91151841796744,93.31026952900085,651,4.595554351806641
142.8,79.91588595017771,93.32445593886018,651,4.66942834854126
142.83,79.91925523002895,93.32930302948245,653,4.7374653816223145
142.86,79.92550055026275,93.34104884797024,651,4.79957389831543
142.89000000000001,79.93142848353779,93.36434305517284,648,4.855677127838135
142.92000000000002,79.93677967687567,93.40216378482774,649,4.90570592880249
142.95000000000002,79.94284205195692,93.44545884447615,646,4.9496073722839355
142.98,79.95129120905331,93.48169872440103,645,4.987335205078125
143.01,79.96056248583845,93.52208472579221,644,5.018855094909668
143.04,79.97067709299304,93.55253856087855,647,5.044142246246338
143.07,79.9791178399785,93.57684242911645,649,5.0631794929504395
143.1,79.9847509296159,93.60190404125784,653,5.075963497161865
143.13,79.9905878040964,93.62286725940369,645,5.082502365112305
143.16,79.99783585482085,93.64933367826589,642,5.082815647125244
143.19,80.0062234782829,93.67409851346034,645,5.0769362449646
143.22,80.01448698955122,93.70080710736038,647,5.0649094581604
143.25,80.02440225068572,93.73646212655315,649,5.046789169311523
143.28,80.0329940898533,93.7681763998734,645,5.022640705108643
143.31,80.03962716245942,93.79622422324292,642,4.9925384521484375
143.34,80.04437954543735,93.83075430403541,634,4.956568717956543
143.37,80.04789498640623,93.88075532524826,643,4.914824962615967
143.4,80.05148539559744,93.94044334605529,636,4.867408752441406
143.43,80.05620933983764,94.00833714593054,631,4.8144307136535645
143.46,80.05696157336965,94.08659546609925,631,4.756006240844727
143.49,80.0591198696128,94.17336041762672,634,4.692258358001709
143.52,80.06214574080579,94.25713276691226,633,4.623312950134277
143.55,80.0646494498483,94.34514763904829,627,4.549300670623779
143.58,80.06158694456919,94.43593928165056,633,4.470359802246094
143.61,80.06040366820805,94.51052995901048,626,4.386630058288574
143.64000000000001,80.05809295574485,94.57076895713617,622,4.29825496673584
143.67000000000002,80.05265583047512,94.63429136215456,620,4.205382347106934
143.70000000000002,80.05172366665057,94.69479209956775,621,4.1081624031066895
143.73,80.05564033107886,94.7513719723243,623,4.010982990264893
143.76,80.06419654815608,94.82081125245398,617,3.9805071353912354
143.79,80.07227296199571,94.86772474018001,614,3.9711296558380127
143.82,80.08328274663492,94.88023560850264,611,3.962028741836548
143.85,80.09288797938314,94.89815060112456,612,3.9502482414245605
143.88,80.103675607712,94.91663997223,620,3.933950424194336
143.91,80.11550741732195,94.93217403778131,617,3.911719560623169
143.94,80.12813626666633,94.93968465276231,611,3.882816791534424
143.97,80.13537240746794,94.93486669539185,613,3.8470370769500732
144.0,80.13852616799154,94.9245164819785,608,3.804375171661377
144.03,80.14092518955682,94.91251065108807,604,3.7548651695251465
144.06,80.14186991947646,94.89538917250609,596,3.698549270629883
144.09,80.14004106901,94.8758367083054,599,3.635474920272827
144.12,80.14021919794469,94.85162729373603,595,3.565694570541382
144.15,80.13669916501674,94.81252169953592,601,3.489266872406006
144.18,80.13101731018621,94.75538504143641,602,3.4062581062316895
144.21,80.12595913814238,94.68450531627704,601,3.316739559173584
144.24,80.1180382581908,94.61916288502059,612,3.2207913398742676
144.27,80.10567392290687,94.54332979780129,620,3.1185009479522705
144.3,80.08798202371139,94.44028632925323,620,3.0099642276763916
144.33,80.06216483415953,94.33729922603382,623,2.8952841758728027
144.36,80.04284011344683,94.24527222202127,633,2.7745728492736816
144.39000000000001,80.0345923521304,94.16319512290059,630,2.6479523181915283
144.42000000000002,80.02174564464728,94.10711404378559,629,2.5155534744262695
144.45000000000002,80.00554914561495,94.08487178553597,635,2.3775177001953125
144.48,79.99174349250632,94.04580147375913,638,2.233996629714966
144.51,79.98187006035454,94.01535478108177,638,2.0849339962005615
144.54,79.97262808940117,93.99884767555272,634,1.9050968885421753
144.57,79.9609903979235,93.99880253030797,635,1.6921038627624512
144.6,79.9477213268616,94.0062443153849,634,1.4804607629776
144.63,79.93681601635892,94.01606901459589,636,1.2705750465393066
144.66,79.92383864156338,94.01946842223025,637,1.06261146068573
144.69,79.90888857619832,94.03430612648962,637,0.8567405343055725
144.72,79.89606598621654,94.0393906185449,629,0.6531387567520142
144.75,79.88339210066853,94.0415634595382,630,0.45198655128479004
144.78,79.86723927657867,94.03637506708151,630,0.253467321395874
144.81,79.85216183453248,94.01695197797676,633,0.05776621401309967
144.84,79.84129233662658,93.97737055540652,635,-0.134930819272995
144.87,79.83272537857451,93.92801323390462,637,-0.32443809509277344
144.9,79.82853661589299,93.8815583745657,635,-0.5105708837509155
144.93,79.82626608522664,93.83790965298165,636,-0.6931464672088623
144.96,79.82643419355709,93.80237319823677,626,-0.8719843626022339
144.99,79.82897699381355,93.77109461124812,626,-1.0469071865081787
145.02,79.83178341383716,93.73522306213948,626,-1.2177395820617676
145.05,79.83051056793096,93.69591002955963,626,-1.3843086957931519
145.08,79.83236345590232,93.67316586520742,633,-1.5464447736740112
145.11,79.83506140956734,93.65600142920715,637,-1.703981876373291
145.14000000000001,79.83372850136828,93.62765095238781,636,-1.8567862510681152
145.17000000000002,79.83570003511251,93.59972420753836,635,-2.0115675926208496
145.20000000000002,79.8380494642836,93.56374550004946,629,-2.21130108833313
145.23,79.8410429138403,93.52396189445966,632,-2.4151508808135986
145.26,79.84635518131174,93.49673305196141,632,-2.6176860332489014
145.29,79.85288100793498,93.47452937213313,629,-2.818596363067627
145.32,79.85615704879021,93.45724116635488,628,-3.0175726413726807
145.35,79.8609333771006,93.44675152940609,619,-3.214305877685547
145.38,79.86906844952125,93.42757865240135,616,-3.4084856510162354
145.41,79.876554518613,93.41453012498246,622,-3.5998032093048096
145.44,79.88617147207727,93.4075464508293,623,-3.787950277328491
145.47,79.89861882305374,93.39363080788986,624,-3.9722211360931396
145.5,79.91372900599418,93.39050944158154,624,-4.062946796417236
145.53,79.92616080983912,93.39298700306053,621,-4.117317199707031
145.56,79.94175093661285,93.40282881324892,623,-4.165572643280029
145.59,79.95512205294332,93.4220650610099,624,-4.207823753356934
145.62,79.9659906150554,93.44851561170356,626,-4.244000434875488
145.65,79.97361772969182,93.47969616959182,628,-4.274050712585449
145.68,79.9791924372645,93.50299689442994,636,-4.297934055328369
145.71,79.98323842588646,93.52259575480271,630,-4.315629005432129
145.74,79.9861077924645,93.54316066570058,630,-4.327125549316406
145.77,79.98702541410614,93.56396186714986,630,-4.332427024841309
145.8,79.99087545756993,93.57681835235961,638,-4.331550598144531
145.83,79.99530304217588,93.61307022681792,633,-4.324524879455566
145.86,79.9992007857669,93.66683918060772,638,-4.311389446258545
145.89000000000001,80.00615870410822,93.73774765159801,635,-4.292197227478027
145.92000000000002,80.01200257146591,93.80253811015965,640,-4.267007350921631
145.95000000000002,80.01510655516707,93.86448549935896,642,-4.235891819000244
145.98,80.01867944355033,93.93810018904028,635,-4.198934078216553
146.01,80.02296957808356,94.0217431060476,632,-4.156224250793457
146.04,80.02654979852183,94.11977150539967,637,-4.107862949371338
146.07,80.02953583472981,94.20477233818475,637,-4.054220199584961
146.1,80.03223412565485,94.2886246509212,634,-4.008458137512207
146.13,80.03468828890436,94.39446729802742,637,-3.997772693634033
146.16,80.03567245906903,94.50183974356901,639,-3.9942352771759033
146.19,80.03811531034523,94.61504104527702,632,-3.991009473800659
146.22,80.03953850871858,94.72791685824646,628,-3.9875552654266357
146.25,80.04148546986538,94.82324751566902,623,-3.9836957454681396
146.28,80.04340973145723,94.90231880127584,621,-3.9792063236236572
146.31,80.04868761550374,94.98249076027011,621,-3.9737319946289062
146.34,80.05271533444284,95.07010730428372,623,-3.9666860103607178
146.37,80.05761921202414,95.15848846039108,626,-3.957113027572632
146.4,80.06207870249095,95.24621056414962,628,-3.9436259269714355
146.43,80.07077306987303,95.32598028037177,633,-3.9246714115142822
146.46,80.08139665185269,95.41124652918047,637,-3.8991141319274902
146.49,80.09399542015676,95.49726913148781,639,-3.866483449935913
146.52,80.10533339161088,95.5702123547156,630,-3.826688289642334
146.55,80.11257481054065,95.64420612048626,631,-3.7797417640686035
146.58,80.11626558653955,95.71880255150917,628,-3.7256767749786377
146.61,80.12082248334964,95.75966319618496,622,-3.6645309925079346
146.64000000000001,80.12555092951261,95.7752770391896,609,-3.5963478088378906
146.67000000000002,80.13064065831455,95.79630131025665,616,-3.521174907684326
146.70000000000002,80.13474512672099,95.81406003847017,608,-3.439065933227539
146.73,80.13816348588303,95.81198792481793,607,-3.3500795364379883
146.76,80.14012045494106,95.78755137582766,609,-3.2542788982391357
146.79,80.1328779909734,95.75663877173012,616,-3.151733160018921
146.82,80.12269799560966,95.7182736730287,616,-3.042515993118286
146.85,80.11813000241496,95.68005597149019,616,-2.9267075061798096
146.88,80.11354472536601,95.64070915649445,618,-2.8043932914733887
146.91,80.11155946237322,95.60667198767773,619,-2.6756646633148193
146.94,80.11060578340356,95.56041249750335,611,-2.540621280670166
146.97,80.11139830681549,95.48974536595009,611,-2.399369239807129
147.0,80.11618866593808,95.41553308342772,606,-2.2520222663879395
147.03,80.11885220462158,95.3403020011171,600,-2.0985820293426514
147.06,80.12507613701828,95.24788733031818,597,-1.9174116849899292
147.09,80.1259836787995,95.16411140249127,599,-1.6983615159988403
147.12,80.12460770999039,95.0936328712041,602,-1.4799339771270752
147.15,80.11768694204106,95.02540413809811,610,-1.2626500129699707
147.18,80.10371502492417,94.96367002176979,614,-1.046647310256958
147.21,80.08780423279055,94.89962795366866,604,-0.8320716619491577
147.24,80.07043059976843,94.83458312557808,614,-0.6190754771232605
147.27,80.04961530583397,94.75640700875675,616,-0.40781673789024353
147.3,80.03271351276284,94.67839628484998,618,-0.1984584480524063
147.33,80.01428547746205,94.59178782731456,618,0.008832793682813644
147.36,79.99415620459719,94.5027986636646,621,0.21388746798038483
147.39000000000001,79.97697019383648,94.40499820817774,608,0.41653403639793396
147.42000000000002,79.95957191241504,94.32514664158916,611,0.6165996193885803
147.45000000000002,79.9340766021627,94.26675273917982,604,0.8139103651046753
147.48,79.91090610083955,94.21330364351964,612,1.0082919597625732
147.51,79.8914135357761,94.14792065726974,611,1.1995700597763062
147.54,79.87417229063779,94.08163645710277,611,1.3875702619552612
147.57,79.8587885461598,94.00406328923984,612,1.5721195936203003
147.6,79.8512314555822,93.91535935743151,619,1.7530461549758911
147.63,79.84426540360829,93.84748376320312,623,1.9305543899536133
147.66,79.84156034020678,93.78422557740627,624,2.1392037868499756
147.69,79.8396157766819,93.72106277228576,629,2.373610258102417
147.72,79.83576396430405,93.65829433042205,631,2.6087698936462402
147.75,79.8335974553558,93.60128896303699,636,2.844353199005127
147.78,79.82764677980487,93.55347325931706,634,3.080057144165039
147.81,79.8267612035491,93.50905530984923,633,3.315574884414673
147.84,79.83050424126421,93.47808085757539,633,3.550593852996826
147.87,79.83881988609163,93.44327310360488,640,3.7847983837127686
147.9,79.84855700483797,93.42567449776632,645,4.012133598327637
147.93,79.85531655375536,93.41863292391791,644,4.127175807952881
147.96,79.8593251004162,93.42551793861297,651,4.23176908493042
147.99,79.8648526461018,93.43798661432011,650,4.331199645996094
148.02,79.87146866752337,93.44415568072867,651,4.425319194793701
148.05,79.87724644022326,93.44631826939457,647,4.5139899253845215
148.08,79.88662002972339,93.4434937830138,648,4.597087860107422
148.11,79.8967043435098,93.44686087202446,642,4.674496173858643
148.14000000000001,79.90645810547402,93.4623264484376,640,4.746109962463379
148.17000000000002,79.91377290071063,93.47485549859306,646,4.811838150024414
148.20000000000002,79.92074832418386,93.48012471882689,651,4.871598243713379
148.23,79.92762073804165,93.47682154724508,647,4.925323009490967
148.26,79.93168639484466,93.46780087393354,643,4.972953796386719
148.29,79.93772392324165,93.45391769704662,642,5.014442443847656
148.32,79.9468115840313,93.41802048839496,643,5.0497517585754395
148.35,79.95188693629926,93.37534622242487,647,5.078854560852051
148.38,79.9546081608615,93.34758726410185,648,5.101734161376953
148.41,79.95890251909513,93.32146373619592,648,5.118382453918457
148.44,79.96350209419889,93.29315129113338,648,5.128799915313721
148.47,79.96809730916443,93.27328186272123,648,5.132997989654541
148.5,79.97244371545415,93.27334592928489,645,5.1309967041015625
148.53,79.97642833375268,93.304848565266,645,5.122828006744385
148.56,79.97850518728185,93.33866858804382,655,5.108534812927246
148.59,79.9801352139623,93.38882353411397,655,5.088171482086182
148.62,79.98046422884151,93.43484735732663,655,5.061802864074707
148.65,79.9791505459139,93.48177040343634,654,5.029503345489502
148.68,79.9812336471889,93.5334461673026,656,4.991357803344727
148.71,79.98668337668109,93.60441931752891,655,4.947460651397705
148.74,79.99044450477781,93.68756091161438,651,4.89791202545166
148.77,79.99249254482147,93.77931086500674,652,4.842822074890137
148.8,79.99812188649507,93.87346398075873,654,4.782305717468262
148.83,80.00278780867727,93.97978608790804,651,4.716485023498535
148.86,80.0012204412324,94.09394295694581,652,4.645488262176514
148.89000000000001,80.00007712638049,94.22055321709868,655,4.5694475173950195
148.92000000000002,80.00138693050212,94.3443531179312,652,4.488498210906982
148.95000000000002,80.0051362186686,94.4631336468168,646,4.4027814865112305
148.98,80.00622502531996,94.5672908490249,642,4.312441349029541
149.01,80.00869867760085,94.67226665160695,644,4.217624187469482
149.04,80.01367643630192,94.7800420942649,638,4.118480205535889
149.07,80.02060676161447,94.88743696550917,642,4.017511367797852
149.1,80.0291399084873,94.99917280464341,637,3.9804277420043945
149.13,80.03792809174311,95.1001449457453,634,3.969972848892212
149.16,80.04471540292684,95.18689625223888,634,3.960020065307617
149.19,80.05302593884426,95.26312967773899,638,3.9471545219421387
149.22,80.05929440712681,95.34108871981029,643,3.9294354915618896
149.25,80.06134079006151,95.40970832176164,643,3.9055368900299072
149.28,80.06418404841882,95.46336131489454,635,3.874863862991333
149.31,80.06994367740123,95.50078317881389,637,3.837285041809082
149.34,80.07684562607426,95.52260976292777,643,3.792813301086426
149.37,80.08591573771372,95.54237996481795,644,3.741487979888916
149.4,80.0978494720031,95.5668813378629,640,3.6833548545837402
149.43,80.11073489578844,95.57595152111155,634,3.6184628009796143
149.46,80.12468742711008,95.58900538138688,622,3.546868085861206
149.49,80.13960158201242,95.61579707638276,617,3.46863055229187
149.52,80.15095070402131,95.6520933109198,610,3.3838164806365967
149.55,80.15638525279468,95.70161944282788,610,3.292499303817749
149.58,80.15633357146135,95.73969583160321,605,3.194758653640747
149.61,80.15593770417931,95.77364980137918,610,3.0906825065612793
149.64000000000001,80.15627500378977,95.76771845722703,618,2.9803662300109863
149.67000000000002,80.14995131660187,95.73623403779217,619,2.8639135360717773
149.70000000000002,80.13712454865986,95.69823620217515,622,2.7414374351501465
149.73,80.12024948870835,95.66744763982491,625,2.6130592823028564
149.76,80.09973511610943,95.61858464214448,624,2.4789109230041504
149.79,80.08228238699353,95.56313592801821,619,2.339134454727173
149.82,80.06528377130073,95.47922923337084,627,2.1938793659210205
149.85,80.04596935996008,95.38008137174387,632,2.0421338081359863
149.88,80.02852979453701,95.28045456759031,637,1.846184253692627
149.91,80.01632105627196,95.16003948571932,643,1.6330368518829346
149.94,79.99998816152946,95.02789681758033,642,1.4214707612991333
149.97,79.98424611081033,94.9001934162345,641,1.2116713523864746
150.0,79.9740464200097,94.77922332581261,642,1.0038037300109863
