t,x,y,mass,phi_center
0.0,80.90436889687224,80.25838468169466,437,4.476609706878662
0.03,80.9063946720279,80.25897957119264,437,4.360239505767822
0.06,80.9083533935722,80.25955453684786,437,4.247302532196045
0.09,80.91025845252837,80.26011449145444,437,4.137689113616943
0.12,80.91210704736847,80.26066181619248,437,4.0320000648498535
0.15,80.91294234083752,80.26091397606554,437,3.9848294258117676
0.18,80.91306500588892,80.26096791550492,437,3.9788753986358643
0.21,80.913103905464,80.26099225774698,437,3.9774184226989746
0.24,80.91313918713344,80.26102345025295,437,3.976987838745117
0.27,80.91315912298381,80.2610408739864,437,3.9768476486206055
0.3,80.9131795770538,80.26105774133923,437,3.976794958114624
0.33,80.91321151641478,80.26108411139165,437,3.97676944732666
0.36,80.91324362794818,80.26110838861774,437,3.976752996444702
0.39,80.91326594099829,80.26112037860811,437,3.9767401218414307
0.42,80.91330899162878,80.26115001912632,437,3.9767284393310547
0.45,80.913355859422,80.26117995580205,437,3.9767189025878906
0.48,80.91339513492115,80.26119814704914,437,3.9767093658447266
0.51,80.91346075981869,80.26123731155461,437,3.9767005443573
0.54,80.91352731265597,80.26127118417635,437,3.9766931533813477
0.5700000000000001,80.9136168933084,80.26132024408193,437,3.9766860008239746
0.6,80.91372516990512,80.26137874072828,437,3.9766788482666016
0.63,80.91384113448588,80.26143430192953,437,3.976672649383545
0.66,80.91398660346434,80.26150736800076,437,3.976667642593384
0.6900000000000001,80.91414780198848,80.26158352257704,437,3.9766628742218018
0.72,80.91434081068576,80.26167869031262,437,3.9766581058502197
0.75,80.91453931838362,80.261767514718,437,3.9766533374786377
0.78,80.91478228295112,80.26189001256417,437,3.976649045944214
0.81,80.91502984282654,80.26200845545455,437,3.9766457080841064
0.84,80.91529511691333,80.26213758240803,437,3.976642608642578
0.87,80.91556443073739,80.26226530823863,437,3.976639747619629
0.9,80.91586086497028,80.26241539035529,437,3.976637125015259
0.93,80.91616153768236,80.26256544656773,437,3.9766347408294678
0.96,80.91648117301013,80.26272974899064,437,3.9766323566436768
0.99,80.9168064618673,80.2628940991308,437,3.9766299724578857
1.02,80.91714399086604,80.26306337719183,437,3.9766275882720947
1.05,80.91750781625859,80.26324938466841,437,3.976625442504883
1.08,80.91788958594925,80.26344143163742,437,3.976623773574829
1.11,80.91830047218382,80.26364819116723,437,3.9766225814819336
1.1400000000000001,80.91872709490714,80.26385448680281,437,3.976621150970459
1.17,80.91920223668133,80.26409098824918,437,3.9766201972961426
1.2,80.91968999266615,80.26432090426154,437,3.976619243621826
1.23,80.92021233293357,80.26456531743969,437,3.9766182899475098
1.26,80.92078115664259,80.2648354540956,437,3.9766173362731934
1.29,80.92138738726909,80.26506263537647,438,3.976616621017456
1.32,80.92200784538467,80.26511271452564,438,3.9766159057617188
1.35,80.92266806384913,80.26517818435015,438,3.9766154289245605
1.3800000000000001,80.92337150127368,80.26526270447683,438,3.9766147136688232
1.41,80.92409044789665,80.26533897887187,438,3.976614236831665
1.44,80.92483108789911,80.26548530773928,439,3.976613759994507
1.47,80.92551451508969,80.26576337174677,439,3.9766135215759277
1.5,80.92623800648383,80.26606138547085,439,3.9766130447387695
1.53,80.92646826969673,80.26642578893029,458,3.9766125679016113
1.56,80.92488057827504,80.26597798300087,458,3.9766123294830322
1.59,80.92330914008596,80.26548789783888,458,3.976612091064453
1.62,80.92180628879056,80.26492084884583,463,3.976611852645874
1.6500000000000001,80.92230337510402,80.26516560187842,474,3.976611852645874
1.68,80.92290311292753,80.26527584794125,474,3.976611614227295
1.71,80.92351176315161,80.26537081859657,474,3.976611614227295
1.74,80.92417011095992,80.26548912177952,474,3.976611375808716
1.77,80.9249875545093,80.26568740964134,474,3.976611375808716
1.8,80.92591485822399,80.26598505935259,474,3.976611375808716
1.83,80.92671938431656,80.26639090209042,474,3.9766111373901367
1.86,80.92748812125248,80.2668583650269,474,3.9766111373901367
1.8900000000000001,80.92766910516178,80.26705398732443,468,3.9766111373901367
1.92,80.92758713967204,80.26732623633568,468,3.9766111373901367
1.95,80.92672131023586,80.2674904981071,468,3.9766111373901367
1.98,80.92403160849095,80.26702306065681,468,3.9766111373901367
2.0100000000000002,80.92069690819737,80.26625083965519,479,3.9766111373901367
2.04,80.91664181607324,80.26520148871242,483,3.9766111373901367
2.07,80.91362003796972,80.26436293292434,486,3.9766111373901367
2.1,80.91094975784335,80.26376560329277,486,3.9766111373901367
2.13,80.91016573016806,80.26464303608174,486,3.9766111373901367
2.16,80.91412331084237,80.26717069706447,486,3.9766111373901367
2.19,80.91882437811316,80.2696930376357,486,3.9766111373901367
2.22,80.92319367154346,80.27204610278002,486,3.9766111373901367
2.25,80.92849459651428,80.27426068901352,479,3.9766111373901367
2.2800000000000002,80.9256532776605,80.2734653851957,468,3.9766111373901367
2.31,80.91850534665666,80.27200509201552,470,3.9766111373901367
2.34,80.91033962979836,80.27015784679493,474,3.9766111373901367
2.37,80.90240083872872,80.26856577332931,474,3.9766111373901367
2.4,80.89471583658678,80.2668325473063,479,3.9766111373901367
2.43,80.88946650947071,80.26544272931852,477,3.9766111373901367
2.46,80.88928183730388,80.2668188496148,477,3.9766111373901367
2.49,80.8891676488179,80.26798378076758,476,3.9766111373901367
2.52,80.88909060133844,80.26862168545584,475,3.9766111373901367
2.5500000000000003,80.88921692633149,80.26883878424526,475,3.9766111373901367
2.58,80.88955817835452,80.26898700997579,475,3.9766111373901367
2.61,80.8904304842821,80.26955522909674,475,3.976611375808716
2.64,80.89464806647155,80.27110904275264,475,3.976611614227295
2.67,80.90057395527158,80.27321023470404,475,3.976611614227295
2.7,80.90815636065469,80.27595356615281,475,3.976611852645874
2.73,80.91527638259277,80.27854698597096,476,3.976611852645874
2.7600000000000002,80.92008716125447,80.28066011138655,476,3.976612091064453
2.79,80.92317719598354,80.28233418301357,476,3.9766123294830322
2.82,80.92779894433407,80.28432682369309,476,3.9766123294830322
2.85,80.93327733860933,80.28634937650834,476,3.9766125679016113
2.88,80.93823008588951,80.28802356296471,476,3.9766125679016113
2.91,80.94143554022635,80.28876200137947,470,3.9766128063201904
2.94,80.94625415861908,80.28980374419369,470,3.9766130447387695
2.97,80.94662692540494,80.28907689377102,464,3.9766130447387695
3.0,80.94574749649999,80.28838759336962,464,3.9766132831573486
3.0300000000000002,80.9457565429574,80.28815218380807,464,3.9766135215759277
3.06,80.94601569904177,80.28806673182969,464,3.976613759994507
3.09,80.94738497663214,80.28789789287374,458,3.976613759994507
3.12,80.9517617265191,80.28877749086149,458,3.976613998413086
3.15,80.95607919970648,80.28980058278309,458,3.976614236831665
3.18,80.96050005150059,80.29093493074006,458,3.976614236831665
3.21,80.96553869519752,80.29229205669759,458,3.976614475250244
3.24,80.97204494295215,80.29410154946049,458,3.9766147136688232
3.27,80.9792541558696,80.29607222283464,458,3.9766147136688232
3.3000000000000003,80.98636358267798,80.29800730034023,458,3.9766149520874023
3.33,80.99328824377157,80.29993979230744,459,3.9766149520874023
3.36,81.00005337390323,80.30191489738213,459,3.9766151905059814
3.39,81.00677322661927,80.30384879905934,457,3.9766154289245605
3.42,81.01105198867674,80.3045995186907,453,3.9766154289245605
3.45,81.01441057013774,80.30523981634765,453,3.9766156673431396
3.48,81.01494777410726,80.30488478511222,453,3.9766159057617188
3.5100000000000002,81.01407739873652,80.30424791025992,453,3.9766159057617188
3.54,81.01318823111188,80.30376442419055,458,3.976616144180298
3.5700000000000003,81.01390889907914,80.30386562313495,462,3.976616382598877
3.6,81.01675928565673,80.30426564690588,462,3.976616382598877
3.63,81.02036521209251,80.3051216126967,460,3.976616621017456
3.66,81.02215077997788,80.30485960094117,454,3.976616859436035
3.69,81.02445676519199,80.3056415531429,449,3.976616859436035
3.72,81.02818680075998,80.30685522155663,449,3.9766170978546143
3.75,81.03184749162222,80.30803879828183,449,3.9766173362731934
3.7800000000000002,81.03546668258015,80.3092220075836,449,3.9766173362731934
3.81,81.03859679918367,80.31016255895906,445,3.9766175746917725
3.84,81.04243246810157,80.3120910900014,444,3.9766175746917725
3.87,81.04634605680499,80.31427477798125,448,3.9766178131103516
3.9,81.04938424685885,80.31620771226144,448,3.9766180515289307
3.93,81.05051408652193,80.31762014157181,448,3.9766180515289307
3.96,81.0499253236683,80.3179769158377,445,3.9766182899475098
3.99,81.04725038618845,80.31768744919661,442,3.976618528366089
4.0200000000000005,81.04473814806434,80.3175547718309,441,3.976618528366089
4.05,81.04565240775344,80.31792682893918,437,3.976618766784668
4.08,81.04762953327895,80.31848832477942,445,3.976619005203247
4.11,81.04795922906409,80.3183796553091,447,3.976619005203247
4.14,81.0478895343427,80.31796671223746,453,3.976619243621826
4.17,81.04742328312166,80.31727345093744,457,3.9766194820404053
4.2,81.0483917612836,80.31704496531876,457,3.9766194820404053
4.23,81.0553846695106,80.31946895708172,454,3.9766197204589844
4.26,81.06644128582197,80.32405489711307,454,3.9766199588775635
4.29,81.07920426429669,80.32890619684174,454,3.9766199588775635
4.32,81.0920440042472,80.33372656326644,454,3.9766201972961426
4.3500000000000005,81.10503611159639,80.3384402716445,461,3.9766204357147217
4.38,81.11756811662435,80.34218161954774,466,3.9766204357147217
4.41,81.1272477973167,80.34533910223512,468,3.976620674133301
4.44,81.13927499487264,80.34984560051424,470,3.976620674133301
4.47,81.15141636601304,80.35429075899904,471,3.97662091255188
4.5,81.16276118636203,80.35871467793564,476,3.976621150970459
4.53,81.17326706484798,80.36347201614993,476,3.976621150970459
4.5600000000000005,81.18404365111198,80.36839135422541,476,3.976621389389038
4.59,81.19606149499552,80.37407718534595,477,3.976621627807617
4.62,81.2081019911583,80.38016568337984,477,3.976621627807617
4.65,81.21842296954333,80.38569238958065,488,3.9766218662261963
4.68,81.22137268441462,80.38853681453345,485,3.9766221046447754
4.71,81.22244451125111,80.39074726988146,485,3.9766221046447754
4.74,81.22490488390696,80.39262828616667,484,3.9766223430633545
4.7700000000000005,81.2278156525487,80.39434147796872,482,3.9766225814819336
4.8,81.24010639988602,80.39954430099218,480,3.9766225814819336
4.83,81.25307097961192,80.40590569773742,485,3.9766228199005127
4.86,81.26684075986779,80.4130736530372,490,3.9766228199005127
4.89,81.27832848205446,80.4189572019421,485,3.976623058319092
4.92,81.28085483266831,80.42296576866481,484,3.976623296737671
4.95,81.28913162216196,80.42750220905242,473,3.976623296737671
4.98,81.2962527919921,80.43404077318445,467,3.97662353515625
5.01,81.30401273157574,80.43899877982639,460,3.976623773574829
5.04,81.30977734082597,80.44246040819795,460,3.976623773574829
5.07,81.31342222560164,80.44545371664579,460,3.976624011993408
5.1000000000000005,81.31692236417666,80.44833724072646,456,3.9766242504119873
5.13,81.3174635748528,80.45047431857003,455,3.9766242504119873
5.16,81.32023182701593,80.45408185867339,454,3.9766244888305664
5.19,81.3227468956011,80.4566963807333,460,3.9766247272491455
5.22,81.32639643984209,80.45898634588079,459,3.9766247272491455
5.25,81.32932933734224,80.46010194419236,456,3.9766249656677246
5.28,81.32368690701163,80.4574481533332,453,3.9766249656677246
5.3100000000000005,81.31413885091604,80.45397687138257,461,3.9766252040863037
5.34,81.30216681208329,80.44995700580846,461,3.976625442504883
5.37,81.29057465800237,80.44617656825963,461,3.976625442504883
5.4,81.27953691077066,80.44226410987432,459,3.976625680923462
5.43,81.2729489754445,80.43933626415007,461,3.976625919342041
5.46,81.26867198341013,80.43693732949126,462,3.976625919342041
5.49,81.263933042383,80.43464770589465,460,3.97662615776062
5.5200000000000005,81.25981144442139,80.43280955596278,466,3.976626396179199
5.55,81.2589202987832,80.4317514264868,466,3.976626396179199
5.58,81.26140979703982,80.43100164303465,466,3.9766266345977783
5.61,81.2637860663702,80.43000784416228,465,3.9766266345977783
5.64,81.26602159528356,80.43000508890013,461,3.9766268730163574
5.67,81.25733395204378,80.42821340071127,461,3.9766271114349365
5.7,81.24640266017737,80.42677347981208,452,3.9766271114349365
5.73,81.2359924978253,80.42294406729395,449,3.9766273498535156
5.76,81.22642619520032,80.41963035973419,445,3.9766275882720947
5.79,81.22260794207922,80.418601032537,443,3.9766275882720947
5.82,81.22163764361105,80.41838160503134,443,3.976627826690674
5.8500000000000005,81.22319641695594,80.41947630549332,444,3.976628065109253
5.88,81.22705692676014,80.4207574338978,447,3.976628065109253
5.91,81.23251455043837,80.42325594797954,453,3.976628303527832
5.94,81.23776682549199,80.42466286798573,449,3.976628303527832
5.97,81.24365784271028,80.42740658026406,445,3.976628541946411
6.0,81.25069861333384,80.42992571701711,439,3.9766287803649902
6.03,81.26177928961295,80.43374864996237,442,3.9766287803649902
6.0600000000000005,81.27198666859539,80.43741048360218,440,3.9766290187835693
6.09,81.28106830806054,80.44058607600795,440,3.9766292572021484
6.12,81.29047744621678,80.44340057668025,435,3.9766292572021484
6.15,81.30015235287438,80.4464515858747,440,3.9766294956207275
6.18,81.30990512562511,80.44952766167059,440,3.9766294956207275
6.21,81.32014485397966,80.45250995632068,440,3.9766297340393066
6.24,81.33083946907219,80.45585489981711,440,3.9766299724578857
6.2700000000000005,81.34235553038894,80.45960081152167,440,3.9766299724578857
6.3,81.35198767328393,80.46228984215173,437,3.976630210876465
6.33,81.36039254099607,80.46455722321534,435,3.976630449295044
6.36,81.37122203080216,80.46813257129256,433,3.976630449295044
6.390000000000001,81.37969173637556,80.46964252707042,429,3.976630687713623
6.42,81.38541922170343,80.4712552984805,429,3.976630687713623
6.45,81.39111477572517,80.47287885952673,429,3.976630926132202
6.48,81.39726249352,80.47477063412872,434,3.9766311645507812
6.51,81.40558992866464,80.47818337426703,440,3.9766311645507812
6.54,81.41360183718496,80.48239914559582,444,3.9766314029693604
6.57,81.41867762904191,80.48612493815588,445,3.9766316413879395
6.6000000000000005,81.42242890029058,80.48963426866214,445,3.9766316413879395
6.63,81.426105970976,80.4930202109083,446,3.9766318798065186
6.66,81.42909810299633,80.49565538619734,441,3.9766318798065186
6.69,81.43171630766547,80.49717067843153,441,3.9766321182250977
6.72,81.43374895738783,80.49781906284619,442,3.9766323566436768
6.75,81.43485029630365,80.49854477954605,445,3.9766323566436768
6.78,81.43632002312899,80.49970775545833,452,3.976632595062256
6.8100000000000005,81.44062468825956,80.50154648992006,453,3.976632833480835
6.84,81.44552318149665,80.50376677581276,453,3.976632833480835
6.87,81.45060714860476,80.50455346570467,447,3.976633071899414
6.9,81.45572859289533,80.5058935378945,445,3.976633071899414
6.93,81.45963330422624,80.5072239305727,445,3.976633310317993
6.96,81.4652176579844,80.5072586414218,439,3.9766335487365723
6.99,81.47445859003619,80.50771455818683,439,3.9766335487365723
7.0200000000000005,81.48268544166913,80.5078173077303,439,3.9766337871551514
7.05,81.4897793200258,80.50774626710987,438,3.9766337871551514
7.08,81.49747341538256,80.5091629651372,438,3.9766342639923096
7.11,81.50785538268076,80.51217281358569,438,3.9766342639923096
7.140000000000001,81.52085257384041,80.51586537372081,444,3.9766345024108887
7.17,81.53516629571793,80.51999456405423,448,3.9766345024108887
7.2,81.5484847075841,80.52374196347091,450,3.9766347408294678
7.23,81.56007187704063,80.52625854414072,448,3.976634979248047
7.26,81.56885996400422,80.52909758377258,445,3.976634979248047
7.29,81.57772375959063,80.53184274173954,435,3.976635217666626
7.32,81.59305282271356,80.53704345736935,433,3.976635217666626
7.3500000000000005,81.61151724911079,80.54114752223583,427,3.976635456085205
7.38,81.62590646091215,80.54330094427256,432,3.976635694503784
7.41,81.6309698907478,80.54365055411938,425,3.976635694503784
7.44,81.636025418357,80.54407573205782,423,3.9766359329223633
7.47,81.6456573600999,80.546333865058,417,3.9766359329223633
7.5,81.65881987096988,80.55153850283408,416,3.9766361713409424
7.53,81.67270211099375,80.55766928597505,416,3.9766364097595215
7.5600000000000005,81.68676342802942,80.56416258738983,413,3.9766364097595215
7.59,81.70248183599507,80.57052384412435,405,3.9766366481781006
7.62,81.70958113326562,80.57443639954144,405,3.9766366481781006
7.65,81.71654439509177,80.57886934004361,409,3.9766368865966797
7.68,81.72557227717355,80.58451377295104,413,3.9766368865966797
7.71,81.73413473258987,80.59130727506246,420,3.976637125015259
7.74,81.74104432260528,80.5975346989571,420,3.976637363433838
7.7700000000000005,81.74627238226027,80.60314227386728,421,3.976637363433838
7.8,81.75387322305055,80.60938890600137,427,3.976637601852417
7.83,81.76374763162184,80.61545192291487,439,3.976637601852417
7.86,81.76715950243934,80.61931354314373,439,3.976637840270996
7.890000000000001,81.7658271511309,80.62228205399475,434,3.976637840270996
7.92,81.75340073675322,80.62061841280449,428,3.976638078689575
7.95,81.74562425498252,80.61975047515816,428,3.9766383171081543
7.98,81.738042566855,80.61761149787273,424,3.9766383171081543
8.01,81.72876068695778,80.61739050011091,427,3.9766385555267334
8.040000000000001,81.71674425125812,80.61865408030674,425,3.9766385555267334
8.07,81.69923855808793,80.61846172686649,424,3.9766387939453125
8.1,81.6792496612027,80.61799510622544,421,3.9766387939453125
8.13,81.66551979511861,80.61824333016372,416,3.9766390323638916
8.16,81.65671554464917,80.61872580022643,420,3.9766390323638916
8.19,81.64720300954131,80.61841920052552,420,3.9766392707824707
8.22,81.63478787657864,80.61610607622977,413,3.9766392707824707
8.25,81.62286300573808,80.61449039320962,404,3.97663950920105
8.28,81.6161039868232,80.61473299988134,401,3.97663950920105
8.31,81.6071471448004,80.61365455840578,397,3.976639747619629
8.34,81.58701094097705,80.60905558422827,395,3.976639747619629
8.370000000000001,81.56655736972394,80.6045992487297,394,3.976639986038208
8.4,81.54779527918586,80.60094096268632,401,3.976639986038208
8.43,81.5288008397238,80.59642207028567,400,3.976640224456787
8.46,81.50451850823345,80.59048605312985,405,3.976640224456787
8.49,81.47960971408953,80.58351767734672,405,3.976640462875366
8.52,81.4528310508211,80.57640624186945,408,3.976640462875366
8.55,81.4304455603379,80.57165378757118,407,3.9766407012939453
8.58,81.41364702623522,80.5660134193355,410,3.9766407012939453
8.61,81.39730785098816,80.5596762106831,407,3.9766407012939453
8.64,81.38549029974547,80.55414617998515,407,3.9766409397125244
8.67,81.38032874193576,80.55061027346173,407,3.9766409397125244
8.700000000000001,81.37286968927775,80.54608551663485,405,3.9766411781311035
8.73,81.36800123570359,80.54100723033154,402,3.9766411781311035
8.76,81.36249523267229,80.53700498320335,402,3.9766411781311035
8.790000000000001,81.35332607470757,80.5318440692114,404,3.9766414165496826
8.82,81.34382427328904,80.52685009702266,405,3.9766414165496826
8.85,81.33698307433835,80.5221831070484,399,3.9766414165496826
8.88,81.33204216537757,80.51773208233728,391,3.9766416549682617
8.91,81.32323756135828,80.51395686534543,389,3.9766416549682617
8.94,81.3153863521768,80.51182686108648,392,3.9766416549682617
8.97,81.31140447746768,80.51158944120417,401,3.9766416549682617
9.0,81.31733728261932,80.51277286292729,404,3.976641893386841
9.03,81.3263421304165,80.51367046002171,404,3.976641893386841
9.06,81.3375502943237,80.51436568853913,405,3.976641893386841
9.09,81.34932799212957,80.51681926529328,409,3.976641893386841
9.120000000000001,81.36263057492684,80.52177835711804,410,3.976641893386841
9.15,81.37673163066434,80.52675715241305,410,3.976641893386841
9.18,81.38779231799414,80.5283144095924,410,3.976641893386841
9.21,81.39551441745186,80.5278958908517,408,3.976641893386841
9.24,81.39942945795335,80.52521707758459,408,3.976641893386841
9.27,81.40030223944746,80.52176135989303,406,3.976641893386841
9.3,81.3984364988663,80.51736790904376,405,3.976641893386841
9.33,81.39095063313015,80.51233792584345,410,3.976641893386841
9.36,81.3846148329922,80.5077616256148,411,3.976641893386841
9.39,81.38575933491845,80.50629147075495,409,3.976641893386841
9.42,81.39050981393162,80.50611837764659,410,3.976641893386841
9.450000000000001,81.39732539971494,80.50655979178515,405,3.976641893386841
9.48,81.40492225755153,80.50721916846727,403,3.976641893386841
9.51,81.41265079553091,80.5076337430761,403,3.976641893386841
9.540000000000001,81.41482871745355,80.50755268294358,398,3.976641893386841
9.57,81.40926499226006,80.50688624667093,405,3.976641893386841
9.6,81.40700448285888,80.50674994732437,404,3.976641893386841
9.63,81.40917112204703,80.50739630415738,400,3.976641893386841
9.66,81.4126820427306,80.51084223938484,401,3.976641893386841
9.69,81.41935326597284,80.51574501869746,405,3.976641893386841
9.72,81.43017937161298,80.52162389886344,405,3.976641893386841
9.75,81.44098376738877,80.52825849200939,404,3.9766414165496826
9.78,81.45898642767499,80.5381928202266,411,3.9766411781311035
9.81,81.47479199465707,80.5475287509091,410,3.9766407012939453
9.84,81.49123109602434,80.55718796169239,410,3.976640462875366
9.870000000000001,81.50716642901907,80.56715661251688,401,3.976639986038208
9.9,81.52900818616959,80.57744899495778,398,3.97663950920105
9.93,81.56112153506348,80.59163847870248,398,3.9766390323638916
9.96,81.60944330760194,80.60922801435588,397,3.9766385555267334
9.99,81.65641090014994,80.62637046165474,397,3.976638078689575
10.02,81.70032902998211,80.64328279626827,399,3.976637363433838
10.05,81.73385428954094,80.65675166198723,394,3.9766366481781006
10.08,81.76375900078638,80.66809038936012,390,3.9766361713409424
10.11,81.793018230002,80.67871281566262,389,3.976635217666626
10.14,81.80947512740092,80.68967095477433,381,3.9766345024108887
10.17,81.82608962064562,80.70164346394023,385,3.9766335487365723
10.200000000000001,81.84371273129706,80.71460623780922,379,3.976632595062256
10.23,81.8689544415076,80.72982135673146,380,3.9766316413879395
10.26,81.89476277492736,80.7435499493292,378,3.976630687713623
10.290000000000001,81.9212880034542,80.7547961670248,376,3.9766297340393066
10.32,81.95007736143604,80.76586372973308,389,3.976628541946411
10.35,81.96755558641857,80.77135159647311,398,3.9766273498535156
10.38,81.97028754903427,80.77218793579009,398,3.976625919342041
10.41,81.96974104927622,80.77192197520691,401,3.9766244888305664
10.44,81.97173593675963,80.7704246241528,399,3.976623058319092
10.47,81.97593037417924,80.76796815298701,397,3.976621627807617
10.5,81.98173896325378,80.76400080262928,392,3.9766199588775635
10.53,81.98943285049096,80.75958547288491,396,3.9766182899475098
10.56,81.99351109868165,80.75562753626068,398,3.976616382598877
10.59,81.99465303598632,80.75189036992181,396,3.976614475250244
10.620000000000001,81.9826482789222,80.74655582921137,392,3.9766123294830322
10.65,81.96909346251098,80.74075905958117,387,3.9766101837158203
10.68,81.95578114437875,80.73471261996598,386,3.9766077995300293
10.71,81.9346591753785,80.72556255432974,383,3.9766054153442383
10.74,81.9197648969526,80.71865383736868,379,3.9766030311584473
10.77,81.91090865826344,80.71252637593308,378,3.9766006469726562
10.8,81.90425681874515,80.70300311416646,377,3.9765982627868652
10.83,81.89494465887789,80.69137869517238,376,3.976595878601074
10.86,81.8829904607395,80.67890330399017,374,3.976592779159546
10.89,81.86680960217832,80.66724503887868,368,3.9765892028808594
10.92,81.84941812352479,80.65703337970515,366,3.976585626602173
10.950000000000001,81.82729164008582,80.6471466173061,367,3.9765818119049072
10.98,81.80202292762384,80.63671459841095,367,3.9765777587890625
11.01,81.77078068257467,80.62555153552746,367,3.9765732288360596
11.040000000000001,81.73623993792025,80.61333681975987,368,3.9765686988830566
11.07,81.69776588112735,80.60021003853309,365,3.9765639305114746
11.1,81.65205084661925,80.58352217700664,366,3.9765591621398926
11.13,81.61965968150666,80.57346407978727,357,3.9765543937683105
11.16,81.5924819452811,80.56411405128068,355,3.976548671722412
11.19,81.58799139819452,80.56133671520402,347,3.9765424728393555
11.22,81.57708656578582,80.55349638315174,342,3.9765355587005615
11.25,81.55582080395014,80.54312695741586,344,3.9765284061431885
11.28,81.53125031808213,80.53013795148513,346,3.9765212535858154
11.31,81.50653220446041,80.51804699732996,346,3.9765138626098633
11.34,81.48035179828523,80.50605340156503,348,3.9765045642852783
11.370000000000001,81.45276621114311,80.494974983582,351,3.9764950275421143
11.4,81.42286393076391,80.48115934371877,354,3.97648549079895
11.43,81.39387618546138,80.46907918903435,360,3.9764747619628906
11.46,81.36593716510764,80.45912292624227,363,3.9764628410339355
11.49,81.33883922133687,80.44938204670763,364,3.9764509201049805
11.52,81.31106795906236,80.44067105254527,359,3.9764368534088135
11.55,81.28460653846855,80.43168067580731,355,3.9764225482940674
11.58,81.26210747316576,80.42160841869664,354,3.9764063358306885
11.61,81.24120262228008,80.41414975116753,349,3.9763896465301514
11.64,81.21920783922477,80.4073445269641,345,3.9763708114624023
11.67,81.19355500800496,80.40104663029912,345,3.976350784301758
11.700000000000001,81.16427055782597,80.39464329995272,349,3.9763293266296387
11.73,81.13720586568425,80.38763204761493,344,3.9763054847717285
11.76,81.11518399867585,80.37905031687275,342,3.9762799739837646
11.790000000000001,81.11953837808113,80.3804748258869,346,3.976252555847168
11.82,81.13110653697835,80.38481722707841,349,3.9762229919433594
11.85,81.14131222873264,80.38684771178688,353,3.9761908054351807
11.88,81.15762412798287,80.38895202398675,360,3.976156234741211
11.91,81.16854764184417,80.38665445976994,357,3.976119041442871
11.94,81.17126974637857,80.38121664719009,358,3.976079225540161
11.97,81.17162932691004,80.37631420683392,353,3.9760360717773438
12.0,81.18261768624447,80.3776326842867,355,3.975989818572998
12.030000000000001,81.20024640286545,80.3817433093505,360,3.975940227508545
12.06,81.22113543315879,80.38759475546414,358,3.975886821746826
12.09,81.2441857826888,80.39485759347264,363,3.975829601287842
12.120000000000001,81.26642540263028,80.40299161520312,361,3.975768566131592
12.15,81.29730255715326,80.40985693241274,361,3.975703001022339
12.18,81.33427550157498,80.41728671538225,359,3.975633144378662
12.21,81.37000686407765,80.42084252725031,356,3.975558280944824
12.24,81.4125760254657,80.42768900643546,350,3.975478410720825
12.27,81.45601219364984,80.43533263760865,349,3.975393056869507
12.3,81.4968734335749,80.44518362535186,348,3.975302219390869
12.33,81.53477143640957,80.45348546684336,346,3.975205421447754
12.36,81.57409518079953,80.46301095054733,345,3.975102424621582
12.39,81.61428521289479,80.4727304744009,342,3.9749927520751953
12.42,81.6507660305452,80.48074797925395,338,3.9748759269714355
12.450000000000001,81.68477098633743,80.48926283293686,330,3.9747514724731445
12.48,81.71798048475213,80.49818450388635,326,3.9746193885803223
12.51,81.77001192573906,80.51025123682335,332,3.9744794368743896
12.540000000000001,81.82571517298196,80.52296585142535,334,3.974330425262451
12.57,81.87796413318728,80.53331942841945,333,3.9741721153259277
12.6,81.92573318693682,80.54111074547187,335,3.9740042686462402
12.63,81.98174643196079,80.55005172922844,332,3.9738261699676514
12.66,82.03237238195831,80.56029047036503,331,3.9736366271972656
12.69,82.07839152780214,80.57322893851523,329,3.973435878753662
12.72,82.11533209543943,80.58532424538708,327,3.973222494125366
12.75,82.14701300219042,80.597999552895,325,3.972996473312378
12.780000000000001,82.18438424963678,80.61352802577092,326,3.9727561473846436
12.81,82.22321466524379,80.62936541121974,329,3.972501039505005
12.84,82.25714713774198,80.6439842915404,333,3.9722299575805664
12.870000000000001,82.28794593769634,80.65689642028802,338,3.971942186355591
12.9,82.31341646200949,80.6618242572261,337,3.9716362953186035
12.93,82.33456579916185,80.66493438730413,336,3.97131085395813
12.96,82.35960550891356,80.6690699782748,338,3.9709649085998535
12.99,82.38410675042489,80.67493615569866,340,3.9705965518951416
13.02,82.4100832923616,80.68400575120116,340,3.9702038764953613
13.05,82.4444105759857,80.69393623656168,341,3.96978497505188
13.08,82.48799135824373,80.70464387661453,334,3.9693381786346436
13.11,82.52594128367984,80.7140926467479,329,3.9688608646392822
13.14,82.53974132776014,80.71804045473996,329,3.9683501720428467
13.17,82.54291614500215,80.72229287073714,330,3.9678027629852295
13.200000000000001,82.5437463648041,80.72431372050242,330,3.9672152996063232
13.23,82.53728668980737,80.72102133090331,327,3.966583490371704
13.26,82.5238097052751,80.71652123898002,327,3.9659018516540527
13.290000000000001,82.51147160088806,80.71234340818265,320,3.965165615081787
13.32,82.50279252741709,80.7121001355218,321,3.9643678665161133
13.35,82.49585935040685,80.71059407873706,319,3.963501214981079
13.38,82.49090894597082,80.7057748233207,321,3.962557315826416
13.41,82.48340514653748,80.69847162584506,320,3.96152663230896
13.44,82.4763046474814,80.69240614488714,322,3.9603962898254395
13.47,82.47192245483596,80.68739123842435,320,3.9591526985168457
13.5,82.4748192691557,80.68254039988047,318,3.957780122756958
13.530000000000001,82.47780521307274,80.67939562169741,318,3.9562582969665527
13.56,82.48027170376955,80.67416314318416,319,3.954563856124878
13.59,82.48197392585743,80.67233018655533,316,3.9526686668395996
13.620000000000001,82.4831663385574,80.6700114765133,313,3.9505393505096436
13.65,82.4786124483789,80.66250149423998,316,3.9481358528137207
13.68,82.45335661170299,80.64809720256625,319,3.945411443710327
13.71,82.42391834753602,80.63279607612152,312,3.942312240600586
13.74,82.38991141460491,80.6186781110325,315,3.9387776851654053
13.77,82.3576218551359,80.60427812333081,308,3.934741258621216
13.8,82.32335153232277,80.58777552695257,313,3.9301323890686035
13.83,82.28802865737642,80.57203874973341,312,3.924879312515259
13.86,82.24378080398638,80.55723599345173,311,3.918911933898926
13.89,82.19699729894012,80.54645699653474,314,3.9121639728546143
13.92,82.15603500959557,80.53876284618639,316,3.9045767784118652
13.950000000000001,82.11702311496967,80.5321472793064,317,3.8960983753204346
13.98,82.07105094889062,80.52607487798967,322,3.8866851329803467
14.01,82.01441475043241,80.51824756902593,325,3.8762993812561035
14.040000000000001,81.96105763639173,80.506917782451,321,3.8649075031280518
14.07,81.92901182196837,80.50070557506697,319,3.8524796962738037
14.1,81.9034734985119,80.50041118151253,323,3.8389875888824463
14.13,81.88130814582132,80.50104209779724,322,3.82440447807312
14.16,81.86824091299316,80.50590423345884,327,3.8087055683135986
14.19,81.85705220194272,80.5122210859335,325,3.791865110397339
14.22,81.8370282986668,80.51582212480061,326,3.7738587856292725
14.25,81.81412151549843,80.51876725621126,322,3.7546639442443848
14.280000000000001,81.78950296832002,80.52451006085333,327,3.7342569828033447
14.31,81.76804197022608,80.53161375556675,326,3.7126169204711914
14.34,81.7597684334715,80.54008898128669,322,3.6897220611572266
14.370000000000001,81.7547595577123,80.54404645970457,321,3.6655526161193848
14.4,81.74976036077886,80.5473437470433,323,3.6400887966156006
14.43,81.7418265815922,80.54744214922289,324,3.6133129596710205
14.46,81.7338905840525,80.54665005132235,327,3.585207939147949
14.49,81.72945591077185,80.54452450598929,327,3.555758237838745
14.52,81.72313874325864,80.54010212313904,329,3.524948835372925
14.55,81.71333392905524,80.53341698098976,326,3.4927663803100586
14.58,81.70222612974281,80.52310140727131,327,3.459197759628296
14.61,81.68933968266396,80.50681191550933,328,3.424231767654419
14.64,81.67894164797457,80.49041331360257,325,3.3878579139709473
14.67,81.67353093462323,80.47825943493268,332,3.350066661834717
14.700000000000001,81.66984623091068,80.47385709226572,325,3.310849189758301
14.73,81.67234362187848,80.4749356739238,327,3.2701966762542725
14.76,81.67987459350296,80.47904483611512,328,3.2281017303466797
14.790000000000001,81.68834274510623,80.48021157435583,330,3.184555768966675
14.82,81.69468066705709,80.48043978774456,322,3.1395535469055176
14.85,81.70058489901285,80.48274992623948,317,3.0930888652801514
14.88,81.70057581347473,80.48508888586527,314,3.045156478881836
14.91,81.70309447551038,80.4899583745018,316,2.9957523345947266
14.94,81.71417387211744,80.49733069853126,312,2.9448745250701904
14.97,81.72427915599164,80.5033564553431,311,2.8925211429595947
15.0,81.73293084266163,80.50416029879692,305,2.8386921882629395
15.030000000000001,81.74192195516868,80.49931872325205,304,2.78338885307312
15.06,81.76356095656968,80.49859741374,307,2.726614475250244
15.09,81.78953975606854,80.50324911474016,304,2.6683731079101562
15.120000000000001,81.81346126554867,80.5056878733224,308,2.608670473098755
15.15,81.83480928840382,80.50743608547914,309,2.5475144386291504
15.18,81.86474770120257,80.50734075933924,304,2.4849138259887695
15.21,81.91291585211196,80.51670012854248,302,2.42087984085083
15.24,81.9643421403001,80.52337921920714,300,2.355424642562866
15.27,82.01657937962149,80.5298398608381,302,2.288562059402466
15.3,82.07209031467616,80.54437078078493,304,2.220306158065796
15.33,82.12918383831494,80.56079871747863,300,2.1506431102752686
15.36,82.18392205854245,80.58127253508881,302,2.078993320465088
15.39,82.23078023326838,80.60030591126286,305,1.9955806732177734
15.42,82.27356895352747,80.61746872527529,304,1.8729321956634521
15.450000000000001,82.3067714333256,80.63400474957425,302,1.7436578273773193
15.48,82.33647656868428,80.65024329465943,299,1.616857886314392
15.51,82.37550966217904,80.66851226025386,293,1.4925936460494995
15.540000000000001,82.42604272406219,80.68943542123363,292,1.3708291053771973
15.57,82.48123298048925,80.71367215086015,290,1.251531958580017
15.6,82.53814742526536,80.7383795821267,289,1.134673833847046
15.63,82.5987035754494,80.76159472220645,286,1.020229697227478
15.66,82.66253079727254,80.78564472271609,285,0.9081775546073914
15.69,82.72163476915311,80.80864549638729,286,0.7984981536865234
15.72,82.77434193244012,80.82845684755081,280,0.6911748647689819
15.75,82.8079527573622,80.84648474987034,282,0.5861929655075073
15.780000000000001,82.83064062137593,80.85981234249041,284,0.4835394620895386
15.81,82.8562821117745,80.87789175493754,285,0.3832033574581146
15.84,82.87525421615817,80.8953466483766,290,0.28517472743988037
15.870000000000001,82.88609406920354,80.90996995749187,292,0.1894451081752777
15.9,82.89615801441974,80.92019549836488,291,0.09600688517093658
15.93,82.90563747976975,80.92651582882775,294,0.004853321239352226
15.96,82.91109119175317,80.93022387857734,291,-0.08402157574892044
15.99,82.91189418633945,80.9368477064986,287,-0.17062325775623322
16.02,82.90511238166255,80.94343789175517,286,-0.25495681166648865
16.05,82.8822807831151,80.9405203367065,284,-0.3370269536972046
16.080000000000002,82.86933964560725,80.9336135701106,280,-0.41683825850486755
16.11,82.85905501346132,80.9229347282724,276,-0.4943951368331909
16.14,82.85836253956036,80.91314365857902,278,-0.5697020888328552
16.17,82.85197213054944,80.90491601423474,281,-0.642763614654541
16.2,82.84151832219986,80.8976747276853,287,-0.7135844230651855
16.23,82.83470408053633,80.89209860450244,291,-0.7821694016456604
16.26,82.82769987257173,80.8875759548343,291,-0.8485239148139954
16.29,82.82229726292698,80.88253204275846,296,-0.9126532077789307
16.32,82.81408015684136,80.8727640105297,297,-0.9745631217956543
16.35,82.80782223465012,80.86117293840461,298,-1.0342596769332886
16.38,82.78898512692888,80.84644072368822,294,-1.0917491912841797
16.41,82.76288707443416,80.83065660197313,299,-1.1470381021499634
16.44,82.73159667100262,80.80939799544262,302,-1.2001334428787231
16.47,82.70074173407933,80.79109070775823,301,-1.2510424852371216
16.5,82.67100987579771,80.7711863593019,296,-1.2997733354568481
16.53,82.63712637098806,80.74998940397361,298,-1.3463342189788818
16.56,82.59758084834121,80.72774577077686,295,-1.3907345533370972
16.59,82.55920312710637,80.70692171268453,295,-1.432983636856079
16.62,82.51058232651026,80.68353260519218,290,-1.47309148311615
16.65,82.4407118727586,80.65420988473322,291,-1.5110688209533691
16.68,82.36279679669389,80.62328175804323,289,-1.5469276905059814
16.71,82.28267673813745,80.5858555416539,288,-1.5806798934936523
16.740000000000002,82.20691848182086,80.55595301581091,290,-1.6123384237289429
16.77,82.1354180606104,80.52835269848505,285,-1.6419169902801514
16.8,82.0472599175808,80.48989699207051,288,-1.6694297790527344
16.830000000000002,81.9518705410183,80.44866219495896,288,-1.694892168045044
16.86,81.85151510664801,80.40191778943071,287,-1.7183201313018799
16.89,81.74513149730157,80.35793816366285,286,-1.7397308349609375
16.92,81.62797675224252,80.31460755332944,287,-1.7591427564620972
16.95,81.51664972769717,80.27809167625941,284,-1.7765755653381348
16.98,81.41379296766536,80.24224028947827,286,-1.792050838470459
17.01,81.32033003771582,80.20807684588806,283,-1.8055931329727173
17.04,81.2429949630304,80.1771074485962,283,-1.81722891330719
17.07,81.1793501895922,80.14995546098683,289,-1.8269864320755005
17.1,81.11394082863754,80.12016168477423,289,-1.8348952531814575
17.13,81.0383334330517,80.08605644704642,289,-1.8409839868545532
17.16,80.9720115843301,80.05373931066447,283,-1.8452796936035156
17.19,80.9253555084305,80.03156024782157,281,-1.847806692123413
17.22,80.88504889652566,80.00901136885547,286,-1.8485883474349976
17.25,80.84712839708517,79.98575737177292,283,-1.847647786140442
17.28,80.81581066806018,79.96819670566987,286,-1.845009207725525
17.31,80.80268927712535,79.95253095683744,287,-1.8407001495361328
17.34,80.78963166233387,79.94128101877374,289,-1.834751844406128
17.37,80.78461613299184,79.93525027317294,287,-1.8271998167037964
17.400000000000002,80.78802990786139,79.9327826074124,291,-1.8180829286575317
17.43,80.79176432555154,79.92743444739615,292,-1.807440996170044
17.46,80.79544470955291,79.92204277296148,294,-1.7953150272369385
17.490000000000002,80.80228783498121,79.92145372104383,295,-1.781745195388794
17.52,80.80651489460294,79.9227955216251,292,-1.7667713165283203
17.55,80.80734669108963,79.92404880798249,291,-1.7504314184188843
17.580000000000002,80.8106103525554,79.92358282093035,285,-1.7327632904052734
17.61,80.83214196682296,79.92400327742203,285,-1.7138036489486694
17.64,80.8478657591508,79.92541374074766,286,-1.6935886144638062
17.67,80.86757732774079,79.93166031897984,289,-1.672154188156128
17.7,80.89764772267647,79.93929933257682,285,-1.6495352983474731
17.73,80.93707824522697,79.9508379069472,281,-1.6257678270339966
17.76,80.99568983510197,79.96699609179484,280,-1.600886344909668
17.79,81.05634114937517,79.98607098790967,281,-1.5749257802963257
17.82,81.11744185108651,80.0033428957745,281,-1.5479211807250977
17.85,81.17611111164686,80.02039127230272,288,-1.5199068784713745
17.88,81.25470903853878,80.03923294869666,290,-1.4909178018569946
17.91,81.34158582605563,80.05955836767225,294,-1.4609882831573486
17.94,81.42774782016005,80.08116316170218,294,-1.430152416229248
17.97,81.51670174840163,80.11027148443021,288,-1.3984442949295044
18.0,81.60816480342622,80.1422217767881,284,-1.3658982515335083
18.03,81.7016861892151,80.17513933318997,283,-1.3325475454330444
18.06,81.79778858407663,80.20913080789353,282,-1.2984260320663452
18.09,81.89587327262241,80.24368615745809,281,-1.2635670900344849
18.12,81.9884683895424,80.27646549664392,286,-1.228003978729248
18.150000000000002,82.07192885784806,80.30611220397192,283,-1.1917697191238403
18.18,82.15547074252963,80.33289968787864,284,-1.1548969745635986
18.21,82.23447003102814,80.36073979394762,284,-1.117418646812439
18.240000000000002,82.30921168615272,80.38830360061257,284,-1.0793668031692505
18.27,82.37612772381647,80.4194754207904,282,-1.040773868560791
18.3,82.45059013374082,80.45011375541046,287,-1.001671552658081
18.330000000000002,82.52865614396015,80.47846085962055,287,-0.9620913863182068
18.36,82.60848253670228,80.51257150736204,290,-0.9220650792121887
18.39,82.69165934590582,80.54612448555905,289,-0.8816239833831787
18.42,82.76389489042626,80.56977723113927,291,-0.8408001065254211
18.45,82.80683627879343,80.588588520731,289,-0.7996252179145813
18.48,82.84555192826481,80.60637525604805,287,-0.758131206035614
18.51,82.86871420368915,80.62088127314877,287,-0.716349720954895
18.54,82.89177866597632,80.63140977497346,286,-0.6743122339248657
18.57,82.91526262376708,80.63912273561274,286,-0.6320500373840332
18.6,82.93701842218597,80.6432609493567,283,-0.5895939469337463
18.63,82.95790466890901,80.65273154632617,283,-0.5469745397567749
18.66,82.97321250952416,80.66356276065572,284,-0.5042217969894409
18.69,82.97084452961514,80.66781232422002,284,-0.46136537194252014
18.72,82.95953610685604,80.66282671110278,283,-0.418434202671051
18.75,82.93865652469235,80.6514966351145,280,-0.37545663118362427
18.78,82.9118428141801,80.63583177993952,280,-0.33246055245399475
18.81,82.87851901408285,80.6194288557482,281,-0.2894730269908905
18.84,82.84771365066781,80.60612303212706,277,-0.24652059376239777
18.87,82.8230789271867,80.5973831639162,277,-0.20362913608551025
18.900000000000002,82.79459746515505,80.58302231541582,279,-0.16082382202148438
18.93,82.76319739451442,80.56617350330603,280,-0.11812921613454819
18.96,82.73252273362469,80.54801806689967,279,-0.07556921988725662
18.990000000000002,82.71033613315252,80.52534832381404,276,-0.033167123794555664
19.02,82.68627616652707,80.5037773569281,269,0.009054383262991905
19.05,82.6687449861866,80.49012201764585,265,0.05107313394546509
19.080000000000002,82.6506713435461,80.47913833314018,267,0.09286744892597198
19.11,82.63399593703234,80.46678498458418,267,0.1344166398048401
19.14,82.61544159158609,80.4486850946239,264,0.17570127546787262
19.17,82.59436863975601,80.42894907979795,264,0.2167031466960907
19.2,82.56513452136869,80.4138420437619,269,0.25740504264831543
19.23,82.53087377368747,80.39899513081808,264,0.29779061675071716
19.26,82.50489988316053,80.38538764873176,270,0.3378443717956543
19.29,82.47520236612907,80.3720807907781,272,0.37755143642425537
19.32,82.44381221305305,80.36157114107434,274,0.41689762473106384
19.35,82.41020424913678,80.35312510598152,279,0.4558691680431366
19.38,82.37403857896699,80.3482777968924,279,0.4944528341293335
19.41,82.33673360006918,80.3476223751053,281,0.5326356887817383
19.44,82.29506662231174,80.34267662952105,282,0.5704052448272705
19.47,82.24323085709524,80.3355443562597,278,0.6077488660812378
19.5,82.17792581376598,80.32659908117772,281,0.6446547508239746
19.53,82.10336232319345,80.31621674246021,282,0.6811107397079468
19.56,82.02434165042477,80.30068087207793,279,0.7171050310134888
19.59,81.94557539037201,80.28058496245174,278,0.7526258230209351
19.62,81.8757610647796,80.25753620501474,282,0.7876617908477783
19.650000000000002,81.81188132865401,80.2332936923481,287,0.8222010135650635
19.68,81.73895406261632,80.20508170606715,290,0.8562320470809937
19.71,81.64319785681778,80.16107387835355,291,0.8897432684898376
19.740000000000002,81.54395548369664,80.11280485387465,287,0.9227232336997986
19.77,81.44476555515962,80.06972672165888,285,0.9551602602005005
19.8,81.33750573078552,80.03086172501841,283,0.9870427846908569
19.830000000000002,81.22701620427674,79.99168271778312,283,1.0183587074279785
19.86,81.11510457203681,79.95216857584288,283,1.0490953922271729
19.89,81.01411640984618,79.9127336239865,283,1.079239010810852
19.92,80.9233061972173,79.87398985194369,282,1.1087756156921387
19.95,80.86116446802777,79.8422167714522,280,1.137690782546997
19.98,80.81004683544542,79.81938563171816,277,1.1659715175628662
20.01,80.77233371393825,79.81109163929666,279,1.1936043500900269
20.04,80.73794534130087,79.80387367078795,282,1.220577359199524
20.07,80.70789333021851,79.8019865022364,281,1.2468793392181396
20.1,80.67910656339221,79.7962823351009,287,1.2724997997283936
20.13,80.65456801172965,79.79366659658554,292,1.2974295616149902
20.16,80.6501428222618,79.7923260373259,290,1.321660041809082
20.19,80.68584842890579,79.80528828520752,283,1.3451837301254272
20.22,80.7827731826111,79.83252270600806,285,1.3679941892623901
20.25,80.89536977362249,79.86538738449424,287,1.3900859355926514
20.28,81.00122780614333,79.89790318171653,284,1.411454439163208
20.31,81.10614657368022,79.93046425208342,284,1.4320958852767944
20.34,81.21675695600771,79.96793271982501,284,1.452006220817566
20.37,81.33533876321837,80.01079739334253,285,1.4711806774139404
20.400000000000002,81.45805065037925,80.05164773801995,284,1.4896130561828613
20.43,81.57806566301804,80.08832450593171,285,1.507297158241272
20.46,81.68876208044072,80.11151367763225,284,1.5242267847061157
20.490000000000002,81.79114002223808,80.13499411741869,283,1.5403945446014404
20.52,81.88681666070768,80.15536827201737,283,1.5557936429977417
20.55,81.98477155214508,80.17457237323387,284,1.570416808128357
20.580000000000002,82.07234839079345,80.1973174473716,284,1.5842570066452026
20.61,82.15220779071075,80.22192246278082,286,1.5973079204559326
20.64,82.2458898099712,80.25165109047396,289,1.6095627546310425
20.67,82.3462234989599,80.28205155315781,284,1.6210150718688965
20.7,82.4492837347051,80.31066558893869,284,1.6316592693328857
20.73,82.53527888552782,80.33421591896297,279,1.641489863395691
20.76,82.61608197352409,80.35119885539505,280,1.6505022048950195
20.79,82.70096347040375,80.36617744914707,281,1.658691167831421
20.82,82.79539059332588,80.383071337223,283,1.6660515069961548
20.85,82.88701008468806,80.4040218577827,281,1.6725778579711914
20.88,82.97178666674151,80.428686832388,284,1.6782647371292114
20.91,83.04515818781556,80.45234352215142,283,1.6831061840057373
20.94,83.11481078932023,80.47545841926299,280,1.6870968341827393
20.97,83.17845853797716,80.49946659798724,282,1.6902306079864502
21.0,83.2382309595132,80.51337100370893,282,1.6925019025802612
21.03,83.30135891640342,80.52495699269893,279,1.6939055919647217
21.06,83.36291220899818,80.53600886623175,283,1.6944364309310913
21.09,83.4267476863074,80.55214336293596,283,1.6940897703170776
21.12,83.48944433853687,80.57169090777111,288,1.6928614377975464
21.150000000000002,83.53693864034582,80.58299821197116,289,1.6907474994659424
21.18,83.5650122385159,80.58974001147516,286,1.6877456903457642
21.21,83.58797699282297,80.59113340515347,280,1.6838546991348267
21.240000000000002,83.61420957562864,80.5921460380274,284,1.679073691368103
21.27,83.63236090918005,80.58931521519013,283,1.6734036207199097
21.3,83.64508263539882,80.58743907828088,283,1.6668474674224854
21.330000000000002,83.64590923676491,80.58573359092803,283,1.6594102382659912
21.36,83.64882651166018,80.58230448434621,284,1.6510999202728271
21.39,83.64771212513136,80.57559290921657,283,1.6419262886047363
21.42,83.64615614199113,80.562910836867,284,1.631901741027832
21.45,83.64310840792838,80.55119678704817,287,1.621039628982544
21.48,83.62682388736495,80.5342567394769,290,1.6093556880950928
21.51,83.592437816278,80.51868813834278,292,1.596867322921753
21.54,83.54299366982035,80.50561968781899,295,1.5835925340652466
21.57,83.48882016615565,80.49021761337661,294,1.5695514678955078
21.6,83.4277867816914,80.47155977906299,293,1.5547646284103394
21.63,83.36175998878431,80.44941667613996,291,1.539254069328308
21.66,83.29512284867297,80.4351011160546,287,1.5230425596237183
21.69,83.23298404419113,80.42476989978996,287,1.5061538219451904
21.72,83.17240381552284,80.42147210221854,286,1.4886119365692139
21.75,83.11201327845912,80.41395207008806,283,1.470442295074463
21.78,83.04876907103655,80.39907039398508,279,1.4516702890396118
21.81,82.98033952899682,80.38029901532288,277,1.4323220252990723
21.84,82.90334987049299,80.3626177556976,279,1.4124239683151245
21.87,82.83610172540183,80.35099122745545,283,1.3920032978057861
21.900000000000002,82.78414179736326,80.3436285771966,283,1.3710869550704956
21.93,82.7330850479978,80.32900706317517,283,1.3497023582458496
21.96,82.67526814758929,80.3130808777011,282,1.327877402305603
21.990000000000002,82.6105491841952,80.29918638756195,278,1.3056398630142212
22.02,82.54346845536654,80.28359147889292,276,1.2830177545547485
22.05,82.4921446358035,80.27297823110057,270,1.2600396871566772
22.080000000000002,82.45174638085686,80.2655702379231,263,1.2367337942123413
22.11,82.41455627233705,80.25848801049587,259,1.2131290435791016
22.14,82.37876295954744,80.25292585331474,262,1.1892541646957397
22.17,82.34627681198823,80.24852922311341,264,1.1651382446289062
22.2,82.31618676599018,80.24443818827538,267,1.1408107280731201
22.23,82.28445914003227,80.24273462190409,267,1.1163005828857422
22.26,82.23719645401513,80.23401465158817,267,1.0916374921798706
22.29,82.18140351193748,80.2208177943238,268,1.0668507814407349
22.32,82.13209215217896,80.20723221938925,268,1.0419695377349854
22.35,82.09099623959892,80.1889109086107,270,1.0170235633850098
22.38,82.04862444006422,80.17080378492693,270,0.992042064666748
22.41,82.00728063849772,80.15614802889975,273,0.967054545879364
22.44,81.962960059298,80.14120164696304,278,0.9420901536941528
22.47,81.90733688779842,80.11688266538616,276,0.9171779751777649
22.5,81.84761595563447,80.08667915516862,276,0.8923467993736267
22.53,81.78501381712665,80.05487334275058,283,0.8676254749298096
22.56,81.716286548815,80.01781129630577,284,0.8430425524711609
22.59,81.6371680672323,79.98085542697122,286,0.8186262845993042
22.62,81.54805052536128,79.94491839519574,286,0.7944046854972839
22.650000000000002,81.4574676349993,79.9116478131802,281,0.7704052925109863
22.68,81.38449834000751,79.88293881468424,276,0.7466557025909424
22.71,81.327597126408,79.85551815926235,270,0.7231829166412354
22.740000000000002,81.2843110783118,79.83749217320363,274,0.7000134587287903
22.77,81.25131443894969,79.82329814878366,280,0.6771740913391113
22.8,81.21949263423667,79.80823708238914,285,0.6546918153762817
22.830000000000002,81.18438699814746,79.78831084915507,290,0.632594108581543
22.86,81.15190982114443,79.77206539364563,297,0.6109082102775574
22.89,81.13000633461255,79.7658982562492,299,0.5896613001823425
22.92,81.12018953697459,79.76312592491966,297,0.5688800811767578
22.95,81.11264391150372,79.76652527488112,295,0.5485910177230835
22.98,81.1325625518381,79.7747724471893,293,0.5288199782371521
23.01,81.15231171861475,79.77842707699493,293,0.5095916986465454
23.04,81.16574283430165,79.77916158867755,291,0.49093034863471985
23.07,81.18820159897018,79.78361662371083,295,0.4728591740131378
23.1,81.21790308922003,79.78557108008263,291,0.45540016889572144
23.13,81.25116010682031,79.7897696135389,293,0.4385744035243988
23.16,81.29356031049781,79.7937583750576,298,0.422401487827301
23.19,81.34491626562222,79.80481757990434,298,0.4068993031978607
23.22,81.39825458818125,79.81445151628283,301,0.3920835852622986
23.25,81.45216689857388,79.81861411622116,302,0.3779680132865906
23.28,81.51598444887715,79.82341155944452,305,0.36456435918807983
23.31,81.58086919092418,79.83115579224207,309,0.35188233852386475
23.34,81.64614904278687,79.84649024298999,305,0.33993005752563477
23.37,81.73475944109781,79.87686086600164,312,0.32871395349502563
23.400000000000002,81.83223765285999,79.91248088536115,311,0.31823885440826416
23.43,81.92247713735351,79.94873415813434,310,0.3085080683231354
23.46,82.01255813475821,79.9831945992023,315,0.29952406883239746
23.490000000000002,82.10607847767251,80.01704717962997,313,0.2912888526916504
23.52,82.19464849459817,80.0481609909524,308,0.2838040292263031
23.55,82.27060804560946,80.07671972364307,305,0.2770709693431854
23.580000000000002,82.33568816726694,80.10130009716634,311,0.2710908055305481
23.61,82.39667263307042,80.12250928322636,310,0.26586422324180603
23.64,82.45454865793063,80.14280979888714,313,0.26139184832572937
23.67,82.51028654118497,80.15828557189765,311,0.25767379999160767
23.7,82.55650720710085,80.16847972158558,315,0.2547101080417633
23.73,82.6082007029922,80.17625890347789,313,0.2525002658367157
23.76,82.66081093308469,80.18299415269311,313,0.25104257464408875
23.79,82.71060146815027,80.19296123864414,315,0.2503332793712616
23.82,82.75106082180274,80.20333088347368,311,0.25036635994911194
23.85,82.78499150848653,80.20806069678994,308,0.25113388895988464
23.88,82.81910142926927,80.20755352100755,306,0.2526261806488037
23.91,82.85018568844256,80.20983227587786,307,0.25483188033103943
23.94,82.87591046839005,80.20715626038665,303,0.25773805379867554
23.97,82.90051316353969,80.20788596535314,300,0.26133039593696594
24.0,82.92933468769455,80.20859984096985,301,0.2655932307243347
24.03,82.96606513321163,80.21451903955847,304,0.2705097198486328
24.060000000000002,83.00264349025629,80.22285014676767,306,0.27606192231178284
24.09,83.03505462958375,80.22792534972848,299,0.2822309136390686
24.12,83.05497296500766,80.22188142899707,297,0.2889968156814575
24.150000000000002,83.07218655609542,80.21533263813494,293,0.2963389456272125
24.18,83.08630807509049,80.20893158657293,291,0.3042357861995697
24.21,83.09298021617802,80.20127364781831,290,0.3126652240753174
24.240000000000002,83.08577008937375,80.19455663725431,290,0.32160449028015137
24.27,83.06097082346118,80.18397177044422,295,0.33103013038635254
24.3,83.02641884879286,80.17270132725368,299,0.34091809391975403
24.330000000000002,82.99551963545831,80.15447980509978,301,0.35124343633651733
24.36,82.96026065355613,80.13307349500869,298,0.3619798421859741
24.39,82.91942647400091,80.10802051236087,297,0.37309977412223816
24.42,82.88029215973266,80.08825375756419,294,0.3845748007297516
24.45,82.8363242921252,80.07294326443031,292,0.39637529850006104
24.48,82.7897186331244,80.06145936330135,285,0.4084709882736206
24.51,82.74258941527832,80.0526228211833,286,0.42083075642585754
24.54,82.69104833297499,80.03665426414825,284,0.43342289328575134
24.57,82.63925017880129,80.01544289401758,282,0.44621530175209045
24.6,82.58882381144916,79.99561022142998,280,0.45917534828186035
24.63,82.54912412156322,79.97498610379148,280,0.4722701609134674
24.66,82.51808673038171,79.95626495065711,275,0.48546651005744934
24.69,82.48036692410426,79.93375353417237,277,0.4987312853336334
24.72,82.437802810721,79.91055929718246,277,0.5120311379432678
24.75,82.39425444394409,79.88908205644962,279,0.5253328084945679
24.78,82.35086036417647,79.86933681751367,280,0.5386032462120056
24.810000000000002,82.31772604209544,79.84872606134341,280,0.5518094301223755
24.84,82.28531914336978,79.82476086976358,276,0.5649186968803406
24.87,82.25194912511539,79.80312874666794,274,0.5778984427452087
24.900000000000002,82.22529590710087,79.7831434310524,280,0.5907169580459595
24.93,82.19183011717679,79.75978493255315,286,0.6033425331115723
24.96,82.15449541127958,79.74225531915293,288,0.6157442927360535
24.990000000000002,82.11647170964856,79.72800022405617,288,0.6278918385505676
25.02,82.07130418822851,79.71211943432904,286,0.6397562623023987
25.05,82.02571348311444,79.70043520769507,288,0.6513102650642395
25.080000000000002,81.96958620226714,79.69699654550547,290,0.6625283360481262
25.11,81.9132570038412,79.69541329022606,286,0.6733866930007935
25.14,81.87824550640745,79.71011696725972,279,0.6838639974594116
25.17,81.85893085027212,79.72753428381567,279,0.6939406991004944
25.2,81.83111966605584,79.74311408346543,280,0.7035992741584778
25.23,81.80192443618445,79.75539698659189,276,0.7128240466117859
25.26,81.77932318279822,79.76163865075445,283,0.7216013669967651
25.29,81.75110464737953,79.76509455803954,288,0.7299188375473022
25.32,81.72296226742439,79.76943025094404,289,0.7377659678459167
25.35,81.70720210307795,79.77351393090758,288,0.7451335191726685
25.38,81.69489585774075,79.77616694058631,288,0.7520136833190918
25.41,81.68226995591112,79.77262550920935,288,0.7583999037742615
25.44,81.6570504605237,79.76604527116643,287,0.7642868757247925
25.47,81.6191146059319,79.74951128087505,285,0.7696703672409058
25.5,81.58864015167464,79.7316240675317,285,0.7745473384857178
25.53,81.56618243798376,79.7140929210353,281,0.7789158225059509
25.560000000000002,81.54231050266715,79.70016220955367,282,0.7827746868133545
25.59,81.52550245979911,79.68742602563692,286,0.7861239314079285
25.62,81.51736743263419,79.67725482120335,285,0.7889642715454102
25.650000000000002,81.50453572915073,79.66095730924943,288,0.7912974953651428
25.68,81.50021915894186,79.6437594661613,287,0.7931258082389832
25.71,81.5057991127438,79.6270993326001,287,0.7944528460502625
25.740000000000002,81.50520093479344,79.61009084740142,291,0.7952824234962463
25.77,81.50491149155987,79.58995207842584,291,0.7956194877624512
25.8,81.49913580139211,79.56192184354661,293,0.7954694628715515
25.830000000000002,81.49475175912795,79.53598343571707,297,0.7948386669158936
25.86,81.4946070167019,79.51893819022003,299,0.7937341332435608
25.89,81.50767828900958,79.51527104724289,302,0.7921631336212158
25.92,81.52336469642844,79.51471566221521,305,0.7901338934898376
25.95,81.55110658978123,79.51837704728466,308,0.787655234336853
25.98,81.58004573979632,79.52379121067054,306,0.7847363948822021
26.01,81.6145062831281,79.53169896070227,307,0.7813871502876282
26.04,81.66978810456843,79.55006533270652,306,0.7776180505752563
26.07,81.74581154827821,79.57930367478448,308,0.7734399437904358
26.1,81.8269248762897,79.605383336224,300,0.768864095211029
26.13,81.92096859505602,79.64701362004837,301,0.763902485370636
26.16,82.02412607289892,79.69292093168795,297,0.7585673928260803
26.19,82.13803502263534,79.73986582256873,295,0.7528714537620544
26.22,82.24551575767543,79.78396645058085,296,0.7468278408050537
26.25,82.34848949684417,79.82631095613966,298,0.7404504418373108
26.28,82.45054507539528,79.87092529136456,297,0.7337537407875061
26.310000000000002,82.54228879308826,79.91061545872202,291,0.7267523407936096
26.34,82.62879062062223,79.94765727944774,291,0.7194612622261047
26.37,82.71102981815787,79.97430798178935,289,0.7118952870368958
26.400000000000002,82.78561260678418,79.98997459899957,288,0.7040697932243347
26.43,82.84922673068847,80.0060050121816,286,0.6960000395774841
26.46,82.90440909611988,80.02288181522135,286,0.6877015829086304
26.490000000000002,82.95357116443289,80.04535164419322,284,0.6791901588439941
26.52,82.9992843427564,80.0639937301815,282,0.670481264591217
26.55,83.04338473273664,80.08554118552986,282,0.6615908741950989
26.580000000000002,83.08810159690434,80.10675695319627,284,0.6525344848632812
26.61,83.12881148436644,80.12969915419525,284,0.643328070640564
26.64,83.166526849195,80.14756385140426,285,0.633987545967102
26.67,83.20393234092117,80.16538135128106,283,0.624528706073761
26.7,83.24286019641198,80.18038726039346,282,0.6149674654006958
26.73,83.28210165292097,80.19109095046983,277,0.6053194999694824
26.76,83.3209212708345,80.19912917762024,277,0.5956007242202759
26.79,83.35885512388316,80.2072962188384,278,0.5858266353607178
26.82,83.39799548112697,80.21742262655401,277,0.5760127902030945
26.85,83.42598627306245,80.22521826302705,279,0.5661748051643372
26.88,83.44281915164856,80.23168844372901,279,0.5563279390335083
26.91,83.44657518494792,80.23444525069958,277,0.5464873313903809
26.94,83.42755063112057,80.22556789931984,275,0.5366681218147278
26.97,83.39931202039928,80.21195470237222,276,0.5268850326538086
27.0,83.35659191178055,80.19587928454315,277,0.5171533823013306
27.03,83.29888281259962,80.17958752814852,276,0.507489025592804
27.060000000000002,83.24100743353642,80.16137278569252,275,0.4979086220264435
27.09,83.18252828381313,80.13731830690568,274,0.48842939734458923
27.12,83.11442094190923,80.1070135158086,276,0.4790688753128052
27.150000000000002,83.03863136051457,80.08428014004132,280,0.469844251871109
27.18,82.96171414250851,80.05678948819101,283,0.4607721269130707
27.21,82.88890309823675,80.02370651769829,287,0.45186880230903625
27.240000000000002,82.82744865449935,79.99114667899123,285,0.44314998388290405
27.27,82.75630468630264,79.95615003376433,287,0.4346309304237366
27.3,82.68192779991466,79.92493272662293,284,0.4263264238834381
27.330000000000002,82.60781339530845,79.88877538646761,286,0.41824963688850403
27.36,82.53350601742278,79.85173980014025,287,0.41041141748428345
27.39,82.46534781312577,79.80871927330193,287,0.4028204083442688
27.42,82.39903272747269,79.76893737551035,286,0.395483136177063
27.45,82.34548333339889,79.74094153337165,289,0.3884042203426361
27.48,82.30762937569317,79.71469116418484,288,0.38158664107322693
27.51,82.2734913673004,79.68208366400629,289,0.37503162026405334
27.54,82.23752886559433,79.64908162707117,286,0.36873945593833923
27.57,82.20674803145842,79.6259676467506,277,0.3627104163169861
27.6,82.192260726211,79.61263110769868,281,0.356945276260376
27.63,82.18479062415612,79.60659510670172,282,0.35144519805908203
27.66,82.18811829416187,79.6078802693655,283,0.34621161222457886
27.69,82.1937091476973,79.60887305461877,280,0.3412461578845978
27.72,82.20233115778046,79.60535577729628,280,0.3365507125854492
27.75,82.2102917730157,79.59829861341903,281,0.33212679624557495
27.78,82.21298415527896,79.5979219101692,278,0.3279760181903839
27.810000000000002,82.21340138024976,79.59039850216715,277,0.32409974932670593
27.84,82.200495886561,79.58339379985745,282,0.3204989433288574
27.87,82.178713226569,79.57964044454704,283,0.3171742558479309
27.900000000000002,82.14718159470239,79.57167834187233,284,0.31412580609321594
27.93,82.0926078043135,79.56100955724219,282,0.31135329604148865
27.96,82.02839735662057,79.5501743563716,281,0.3088558316230774
27.990000000000002,81.97618103146887,79.54295231078429,285,0.30663207173347473
28.02,81.91598961294345,79.53327729283338,285,0.3046799600124359
28.05,81.85065975816757,79.51757211762225,286,0.30299684405326843
28.080000000000002,81.77932846652675,79.50189706116052,289,0.3015795052051544
28.11,81.71107631422336,79.48108396398784,289,0.3004239797592163
28.14,81.65031543526122,79.45814913199882,287,0.2995257079601288
28.17,81.59764410937692,79.43377846277143,292,0.2988795340061188
28.2,81.5643734164433,79.40599197439191,293,0.2984795868396759
28.23,81.55226157760663,79.37980304134872,296,0.29831933975219727
28.26,81.54473839594148,79.3560693981081,298,0.29839175939559937
28.29,81.54267783137807,79.33157797781544,300,0.298689067363739
28.32,81.53708814860718,79.30543620730369,301,0.2992030084133148
28.35,81.53843035104711,79.2847883836292,300,0.2999247908592224
28.38,81.54888699164847,79.26466430249899,298,0.30084526538848877
28.41,81.57355753000223,79.25196294735818,301,0.30195558071136475
28.44,81.61625574862437,79.25051931065465,303,0.30324724316596985
28.47,81.67033795199228,79.25765244393202,304,0.30471253395080566
28.5,81.71638115944927,79.27259375113472,309,0.3063441812992096
28.53,81.74850995537359,79.29118168906811,304,0.3081356883049011
28.560000000000002,81.7751922096643,79.30356943240785,303,0.3100810945034027
28.59,81.80718298816112,79.32728824252023,300,0.31217527389526367
28.62,81.84669724436971,79.36179874139152,296,0.31441351771354675
28.650000000000002,81.87825643981361,79.38904477108404,296,0.31679195165634155
28.68,81.90052427549419,79.41600374175069,297,0.3193073272705078
28.71,81.92351444484314,79.44128982565543,302,0.3219570219516754
28.740000000000002,81.93271018380838,79.4628476025655,301,0.3247392177581787
28.77,81.93197169899709,79.48117819276166,301,0.32765257358551025
28.8,81.92457444345125,79.48955860868016,303,0.3306964337825775
28.830000000000002,81.91962604350337,79.49455326173623,305,0.3338707983493805
28.86,81.91795037915998,79.49644888491135,304,0.33717629313468933
28.89,81.92541963134359,79.50079958628018,308,0.3406141400337219
28.92,81.9358642996099,79.50317273162207,307,0.34418603777885437
28.95,81.94097833022974,79.50567528313498,309,0.34789416193962097
28.98,81.94969891817816,79.50874324422436,310,0.3517412543296814
29.01,81.95799929498982,79.51666686142907,310,0.35573023557662964
29.04,81.96435446148618,79.52866268920307,309,0.35986456274986267
29.07,81.97511198199264,79.53724400252975,311,0.3641478717327118
29.1,81.99424027138657,79.55249634346794,313,0.3685840666294098
29.13,82.01660793588336,79.56836812949737,315,0.3731776475906372
29.16,82.03838432419414,79.58554875317229,314,0.37793412804603577
29.19,82.05852759926114,79.60240869889944,313,0.3828597962856293
29.22,82.09161793944902,79.62333789255442,317,0.3879612982273102
29.25,82.13218572586814,79.64906936254977,319,0.39324572682380676
29.28,82.16811150205254,79.67786273931212,317,0.39872032403945923
29.310000000000002,82.19971529068508,79.70339475616841,316,0.4043922424316406
29.34,82.23133153015485,79.72340064982302,317,0.41026851534843445
29.37,82.26785323394303,79.7408056854077,317,0.41635584831237793
29.400000000000002,82.30443863026353,79.74888604683572,316,0.4226605296134949
29.43,82.33683098732281,79.75552052433648,317,0.42918840050697327
29.46,82.36389315734996,79.76775165415137,317,0.43594473600387573
29.490000000000002,82.39008986622264,79.77458955895013,319,0.44293391704559326
29.52,82.41360597804118,79.78091378558278,316,0.4501596689224243
29.55,82.43552210630291,79.7899147902553,311,0.4576249420642853
29.580000000000002,82.45425827102378,79.7986458583099,313,0.4653318524360657
29.61,82.4708546492505,79.80072586248923,311,0.47328150272369385
29.64,82.48503732558868,79.79102576712224,312,0.48147404193878174
29.67,82.4927853865269,79.7777351230773,315,0.4899085760116577
29.7,82.49887769152781,79.75628825636404,315,0.4985833168029785
29.73,82.50823198965695,79.73751570923235,316,0.5074953436851501
29.76,82.512709527981,79.72007072918576,318,0.5166407823562622
29.79,82.50569670895004,79.69844622103048,318,0.5260142683982849
29.82,82.49371261887688,79.67325830445753,320,0.5356090664863586
29.85,82.48053011217864,79.64697212749638,317,0.5454180240631104
29.88,82.46490347335406,79.62837832048649,313,0.5554328560829163
29.91,82.45129395695541,79.6125122712913,309,0.5656450390815735
29.94,82.42534672870671,79.59415770986197,308,0.5760453939437866
29.97,82.40273350128058,79.5705372528896,306,0.5866245627403259
30.0,82.38375909606752,79.54789395663602,305,0.5973730087280273
30.03,82.35653970515956,79.52278837069234,305,0.6082807183265686
30.060000000000002,82.32538288301681,79.50135699083333,307,0.6193379163742065
30.09,82.2906213396621,79.47562434419154,304,0.6305343508720398
30.12,82.24984722490741,79.4438173924476,302,0.6418594121932983
30.150000000000002,82.20786134735688,79.40498471583672,301,0.653300404548645
30.18,82.17461730096966,79.36510576638457,296,0.6648431420326233
30.21,82.13580303957141,79.32742928815803,300,0.6764715909957886
30.240000000000002,82.08428384359786,79.29023308288669,298,0.6881686449050903
30.27,82.02671365852629,79.25728575710153,295,0.6999158263206482
30.3,81.96856947243249,79.22570178966488,301,0.7116937637329102
30.330000000000002,81.9245590088589,79.19933527885479,307,0.7234821915626526
30.36,81.88947593109023,79.17774155920736,310,0.7352601289749146
30.39,81.85814544532714,79.16013377176347,309,0.7470060586929321
30.42,81.83225567132125,79.14279048812386,306,0.7586976289749146
30.45,81.80345490814356,79.13063699573742,305,0.7703127264976501
30.48,81.77740340866833,79.11491711747327,303,0.7818286418914795
30.51,81.75911328549331,79.1056833290236,302,0.7932223081588745
30.54,81.73323738404112,79.09542802516705,302,0.8044707775115967
30.57,81.69730961188085,79.08451681588299,302,0.8155510425567627
30.6,81.66844605899458,79.07727341764087,299,0.8264397382736206
30.63,81.64641110242304,79.06371611032122,305,0.8371129035949707
30.66,81.63163957868801,79.04789378346665,310,0.8475457429885864
30.69,81.61369575878484,79.03830867943077,308,0.8577126860618591
30.72,81.59829116946975,79.04606722611935,312,0.867587685585022
30.75,81.58650225807456,79.05899906828161,311,0.8771442770957947
30.78,81.58361419851333,79.07660981202959,311,0.8863556981086731
30.810000000000002,81.59381160666871,79.1028876543437,313,0.8951948285102844
30.84,81.62635221241187,79.14012778073598,312,0.9036346077919006
30.87,81.66928790523782,79.17504898370728,311,0.9116476774215698
30.900000000000002,81.71698136360334,79.20694618851124,308,0.9192069172859192
30.93,81.75541410744846,79.23778584854027,305,0.9262852668762207
30.96,81.78846597558416,79.26005632877535,305,0.9328559637069702
30.990000000000002,81.8155751645574,79.28138050038382,301,0.9388930201530457
31.02,81.83757767442762,79.29968603139956,300,0.9443731307983398
31.05,81.85464609973351,79.31917671486778,295,0.9492745995521545
31.080000000000002,81.85429185419036,79.33126936812953,299,0.9535781145095825
31.11,81.85408885972252,79.33820623642116,304,0.9572664499282837
31.14,81.8506020409999,79.33803112688187,304,0.9603241086006165
31.17,81.85716771150341,79.33873684383134,307,0.9627377390861511
31.2,81.85804027143796,79.33541563376541,310,0.9644964933395386
31.23,81.84096982273992,79.32684980733362,310,0.9655922651290894
31.26,81.81657589099665,79.31696224379681,311,0.9660195112228394
31.29,81.7977504799455,79.31802950640987,315,0.9657751321792603
31.32,81.77576491383807,79.31660848273566,317,0.96485835313797
31.35,81.75144432081373,79.31057820599814,315,0.9632704854011536
31.38,81.74059768354604,79.30806038713045,316,0.961014986038208
31.41,81.75258326766237,79.31238133061359,315,0.9580970406532288
31.44,81.77049264013249,79.31795853057064,314,0.9545232057571411
31.470000000000002,81.78563262078303,79.3246984199097,315,0.9503015279769897
31.5,81.79929906449989,79.32942033827565,318,0.9454410076141357
31.53,81.80593759986556,79.32843557212864,319,0.9399517774581909
31.560000000000002,81.81696218193026,79.32296919340259,326,0.9338451027870178
31.59,81.84145310378454,79.32666038207579,328,0.9271331429481506
31.62,81.86909690083057,79.32719290392382,328,0.9198281764984131
31.650000000000002,81.89348466850325,79.32207781294282,330,0.9119437336921692
31.68,81.92833877790409,79.31773449518315,336,0.9034932851791382
31.71,81.96535339837595,79.31307860584526,333,0.8944909572601318
31.740000000000002,81.99789251579891,79.30142642130372,331,0.8849508166313171
31.77,82.0303241980352,79.28506768832331,333,0.8748875260353088
31.8,82.07190026256589,79.27255662405886,328,0.864315390586853
31.830000000000002,82.13227262393805,79.27682954763974,319,0.8532492518424988
31.86,82.19168174985832,79.28629264000742,314,0.841703474521637
31.89,82.24599271213444,79.29977472261574,317,0.8296927213668823
31.92,82.30350660844933,79.31873464992348,318,0.8172312378883362
31.95,82.36118559462163,79.33364984355218,318,0.8043332695960999
31.98,82.41055287238011,79.34160505708945,315,0.7910129427909851
32.01,82.45408091916147,79.34901547459695,317,0.7772841453552246
32.04,82.50409064567572,79.35699699137409,317,0.7631605863571167
32.07,82.55124316218419,79.37026907105779,318,0.7486559748649597
32.1,82.59788782069592,79.3833380960219,317,0.7337838411331177
32.13,82.64149202844641,79.39697928184722,316,0.7185576558113098
32.160000000000004,82.67840564329079,79.40887175973843,317,0.7029907703399658
32.19,82.71720291049726,79.41933130894809,314,0.6870967149734497
32.22,82.75115198293486,79.4350082225092,311,0.6708890199661255
32.25,82.77428357575486,79.4547498562354,312,0.6543811559677124
32.28,82.79627950886945,79.47881736300299,316,0.6375868916511536
32.31,82.81316062053916,79.49886547900951,313,0.6205199956893921
32.34,82.82244933070686,79.51493361887246,312,0.6031941771507263
32.37,82.83170931211654,79.5246533618784,310,0.5856229662895203
32.4,82.83761501362565,79.5277654245069,310,0.5678191781044006
32.43,82.84168358319518,79.53103177715835,308,0.5497950911521912
32.46,82.84503417609864,79.53491719294838,311,0.5315625071525574
32.49,82.84172901468666,79.53617924267189,308,0.5131332278251648
32.52,82.83443322192919,79.53318273973233,310,0.4945189952850342
32.55,82.82316328146656,79.5261575946676,308,0.47573140263557434
32.58,82.80486324513186,79.52102891449239,306,0.45678234100341797
32.61,82.77897517681488,79.50656459512497,303,0.43768393993377686
32.64,82.7510886959687,79.49222611183869,307,0.41844862699508667
32.67,82.73151604851414,79.48330600249886,301,0.39908939599990845
32.7,82.71423310399364,79.47264097153337,302,0.3796195387840271
32.730000000000004,82.70117798844059,79.45466296314886,302,0.36005300283432007
32.76,82.69020838246793,79.43349211626439,299,0.34040430188179016
32.79,82.67617958881969,79.40198014793523,301,0.3206890821456909
32.82,82.66176810132607,79.36785089773439,303,0.30092453956604004
32.85,82.6408199437652,79.32994487590477,304,0.28112897276878357
32.88,82.61521676866104,79.28314720777557,307,0.2613219916820526
32.910000000000004,82.59437570308148,79.23594412618698,307,0.2415241152048111
32.94,82.57821695400293,79.18322590001532,312,0.22175680100917816
32.97,82.55559657283501,79.13491665794474,319,0.2020420879125595
33.0,82.53341338782545,79.09837802732166,320,0.18240271508693695
33.03,82.5159106928738,79.06258752415735,317,0.1628618687391281
33.06,82.50905683685096,79.03173442565962,318,0.14344313740730286
33.09,82.50081364708319,79.00713391782338,317,0.12417037039995193
33.12,82.47645653581019,78.98330477062167,317,0.1050676554441452
33.15,82.4409081753018,78.95799854346464,314,0.08615903556346893
33.18,82.40647470912035,78.93023861384387,308,0.06746802479028702
33.21,82.38236962880592,78.91521757528642,303,0.04901713505387306
33.24,82.37154122995219,78.90590746553836,299,0.030827848240733147
33.27,82.37243953498145,78.89787930618779,297,0.012920576147735119
33.3,82.36227390829667,78.89305018054579,298,-0.004685324151068926
33.33,82.34436073416414,78.88140107313896,297,-0.021971551701426506
33.36,82.32220788719621,78.87506914452997,292,-0.038920849561691284
33.39,82.2890936099336,78.86853032067448,296,-0.05551699176430702
33.42,82.24581709276433,78.86000036993403,299,-0.07174479216337204
33.45,82.20802362722435,78.85127499508765,307,-0.08758991956710815
33.480000000000004,82.1911490705148,78.85076970046259,312,-0.1030382364988327
33.51,82.17326296970168,78.84396451994469,318,-0.1180756464600563
33.54,82.1657950149627,78.84264618662185,320,-0.1326880156993866
33.57,82.15966544184757,78.84586427329134,317,-0.14686086773872375
33.6,82.15909612764506,78.84645146793628,314,-0.16057837009429932
33.63,82.17024357412825,78.84870387440456,316,-0.17382296919822693
33.660000000000004,82.18346485282645,78.8573536941303,312,-0.18657569587230682
33.69,82.18926006366704,78.8568456929894,311,-0.19881629943847656
33.72,82.19246982636898,78.85343652426275,313,-0.21052336692810059
33.75,82.20756790568251,78.86073876552771,319,-0.2216751128435135
33.78,82.2340211236476,78.87209274267262,324,-0.23225067555904388
33.81,82.26687838864639,78.87805111415891,327,-0.24223071336746216
33.84,82.2942836992832,78.87312171905178,327,-0.25159740447998047
33.87,82.3118516164816,78.8664304143498,325,-0.2603345513343811
33.9,82.32309092299747,78.86286453906737,326,-0.2684274911880493
33.93,82.33376640938762,78.8544386382123,327,-0.2758631408214569
33.96,82.34266590083962,78.84520092886662,335,-0.2826300263404846
33.99,82.35238735413853,78.83863864802058,330,-0.2887182831764221
34.02,82.36902088707834,78.83612441402744,332,-0.2941196858882904
34.05,82.37981518469095,78.84353991990781,328,-0.29882749915122986
34.08,82.3865450963272,78.85382479725868,322,-0.30283671617507935
34.11,82.38657672069247,78.85602847527369,323,-0.30614370107650757
34.14,82.38266455720851,78.85956783342984,320,-0.30874645709991455
34.17,82.39082752255118,78.86888577994911,319,-0.31064456701278687
34.2,82.40225982592058,78.87974081641224,316,-0.3118390440940857
34.230000000000004,82.41129439951735,78.88716478858417,314,-0.3123323917388916
34.26,82.41379619161982,78.89006300400074,312,-0.3121286928653717
34.29,82.41171851131503,78.88386678266623,308,-0.3112332820892334
34.32,82.40645155707821,78.87498229759701,310,-0.30965301394462585
34.35,82.3983987495639,78.86560010255494,313,-0.3073960244655609
34.38,82.3804250327357,78.8535568807063,312,-0.3044717311859131
34.410000000000004,82.35355644612457,78.84040404573106,318,-0.30089086294174194
34.44,82.33474686441198,78.83019387199487,321,-0.29666516184806824
34.47,82.31395614228492,78.81976382224248,318,-0.2918073832988739
34.5,82.30255737015011,78.81364742329137,319,-0.2863314151763916
34.53,82.30067773286649,78.80691874408446,322,-0.2802518308162689
34.56,82.30425543775603,78.80356105916503,323,-0.2735840380191803
34.59,82.30042120974991,78.8058061327661,322,-0.2663441002368927
34.62,82.2912216490864,78.81084015172384,322,-0.258548766374588
34.65,82.29647028927575,78.82428671365597,323,-0.250215083360672
34.68,82.30437765576146,78.84190907691833,322,-0.24136066436767578
34.71,82.31226592253752,78.85692187620731,318,-0.23200352489948273
34.74,82.3198589725763,78.86745754657564,321,-0.22216196358203888
34.77,82.32469425752255,78.87336495992177,321,-0.21185454726219177
34.800000000000004,82.32504694800942,78.87648813462344,323,-0.20109997689723969
34.83,82.3213515614741,78.87287148580104,324,-0.1899172067642212
34.86,82.30982961551899,78.86255316834786,324,-0.17832519114017487
34.89,82.29687930641227,78.8555141611947,327,-0.16634288430213928
34.92,82.28043758259204,78.85489981533253,320,-0.1539885550737381
34.95,82.2565587532995,78.85251792278433,323,-0.14127932488918304
34.980000000000004,82.22464940477946,78.84771803665609,324,-0.12823113799095154
35.01,82.19841548953698,78.84305177391758,325,-0.11485879868268967
35.04,82.17828412856174,78.84222558218762,325,-0.10117603838443756
35.07,82.17065594660717,78.84343709846767,324,-0.0871955156326294
35.1,82.1675572497316,78.84484320383937,321,-0.07292891293764114
35.13,82.16641550737543,78.84651704245499,322,-0.0583869032561779
35.160000000000004,82.1721438786835,78.8525482070941,321,-0.04357914999127388
35.19,82.18279696425616,78.85948767172641,321,-0.02851378731429577
35.22,82.19471733511877,78.86623498576884,318,-0.013197369873523712
35.25,82.20614468140508,78.86723546549501,318,0.0023648813366889954
35.28,82.21763269885675,78.86535237743199,321,0.018168820068240166
35.31,82.22553637242324,78.86675243885259,316,0.034211136400699615
35.34,82.228152977055,78.86635652112645,316,0.05048913136124611
35.37,82.2210046463539,78.85925388826949,320,0.06700050830841064
35.4,82.21017415601898,78.85133768459734,323,0.08374319970607758
35.43,82.21167700729558,78.845959775007,326,0.10071521997451782
35.46,82.22596385470284,78.83353403372922,322,0.11791445314884186
35.49,82.25082101665957,78.82176267887736,318,0.13533860445022583
35.52,82.2630501527461,78.80317509382355,320,0.15298502147197723
35.550000000000004,82.2709377321316,78.78023823367319,321,0.17085061967372894
35.58,82.2798366457023,78.75811506438367,318,0.18893176317214966
35.61,82.2697139914221,78.73214948157549,316,0.20722424983978271
35.64,82.2458892740491,78.70029517588057,322,0.22572319209575653
35.67,82.22337322590778,78.66069524430758,325,0.24442292749881744
35.7,82.20077998823567,78.61109983839503,327,0.2633170783519745
35.730000000000004,82.17539522745592,78.55724506536345,326,0.2823983430862427
35.76,82.14640722939873,78.50141375909516,326,0.301658570766449
35.79,82.11807538619207,78.44867645121022,325,0.3210887908935547
35.82,82.08641866886464,78.39471756379756,319,0.3406790792942047
35.85,82.05358843339337,78.33558416147962,323,0.36041852831840515
35.88,82.03110199912608,78.2842138892028,321,0.38029569387435913
35.910000000000004,82.0092930498807,78.23237614043902,322,0.4002990126609802
35.94,81.98922300525962,78.19152623960258,324,0.4204168915748596
35.97,81.98341104898785,78.16557656242479,319,0.4406377971172333
36.0,81.97892116189021,78.14673427706342,320,0.46095016598701477
36.03,81.96374018525451,78.13058059043361,319,0.48134201765060425
36.06,81.94673931023021,78.12288395684128,316,0.5018003582954407
36.09,81.93954370432951,78.12526924312914,318,0.5223114490509033
36.12,81.94305254213857,78.1300852779374,315,0.5428608059883118
36.15,81.95194656313413,78.13893293182127,314,0.5634334087371826
36.18,81.9654230492067,78.15702286731869,310,0.5840135812759399
36.21,81.99222837954008,78.17682483711381,307,0.6045848727226257
36.24,82.02487467122538,78.20323798552744,312,0.6251285076141357
36.27,82.05933700498994,78.22290993167326,309,0.6456237435340881
36.300000000000004,82.10104239399068,78.24126427574295,307,0.6660483479499817
36.33,82.13908053136677,78.25928712121839,307,0.6863784790039062
36.36,82.1758029893862,78.28401739174822,314,0.7065891027450562
36.39,82.2095801207075,78.30415436029433,314,0.7266541719436646
36.42,82.24528102985583,78.32828522856161,314,0.7465466856956482
36.45,82.27884375540734,78.35667199751846,316,0.7662389874458313
36.480000000000004,82.3076986939235,78.3868235820279,319,0.7857029438018799
36.51,82.33460787026037,78.40925887850979,319,0.8049099445343018
36.54,82.35860700486882,78.4308345597593,318,0.82383131980896
36.57,82.37410746149664,78.44893665691622,318,0.8424379825592041
36.6,82.40134392908548,78.4773761065323,321,0.8607010841369629
36.63,82.43052989496779,78.51087988161517,322,0.8785918354988098
36.660000000000004,82.4470168619396,78.5500649454704,323,0.8960816264152527
36.69,82.46673183373471,78.5914307700099,320,0.9131419062614441
36.72,82.47624310527269,78.62457244203152,318,0.9297447800636292
36.75,82.47569563475267,78.64572207488006,319,0.9458626508712769
36.78,82.46401871955155,78.66513463617363,318,0.9614681005477905
36.81,82.45438797391479,78.68809438804375,318,0.9765333533287048
36.84,82.44744280591915,78.71359475060366,318,0.991030216217041
36.87,82.43359069431565,78.72894589944464,318,1.0049302577972412
36.9,82.41472241635485,78.73649905000171,318,1.0182052850723267
36.93,82.39780823963744,78.73927208352838,322,1.030826449394226
36.96,82.36569552566618,78.735609762115,323,1.0427659749984741
36.99,82.33040141900419,78.7280364136105,323,1.0539952516555786
37.02,82.31138633893264,78.73035048973419,317,1.0644867420196533
37.050000000000004,82.30015231939186,78.73695645169015,318,1.0742132663726807
37.08,82.29542548421489,78.73426180015427,322,1.0831485986709595
37.11,82.29457140585194,78.7212605924891,321,1.0912684202194214
37.14,82.29689255500838,78.70883145567974,319,1.098550796508789
37.17,82.30386811707142,78.70313572188576,321,1.1049771308898926
37.2,82.31786506942902,78.69102974329743,323,1.1105324029922485
37.230000000000004,82.33489370135733,78.66964643671828,325,1.1152042150497437
37.26,82.34966199047007,78.64993560809482,321,1.1189833879470825
37.29,82.3599208736241,78.63267455786391,326,1.121863842010498
37.32,82.36704537530629,78.62605257750609,331,1.1238418817520142
37.35,82.37020959525888,78.62676552699637,334,1.1249165534973145
37.38,82.37325039095127,78.62438458377466,339,1.125089406967163
37.410000000000004,82.3792594522851,78.6122462694334,338,1.1243642568588257
37.44,82.3814718922525,78.5965272868021,336,1.1227467060089111
37.47,82.37808782335519,78.57979317195304,338,1.120245099067688
37.5,82.37420795628933,78.56696143558496,345,1.116869330406189
37.53,82.37052211427773,78.55935037129505,344,1.1126316785812378
37.56,82.36756409087906,78.55578450855901,346,1.1075454950332642
37.59,82.36267022390872,78.55892388746928,347,1.1016258001327515
37.62,82.35637453415954,78.56222660020251,347,1.0948890447616577
37.65,82.35079460784131,78.56443401005231,344,1.0873533487319946
37.68,82.35225942249178,78.56605905021783,342,1.0790369510650635
37.71,82.35961009868777,78.57250876075123,341,1.0699595212936401
37.74,82.36522488390877,78.58044305365144,341,1.060140609741211
37.77,82.37102926728666,78.58900351297962,339,1.0495997667312622
37.800000000000004,82.38566198181273,78.59752187592542,343,1.0383572578430176
37.83,82.39465615136653,78.59507623803164,340,1.026432991027832
37.86,82.40153828075483,78.58152804007278,338,1.013846755027771
37.89,82.40694309237675,78.56728824483527,340,1.0006186962127686
37.92,82.40843055848495,78.54758493796585,339,0.9867687225341797
37.95,82.40726154247186,78.522377137796,340,0.9723163843154907
37.980000000000004,82.40313177737042,78.49147368612809,336,0.9572811126708984
38.01,82.40069800101512,78.46220867774014,334,0.9416823983192444
38.04,82.39319028505773,78.44352974053417,334,0.9255390763282776
38.07,82.38547277539303,78.41941870087201,330,0.9088699817657471
38.1,82.37962884997893,78.3931982379218,336,0.8916934728622437
38.13,82.37200466370385,78.36112420087535,339,0.874027669429779
38.160000000000004,82.36575702814346,78.3201770052004,334,0.855890691280365
38.19,82.34797120487913,78.27299724622156,335,0.8372999429702759
38.22,82.32020599828975,78.22529378118946,331,0.8182728886604309
38.25,82.29627296908744,78.19013175919922,332,0.7988269329071045
38.28,82.27577461981899,78.14677656642296,329,0.7789791822433472
38.31,82.2665605588847,78.10783050822806,324,0.7587466239929199
38.34,82.26536208458585,78.07290052641396,320,0.7381461262702942
38.37,82.26832052678854,78.04826757581041,319,0.7171933054924011
38.4,82.27511510297548,78.02197745572852,319,0.695903480052948
38.43,82.28532245852983,77.99135742121904,320,0.67429119348526
38.46,82.30125631436259,77.95954412306284,322,0.6523711085319519
38.49,82.32560516472077,77.93149069880641,324,0.630157470703125
38.52,82.34757093102046,77.90333805243372,325,0.6076645255088806
38.550000000000004,82.37119269377523,77.88776544374718,326,0.5849066972732544
38.58,82.39210809197994,77.88314766536591,323,0.5618987083435059
38.61,82.42441428002195,77.88696974581539,319,0.5386558175086975
38.64,82.46970225612122,77.89705271041298,321,0.5151931643486023
38.67,82.50894548467424,77.90346034875279,321,0.49152684211730957
38.7,82.53378372136599,77.90899394026566,325,0.46767324209213257
38.730000000000004,82.54500868364096,77.91172264611322,326,0.44364944100379944
38.76,82.55162060068861,77.911752868003,326,0.41947323083877563
38.79,82.56042232654107,77.91013162011821,326,0.3951629400253296
38.82,82.57831238357326,77.9108605257271,322,0.37073758244514465
38.85,82.58935473217913,77.90686968716876,325,0.34621700644493103
38.88,82.59898826848227,77.91502366651059,322,0.32162177562713623
38.910000000000004,82.61293476584707,77.93020658686959,328,0.29697364568710327
38.94,82.62507394528603,77.95513460825119,320,0.2722959816455841
38.97,82.63911059475082,77.9773713598674,318,0.24761347472667694
39.0,82.65769333333623,78.00080587065145,318,0.2229520082473755
39.03,82.67131328673418,78.01883943817786,322,0.19833847880363464
39.06,82.68580698767778,78.04175530466917,326,0.1738007366657257
39.09,82.71188683351888,78.0683189543533,329,0.14936718344688416
39.12,82.7549790767706,78.10557185770122,335,0.1250668466091156
39.15,82.792781543639,78.14231020906672,336,0.10092920809984207
39.18,82.83321558632353,78.17551142931437,334,0.07698367536067963
39.21,82.8707640503391,78.21037470794738,340,0.053259048610925674
39.24,82.89487543529341,78.24894238936781,333,0.029783278703689575
39.27,82.90817823898341,78.28376660231787,333,0.006583415903151035
39.300000000000004,82.9233221974526,78.3190804644869,337,-0.016314400359988213
39.33,82.94703141989105,78.35330059336825,338,-0.0388849675655365
39.36,82.96925815336671,78.38378906268495,337,-0.06110404059290886
39.39,82.97207015274263,78.4188513565624,334,-0.08294834196567535
39.42,82.9723234622133,78.4491203171413,338,-0.1043955609202385
39.45,82.96843982377646,78.47107186137058,339,-0.12542439997196198
39.480000000000004,82.94751168109282,78.48101219193019,340,-0.14601454138755798
39.51,82.92496788557375,78.49060065233674,344,-0.16614662110805511
39.54,82.90060598787356,78.49823320628602,343,-0.18580234050750732
39.57,82.87010434302032,78.50226707962493,347,-0.20496398210525513
39.6,82.84072727446501,78.50221856395153,346,-0.22361396253108978
39.63,82.8201961789091,78.50330516691007,342,-0.24173453450202942
39.660000000000004,82.80830292532544,78.50135487863363,340,-0.25930705666542053
39.69,82.7863762999819,78.4909311851983,335,-0.2763114869594574
39.72,82.77257803929928,78.47870687529401,336,-0.2927265167236328
39.75,82.7564422160349,78.47182809766821,336,-0.3085298538208008
39.78,82.74060931054876,78.4707230632405,341,-0.32369837164878845
39.81,82.72362068727018,78.471220320403,342,-0.3382083773612976
39.84,82.7058256951393,78.46335405734395,338,-0.3520359992980957
39.87,82.67841754092557,78.44566112303242,340,-0.3651579022407532
39.9,82.65037594390209,78.43296640426026,339,-0.37755268812179565
39.93,82.623803738779,78.42592446932021,341,-0.3892011046409607
39.96,82.60562074060907,78.42014381549217,341,-0.4000857174396515
39.99,82.59068569669563,78.41205380266503,339,-0.41019120812416077
40.02,82.57571698043694,78.40094994994077,341,-0.41950422525405884
40.050000000000004,82.55513148413276,78.39111003135612,343,-0.42801326513290405
40.08,82.53078995576116,78.38137429656932,343,-0.43570879101753235
40.11,82.51406915220046,78.3735004049044,346,-0.4425831437110901
40.14,82.50252985089269,78.36490252641433,348,-0.44863057136535645
40.17,82.4846216403263,78.34976710334988,350,-0.45384711027145386
40.2,82.46323726984905,78.32587434606482,348,-0.45823055505752563
40.230000000000004,82.44175722129474,78.30140521571644,347,-0.46178051829338074
40.26,82.42061447099013,78.28168866087971,347,-0.4644983112812042
40.29,82.40144738894068,78.25979907909172,349,-0.46638691425323486
40.32,82.38175994857717,78.23550493129511,349,-0.46745091676712036
40.35,82.35484625272193,78.20370894631851,348,-0.4676964282989502
40.38,82.32356363112613,78.1687636187008,348,-0.46713101863861084
40.410000000000004,82.28923931100903,78.1370541511953,345,-0.4657634496688843
40.44,82.24601907087246,78.11275547989051,348,-0.4636039137840271
40.47,82.1962380859605,78.09077985298775,351,-0.46066373586654663
40.5,82.13993007035593,78.06789668594575,355,-0.4569551348686218
40.53,82.08706223305578,78.04942283956746,354,-0.45249155163764954
40.56,82.03808324910891,78.03451668874511,352,-0.4472871422767639
40.59,81.99427436482122,78.01714596175913,351,-0.44135698676109314
40.62,81.95544656729328,78.00292203098734,352,-0.4347169101238251
40.65,81.91368439927786,77.99100116967918,349,-0.4273834526538849
40.68,81.8715848300827,77.97678168728419,346,-0.41937369108200073
40.71,81.83728172073744,77.96599288481819,349,-0.41070547699928284
40.74,81.80718206203824,77.95902623850064,350,-0.4013969898223877
40.77,81.771190650571,77.94260245434664,354,-0.39146700501441956
40.800000000000004,81.73036140750193,77.92022414975649,354,-0.38093462586402893
40.83,81.69442945692823,77.89618117875813,355,-0.36981940269470215
40.86,81.66444637502643,77.87432355209944,351,-0.35814106464385986
40.89,81.64380758270995,77.85784814425769,356,-0.34591978788375854
40.92,81.6352180071832,77.83798482044425,354,-0.3331758379936218
40.95,81.62928947571882,77.81796904552309,354,-0.3199290335178375
40.980000000000004,81.62443313414771,77.79816613493585,356,-0.3061983585357666
41.01,81.62302665254835,77.77574974975403,360,-0.2920016944408417
41.04,81.62334896291708,77.75203819847223,362,-0.2773560583591461
41.07,81.62739721409645,77.72188079468131,366,-0.2622772753238678
41.1,81.63086768963457,77.68185012001857,368,-0.2467804253101349
41.13,81.63715278095394,77.63051366158734,368,-0.23087909817695618
41.160000000000004,81.65062133633928,77.5802107072352,362,-0.2145853340625763
41.19,81.67823686579115,77.54030992722895,359,-0.1979096382856369
41.22,81.69905223664169,77.50071593191659,356,-0.1808614432811737
41.25,81.72550950745702,77.46374776908523,359,-0.16344910860061646
41.28,81.7565260540032,77.43190177204639,358,-0.1456802636384964
41.31,81.78035171593368,77.40439694794298,356,-0.12756198644638062
41.34,81.81033645242701,77.39259147768924,357,-0.10910108685493469
41.37,81.8425569190824,77.38439815913173,358,-0.0903041809797287
41.4,81.86926048826564,77.36791865410146,352,-0.0711778774857521
41.43,81.89191066733851,77.34266499738293,348,-0.051728952676057816
41.46,81.90844547395648,77.30554159455119,347,-0.03196444362401962
41.49,81.93796986275345,77.27856179399281,346,-0.011891795322299004
41.52,81.98659759198084,77.26365629329595,344,0.008481073193252087
41.550000000000004,82.03838107851503,77.26261784976778,342,0.029145659878849983
41.58,82.09622730710042,77.28809252665656,337,0.05009280890226364
41.61,82.14554712368006,77.3216246972481,331,0.07131266593933105
41.64,82.20157609865599,77.3579002493496,335,0.09279461205005646
41.67,82.2635171838577,77.39171066560203,338,0.11452717334032059
41.7,82.31692353362872,77.42529470910038,336,0.13649806380271912
41.730000000000004,82.36679786882998,77.4550592463342,340,0.15869411826133728
41.76,82.40864784735166,77.4958340330306,339,0.1811012178659439
41.79,82.44712107721179,77.53457567501572,335,0.203704372048378
41.82,82.48000407490599,77.5673223450146,337,0.2264876663684845
41.85,82.50782503658152,77.59270685517532,338,0.24943427741527557
41.88,82.54495147191231,77.63084686541606,336,0.2725267708301544
41.910000000000004,82.58812801874228,77.66173329615349,332,0.29574787616729736
41.94,82.62942432188362,77.68598890637931,333,0.31908029317855835
41.97,82.66092202707334,77.713024251218,333,0.3425065875053406
42.0,82.68831146805957,77.74822110041825,333,0.366009384393692
42.03,82.7226927207142,77.77918852703459,336,0.389570415019989
42.06,82.75604389654325,77.80768718677128,339,0.41317063570022583
42.09,82.78334229075489,77.83943604477336,339,0.43679025769233704
42.12,82.8230498770127,77.87773730831395,344,0.46040889620780945
42.15,82.86151257610206,77.91457832279967,347,0.48400574922561646
42.18,82.89592142608834,77.94837336223141,350,0.5075597167015076
42.21,82.92280074483155,77.97388037855691,352,0.5310493111610413
42.24,82.94193814308883,77.99943465594002,352,0.554452657699585
42.27,82.94934152394802,78.02314955252443,349,0.5777456164360046
42.300000000000004,82.95205874037751,78.04678130488956,352,0.600902795791626
42.33,82.94963611770494,78.06960099509665,357,0.623897135257721
42.36,82.9468611764679,78.09595247293315,357,0.6467001438140869
42.39,82.93491211385965,78.11680520112819,355,0.6692825555801392
42.42,82.91161686081975,78.12721726570292,351,0.6916142702102661
42.45,82.87726245883319,78.13336334338901,352,0.7136644124984741
42.480000000000004,82.83452025755936,78.13046055126331,353,0.7354017496109009
42.51,82.78577683565005,78.12018600498878,357,0.7567946910858154
42.54,82.73344168733254,78.10846175964085,356,0.7778114080429077
42.57,82.68549868650857,78.09498829742104,358,0.7984203696250916
42.6,82.64027833473023,78.0786151001423,356,0.8185898065567017
42.63,82.60048104372765,78.06090582183498,356,0.838288426399231
42.660000000000004,82.57001698199656,78.03767254013543,356,0.857485294342041
42.69,82.5407672726535,78.00979382467176,357,0.8761498332023621
42.72,82.50884143313972,77.97962282624938,357,0.8942520618438721
42.75,82.47186484668144,77.94582881156033,355,0.9117622375488281
42.78,82.44132483040768,77.91418530290127,358,0.9286513328552246
42.81,82.41348878239965,77.88158211341394,360,0.9448901414871216
42.84,82.38318068743504,77.85161959200929,361,0.9604503512382507
42.87,82.35183936447282,77.82882379202351,363,0.9753039479255676
42.9,82.32533724985448,77.81061990848045,365,0.989423930644989
42.93,82.29667018617374,77.79399491639028,368,1.0027838945388794
42.96,82.2647576966446,77.77825691354502,366,1.015358567237854
42.99,82.23263136650469,77.76396214953938,366,1.027123212814331
43.02,82.19751321333867,77.75162209781817,367,1.0380547046661377
43.050000000000004,82.15775472213372,77.74113039488688,370,1.0481306314468384
43.08,82.11878587125821,77.7365056270351,376,1.0573303699493408
43.11,82.08634499608675,77.73588679842582,380,1.065635085105896
43.14,82.0598350774428,77.740523010578,379,1.0730297565460205
43.17,82.02964187915897,77.7501546057564,378,1.079501986503601
43.2,82.00521447510388,77.75839637455148,379,1.0850424766540527
43.230000000000004,81.98980220877047,77.76149024357208,380,1.089644432067871
43.26,81.97506026968898,77.7594769976793,376,1.0933046340942383
43.29,81.95782636028453,77.74973293518786,378,1.0960215330123901
43.32,81.94051967167924,77.73243179644024,378,1.0977963209152222
43.35,81.92444887442613,77.70916069242226,382,1.098632574081421
43.38,81.91247237297684,77.68320752737989,379,1.0985360145568848
43.410000000000004,81.9025918126361,77.65919337598146,374,1.0975137948989868
43.44,81.88900160616902,77.63512487123808,370,1.0955759286880493
43.47,81.87480197123493,77.60846838201672,370,1.0927337408065796
43.5,81.86627899904235,77.57825590297611,364,1.0890007019042969
43.53,81.85205355947673,77.53939919766513,366,1.0843919515609741
43.56,81.83153923205678,77.49314169542774,367,1.0789239406585693
43.59,81.80688955333655,77.44435303395495,363,1.0726145505905151
43.62,81.78502884496147,77.39487753509559,362,1.06548273563385
43.65,81.77128845074434,77.3610767497037,367,1.057547688484192
43.68,81.75670943854017,77.33401461403115,364,1.0488295555114746
43.71,81.74197178554748,77.30513703478182,365,1.0393486022949219
43.74,81.74099605385743,77.28440791467843,361,1.0291250944137573
43.77,81.75270748325093,77.26273687261268,359,1.0181801319122314
43.800000000000004,81.76424479315656,77.2371130968982,355,1.0065340995788574
43.83,81.77456665486127,77.21686054987491,359,0.9942083358764648
43.86,81.78058298026151,77.1860590599914,359,0.9812235832214355
43.89,81.77920070477384,77.15024780628319,362,0.9676008820533752
43.92,81.77867397870988,77.11159062359346,358,0.9533605575561523
43.95,81.78627979164692,77.07912338709697,361,0.9385234713554382
43.980000000000004,81.80116146857068,77.04483760004435,359,0.9231101274490356
44.01,81.81667143267259,77.0121879018544,360,0.9071407318115234
44.04,81.8300479227762,76.97809271311226,360,0.8906354308128357
44.07,81.84327482302398,76.95897108830151,357,0.8736141324043274
44.1,81.86483386037145,76.95432594690553,357,0.856096625328064
44.13,81.90303663880967,76.95425936178417,360,0.8381026387214661
44.160000000000004,81.95225538494262,76.9548854585877,359,0.8196518421173096
44.19,81.99855662307837,76.95349356460481,350,0.8007634282112122
44.22,82.05924027136692,76.95267692136215,345,0.781456708908081
44.25,82.13765287939471,76.96096347399856,354,0.761749804019928
44.28,82.20942204025931,76.96539767222711,353,0.7416605353355408
44.31,82.27624821427072,76.96170592085618,351,0.7212061882019043
44.34,82.34185824096637,76.96770963092806,355,0.7004038691520691
44.37,82.4055346440076,76.98301807146524,347,0.6792704463005066
44.4,82.47150991200795,77.00702737780334,350,0.6578232049942017
44.43,82.53993544271599,77.03607149211241,351,0.6360791921615601
44.46,82.61292806704455,77.06667714163694,354,0.6140562295913696
44.49,82.67587927961942,77.10629538193075,357,0.5917720198631287
44.52,82.74685932751672,77.15712110636665,353,0.5692450404167175
44.550000000000004,82.82195562628112,77.20643991144463,348,0.5464940667152405
44.58,82.88689632685265,77.26223326978993,350,0.5235385894775391
44.61,82.95792629751507,77.30889725980295,352,0.5003987550735474
44.64,83.0306426731808,77.35480095118524,354,0.47709524631500244
44.67,83.09397783970199,77.40188748677517,352,0.45364949107170105
44.7,83.16036092709604,77.45171056840252,354,0.4300835132598877
44.730000000000004,83.22652211763271,77.49244583315289,354,0.40642011165618896
44.76,83.28847483796497,77.52822238539288,358,0.38268277049064636
44.79,83.3370307227626,77.56930883042052,360,0.3588961362838745
44.82,83.37791798376165,77.60741583482853,368,0.3350861370563507
44.85,83.40826422984969,77.63610344506421,368,0.3112802803516388
44.88,83.42114116488337,77.66377987790293,367,0.2875072658061981
44.910000000000004,83.4238181362939,77.69480692145038,364,0.2637968361377716
44.94,83.4228790894332,77.72087313121237,370,0.2401793897151947
44.97,83.41161256527029,77.741713166697,375,0.2166861891746521
45.0,83.38921307581239,77.75797439780675,375,0.19334904849529266
45.03,83.3707666806234,77.76550480250587,375,0.17020048201084137
45.06,83.34981956692653,77.76558785317486,372,0.14727330207824707
45.09,83.31766972317716,77.77037219471892,374,0.12460073828697205
45.12,83.27533326149012,77.76662657172211,376,0.1022161915898323
45.15,83.23017293732207,77.76703702175216,380,0.08015310764312744
45.18,83.18865169501902,77.76458604891306,378,0.05844476819038391
45.21,83.14520956353543,77.75239101754963,374,0.0371238999068737
45.24,83.10106341994135,77.72999334978509,374,0.016222119331359863
45.27,83.06295908212286,77.70629863042639,373,-0.004230238497257233
45.300000000000004,83.02383116060993,77.68624260539237,377,-0.024204136803746223
45.33,82.97809087506722,77.66403022852269,378,-0.04367189481854439
45.36,82.92644233619667,77.63950393395298,384,-0.0626072958111763
45.39,82.87719009915234,77.6211592699487,380,-0.0809856578707695
45.42,82.83159004784488,77.60503897342349,374,-0.09878348559141159
45.45,82.78540613653358,77.59321896545684,371,-0.11597787588834763
45.480000000000004,82.72751036156494,77.58468331581692,367,-0.1325463354587555
45.51,82.6672207838324,77.56993552682944,372,-0.14846669137477875
45.54,82.61300200900429,77.5543571814911,371,-0.16371718049049377
45.57,82.56269841834377,77.53721624997097,372,-0.1782764196395874
45.6,82.51222238632124,77.51810822665502,372,-0.19212347269058228
45.63,82.45937983231185,77.50433246503833,373,-0.2052377611398697
45.660000000000004,82.40876617078553,77.48972573814015,377,-0.21759916841983795
45.69,82.35901137657143,77.47364296176363,381,-0.22918836772441864
45.72,82.31457625403631,77.4579781508198,377,-0.2399880290031433
45.75,82.27789440454389,77.439724577513,381,-0.2499832659959793
45.78,82.24640371348875,77.41753265071209,382,-0.2591613829135895
45.81,82.21407000844339,77.39493972633095,380,-0.26751187443733215
45.84,82.18413961254427,77.36558694472443,378,-0.27502626180648804
45.87,82.15673818912589,77.33289240204897,383,-0.2816978991031647
45.9,82.13551763283805,77.30084730185477,383,-0.28752192854881287
45.93,82.1124577483313,77.27772114315317,383,-0.2924952507019043
45.96,82.08523985500781,77.25258405362011,385,-0.2966163158416748
45.99,82.05258532175947,77.22857093677132,386,-0.2998851239681244
46.02,82.01654761136265,77.204902324727,384,-0.3023030459880829
46.050000000000004,81.97544059266822,77.1845561636342,384,-0.3038729131221771
46.08,81.9347524754946,77.16656972271272,384,-0.3045991063117981
46.11,81.89261377607167,77.15663920102986,383,-0.30448734760284424
46.14,81.85500496113751,77.14980580907816,384,-0.3035448491573334
46.17,81.81164857693614,77.13759726872223,385,-0.3017800748348236
46.2,81.76453133329244,77.12051790186038,384,-0.29920294880867004
46.230000000000004,81.71546240921236,77.0912358116224,385,-0.29582449793815613
46.26,81.66163241726159,77.05196434015873,385,-0.2916569411754608
46.29,81.60522495812005,77.01102603150537,384,-0.28671354055404663
46.32,81.55213576629342,76.97697270294496,378,-0.28100869059562683
46.35,81.50736675839632,76.94685374226374,380,-0.2745577096939087
46.38,81.47278113846484,76.9136982814988,380,-0.2673768401145935
46.410000000000004,81.44279570714974,76.87654439528026,379,-0.2594829201698303
46.44,81.42312305106773,76.83307880244887,375,-0.2508932650089264
46.47,81.40321956442554,76.78584576148997,378,-0.24162539839744568
46.5,81.38691078094976,76.75095608791864,375,-0.2316972315311432
46.53,81.37183276357679,76.71272500577979,375,-0.22112704813480377
46.56,81.36203710732538,76.6739996823907,377,-0.20993342995643616
46.59,81.34977940353016,76.63727127941753,375,-0.19813525676727295
46.62,81.33483738786816,76.61193521309829,374,-0.18575170636177063
46.65,81.33026080988013,76.59338386579928,376,-0.17280231416225433
46.68,81.33215422690009,76.5694803558441,376,-0.1593068242073059
46.71,81.35986094746352,76.55561120159905,380,-0.14528529345989227
46.74,81.3969583438615,76.5446539718849,380,-0.13075804710388184
46.77,81.43794495026923,76.52887632313812,381,-0.11574558168649673
46.800000000000004,81.49156583679357,76.52435607509838,382,-0.1002684235572815
46.83,81.54715085052267,76.52662593498644,381,-0.08434667438268661
46.86,81.60506167015205,76.53180739999203,378,-0.06800001114606857
46.89,81.66576112823552,76.53946256521704,385,-0.05124766752123833
46.92,81.7349760944306,76.55089165075249,386,-0.034107718616724014
46.95,81.80778340120573,76.562976271872,387,-0.016596738249063492
46.980000000000004,81.87094996878892,76.56840700192075,381,0.0012700483202934265
47.01,81.9257891509332,76.57111559043922,378,0.019478611648082733
47.04,81.98510676432718,76.58817180121936,374,0.0380159392952919
47.07,82.0465809528711,76.61934415846646,366,0.05686979368329048
47.1,82.11217682957867,76.65063298646376,361,0.07602845132350922
47.13,82.17967228502974,76.69065628642957,361,0.09548046439886093
47.160000000000004,82.24062764034936,76.73548813710934,366,0.11521447449922562
47.19,82.30105343582906,76.77930292992627,366,0.13521909713745117
47.22,82.36596772826651,76.82422644042595,369,0.15548275411128998
47.25,82.44008292817807,76.87412829819837,373,0.17599351704120636
47.28,82.51303244282208,76.92563152399585,373,0.196739062666893
47.31,82.58532265685095,76.98345774130742,372,0.21770653128623962
47.34,82.65711003643685,77.05316881688888,368,0.23888246715068817
47.37,82.72411574887964,77.10913968940756,369,0.2602527439594269
47.4,82.78353085647267,77.14999500406836,368,0.28180253505706787
47.43,82.8449025109042,77.18103208861321,366,0.3035162091255188
47.46,82.90218210366635,77.21023174849775,360,0.3253774046897888
47.49,82.95571335374382,77.23802890304307,361,0.3473687767982483
47.52,83.00779735479803,77.27446708936836,364,0.3694722056388855
47.550000000000004,83.06185943874407,77.30857891822654,368,0.39166873693466187
47.58,83.10608018797826,77.34310209169541,366,0.4139387011528015
47.61,83.14228470353505,77.38019381592818,367,0.43626147508621216
47.64,83.17443221501158,77.41500189320269,369,0.4586157202720642
47.67,83.19602059342905,77.43771790386486,368,0.4809797406196594
47.7,83.20895245916971,77.45328766209977,372,0.5033318400382996
47.730000000000004,83.2169462900133,77.45919704510247,373,0.5256503820419312
47.76,83.23051819845675,77.46574649909162,368,0.5479135513305664
47.79,83.24746343521267,77.47286516553292,372,0.5700992941856384
47.82,83.26283303250798,77.48040110813184,376,0.5921850204467773
47.85,83.25786101241633,77.4831653280674,379,0.6141472458839417
47.88,83.24554666188578,77.48044835767789,379,0.6359617114067078
47.910000000000004,83.22563241731864,77.47681532935474,380,0.65760338306427
47.94,83.18791602288758,77.47204420125091,376,0.6790469884872437
47.97,83.14619134379234,77.46288463089302,374,0.7002668976783752
48.0,83.10433700298285,77.44916076068625,372,0.7212371826171875
48.03,83.06434591206178,77.43739952414649,372,0.7419320344924927
48.06,83.01950479981363,77.42441065500965,370,0.7623255252838135
48.09,82.97041326575982,77.40487181570937,366,0.7823920845985413
48.120000000000005,82.9086934403354,77.38071603602641,364,0.8021057844161987
48.15,82.84186803248515,77.35305745219748,366,0.8214396238327026
48.18,82.76561548103918,77.32322207234022,371,0.8403663635253906
48.21,82.68324631484445,77.29336475801138,374,0.8588579893112183
48.24,82.60528837845156,77.25980772545296,375,0.8768869042396545
48.27,82.53322409078439,77.22864246716712,381,0.8944253325462341
48.300000000000004,82.4686193008765,77.19975848495386,373,0.9114458560943604
48.33,82.40555024806659,77.1716868928137,376,0.9279216527938843
48.36,82.34082819871718,77.14570614948013,379,0.9438263177871704
48.39,82.27866002472551,77.11554149922965,381,0.959134042263031
48.42,82.22008470721552,77.08126785350247,385,0.9738199710845947
48.45,82.16635215775878,77.0486349070093,387,0.9878600239753723
48.480000000000004,82.11034782665551,77.01101605272376,391,1.0012308359146118
48.51,82.06257752262496,76.97428419307923,393,1.0139093399047852
48.54,82.01650752524586,76.9411304994148,393,1.0258724689483643
48.57,81.97337733817511,76.91722317104004,397,1.0370970964431763
48.6,81.93582012091669,76.89879082362616,397,1.0475609302520752
48.63,81.89814793323174,76.88520694578763,400,1.057241439819336
48.660000000000004,81.8600706502431,76.88170646317529,402,1.0661174058914185
48.69,81.8216637670748,76.87902028205963,402,1.074167013168335
48.72,81.78511622618011,76.87552162193879,402,1.081370234489441
48.75,81.74867512431643,76.86973143166554,400,1.0877066850662231
48.78,81.71870102386717,76.859405523452,401,1.0931576490402222
48.81,81.69401608421468,76.85078695128878,401,1.0977057218551636
48.84,81.65725707868438,76.8372086178574,405,1.1013370752334595
48.870000000000005,81.61918701405692,76.82101423818607,409,1.1040399074554443
48.9,81.5847711650774,76.80513398419285,409,1.1058056354522705
48.93,81.55077351461608,76.78973585373505,411,1.1066280603408813
48.96,81.51709044455437,76.77030462724349,408,1.1065032482147217
48.99,81.4881013651681,76.74961477181688,407,1.1054298877716064
49.02,81.4590959246823,76.72183475332551,405,1.1034083366394043
49.050000000000004,81.43212290086291,76.69052254642575,403,1.1004410982131958
49.08,81.41637510758281,76.65924113395921,403,1.0965328216552734
49.11,81.4031019380594,76.61746756006505,400,1.0916892290115356
49.14,81.37915154149343,76.57590342902812,395,1.085917592048645
49.17,81.35195160866087,76.54424799618633,393,1.0792263746261597
49.2,81.33089092128773,76.51183981709333,388,1.071624755859375
49.230000000000004,81.31788528703994,76.47448323316117,388,1.0631234645843506
49.26,81.31181658295118,76.43661742075179,384,1.0537337064743042
49.29,81.31560938896678,76.41231478967639,379,1.0434682369232178
49.32,81.32220819951381,76.38477213920373,381,1.032340407371521
49.35,81.32664906795834,76.36095158722789,384,1.0203644037246704
49.38,81.3308577500816,76.34317794478784,387,1.007555603981018
49.410000000000004,81.33591672558198,76.32240569278613,392,0.9939303398132324
49.44,81.3492685079092,76.30203379384255,391,0.9795052409172058
49.47,81.37864928850749,76.29570260155583,391,0.9642979502677917
49.5,81.41980437360264,76.29640706273283,387,0.948326826095581
49.53,81.48141929334444,76.3049724405,393,0.9316112399101257
49.56,81.5510524755099,76.31901980510511,388,0.9141704440116882
49.59,81.62473884572191,76.33407775109144,388,0.8960235118865967
49.620000000000005,81.69610752677588,76.35392237982093,390,0.8771892786026001
49.65,81.76079560059026,76.36793679292725,389,0.8576852679252625
49.68,81.83654924587513,76.38111384879528,390,0.8375282287597656
49.71,81.9271148504111,76.41027572781779,389,0.8167340159416199
49.74,82.01700912829007,76.43727834947802,393,0.7953178286552429
49.77,82.11356128496269,76.46435026813424,390,0.7732943892478943
49.800000000000004,82.20529520101599,76.48685376698103,390,0.7506780624389648
49.83,82.28293108956287,76.50486606454712,386,0.7274826765060425
49.86,82.34944272110842,76.51175465420464,383,0.7037220597267151
49.89,82.41184187580377,76.51575972406552,383,0.6794102787971497
49.92,82.48127361140116,76.51429757623382,378,0.6545611619949341
49.95,82.56157038799724,76.52592327043403,381,0.6291890144348145
49.980000000000004,82.64042995712008,76.55104258187605,379,0.6033083200454712
50.01,82.72320798061236,76.58063258001305,381,0.5769343376159668
50.04,82.80127573408336,76.60298971210328,377,0.5500829219818115
50.07,82.87577836470675,76.62425251595138,379,0.5227704048156738
50.1,82.9394856679802,76.64957273307242,379,0.49501413106918335
50.13,82.99430811549604,76.6744450831467,378,0.46683216094970703
50.160000000000004,83.04722825212491,76.69745686249374,378,0.4382435381412506
50.19,83.09361845373603,76.72861941421444,384,0.40926820039749146
50.22,83.13600741454962,76.7679613995249,386,0.3799271583557129
50.25,83.17657604524429,76.80041055598282,382,0.3502424359321594
50.28,83.21082080245033,76.83815422796651,388,0.3202371597290039
50.31,83.23725712905473,76.87824604834138,390,0.28993597626686096
50.34,83.26108127334525,76.92020416655988,396,0.25936487317085266
50.370000000000005,83.29298423911455,76.95921493073497,396,0.22855134308338165
50.4,83.32420477128727,76.99673638055103,398,0.1975245177745819
50.43,83.33875909970061,77.03018717844293,393,0.1663150191307068
50.46,83.33972705517635,77.05799875133229,390,0.134954571723938
50.49,83.34257748853545,77.0780769146146,389,0.10347545146942139
50.52,83.34423927525788,77.09740792511272,394,0.07191033661365509
50.550000000000004,83.34070182328982,77.11086056711027,394,0.040292318910360336
50.58,83.33538224136299,77.11991976320961,396,0.008655233308672905
50.61,83.32998059211691,77.1263406135892,398,-0.0229659266769886
50.64,83.32196675830558,77.12723951859017,401,-0.0545351505279541
50.67,83.30696910408048,77.12254612175667,404,-0.08601560443639755
50.7,83.28761633151109,77.11078117638426,407,-0.11737001687288284
50.730000000000004,83.2552846619372,77.10255124007938,409,-0.14856107532978058
50.76,83.21811295132822,77.09221891281702,408,-0.17955166101455688
50.79,83.17878563807349,77.08094353466579,407,-0.2103048712015152
50.82,83.12750656153598,77.06112016731628,406,-0.2407841831445694
50.85,83.06249723819168,77.03449453307478,406,-0.2709534466266632
50.88,82.9993872284678,77.0111258377067,407,-0.30077704787254333
50.910000000000004,82.92852827470796,76.98360167668278,410,-0.33021989464759827
50.94,82.85463922989837,76.96164826868613,411,-0.3592469096183777
50.97,82.78394512492072,76.9493961548385,407,-0.38782253861427307
51.0,82.71234027954706,76.94798319239155,407,-0.41591066122055054
51.03,82.63842191765492,76.94880200577636,413,-0.4434748589992523
51.06,82.5704920016924,76.9424415397291,414,-0.4704786539077759
51.09,82.50987729482651,76.93056711471345,412,-0.4968856871128082
51.120000000000005,82.457774143093,76.91231199015813,411,-0.5226601362228394
51.15,82.40689963215897,76.89484900265761,410,-0.5477667450904846
51.18,82.36508179802516,76.88078604601806,415,-0.5721709132194519
51.21,82.327504873145,76.8719082190338,417,-0.595839262008667
51.24,82.28678357832514,76.86550549147692,412,-0.61873859167099
51.27,82.242443422716,76.85714898656194,409,-0.6408361196517944
51.300000000000004,82.19382708615402,76.84794179296927,407,-0.662099301815033
51.33,82.15014090154509,76.82732481727919,405,-0.6824961304664612
51.36,82.10524448523127,76.79362304097762,406,-0.7019948363304138
51.39,82.0570323627947,76.75616798471631,403,-0.7205643653869629
51.42,82.00553503284075,76.71474632408153,405,-0.7381742596626282
51.45,81.95311551513427,76.68099773983451,405,-0.7547947764396667
51.480000000000004,81.90594371729651,76.65251403752606,411,-0.7703973054885864
51.51,81.86202562669772,76.62218328369329,413,-0.7849552631378174
51.54,81.81457210055648,76.58828594425536,414,-0.7984451055526733
51.57,81.76723092327609,76.5531552395807,414,-0.810845673084259
51.6,81.72710707126856,76.5233481303899,411,-0.8221384882926941
51.63,81.68720464959227,76.49450070567025,411,-0.8323072195053101
51.660000000000004,81.64772939856341,76.4625930653496,411,-0.841338038444519
51.69,81.60696122777958,76.43789029242396,411,-0.8492186665534973
51.72,81.56156431494207,76.41019757012545,413,-0.8559390902519226
51.75,81.51704439052003,76.37264177077388,410,-0.8614910244941711
51.78,81.47737139640876,76.33253277438234,410,-0.8658682107925415
51.81,81.43853919506333,76.2992434889538,406,-0.8690657019615173
51.84,81.40292547173311,76.26747478327576,406,-0.871080756187439
51.870000000000005,81.3729431516277,76.22762841008468,403,-0.8719120621681213
51.9,81.34887618622764,76.18807187208871,400,-0.8715603947639465
51.93,81.33006061145616,76.16320939138983,399,-0.8700278401374817
51.96,81.31686614981314,76.13507154789615,400,-0.8673186302185059
51.99,81.3146811513363,76.10043877928194,399,-0.8634381294250488
52.02,81.30939297528246,76.05408991249072,400,-0.8583935499191284
52.050000000000004,81.30591596985954,76.00014076127515,403,-0.8521935343742371
52.08,81.31255302108923,75.94818590953396,395,-0.8448480367660522
52.11,81.32767931651544,75.90267060335071,396,-0.8363686800003052
52.14,81.3487219501809,75.85468729327582,395,-0.8267677426338196
52.17,81.39556823234973,75.82108579076166,402,-0.8160588145256042
52.2,81.44735088365884,75.79249282189252,405,-0.8042561411857605
52.230000000000004,81.4972957876885,75.78332636348208,409,-0.7913747429847717
52.26,81.54379358492025,75.78394047879107,418,-0.7774302959442139
52.29,81.58728626704355,75.7923993329213,421,-0.7624388933181763
52.32,81.6435997456862,75.81259592284285,420,-0.7464166283607483
52.35,81.69646927792708,75.83749504611107,419,-0.7293794751167297
52.38,81.74881269250456,75.85978029740635,417,-0.7113437652587891
52.410000000000004,81.80769866395339,75.87628151316683,417,-0.6923263669013977
52.44,81.87956787354113,75.8952611997109,421,-0.6723446846008301
52.47,81.94744151459452,75.91638338264335,417,-0.651416540145874
52.5,82.01366900309142,75.9451516364551,418,-0.6295607089996338
52.53,82.07516930195409,75.9756807526842,413,-0.6067966222763062
52.56,82.13189127586355,76.0120538770654,412,-0.5831449627876282
52.59,82.18919198293703,76.04682566587738,409,-0.5586276054382324
52.620000000000005,82.25021017532669,76.07713678491193,405,-0.5332667827606201
52.65,82.31296604445484,76.09935255650095,406,-0.5070852637290955
52.68,82.37755055402003,76.11605470114489,404,-0.48010513186454773
52.71,82.4354751865615,76.1475953782975,408,-0.45234861969947815
52.74,82.49022836074681,76.1877102512966,409,-0.4238377511501312
52.77,82.54182721092496,76.22759964874903,406,-0.3945947289466858
52.800000000000004,82.58137247101006,76.2560364455175,402,-0.36464178562164307
52.83,82.62178933897806,76.28177438165442,402,-0.3340013027191162
52.86,82.66094089494598,76.31027454369423,400,-0.30269619822502136
52.89,82.69891079694472,76.34635512212125,397,-0.27074965834617615
52.92,82.7420276851522,76.38430973857896,398,-0.23818552494049072
52.95,82.79242048548078,76.41750011843847,399,-0.20502851903438568
52.980000000000004,82.83405170065083,76.4409045597973,404,-0.17130431532859802
53.01,82.8728122150943,76.47058366324609,406,-0.13703937828540802
53.04,82.91648520087797,76.49284503050536,399,-0.10226050019264221
53.07,82.96341624864256,76.51134659756201,400,-0.0669945627450943
53.1,83.01133406621388,76.52700528328589,400,-0.031268686056137085
53.13,83.05693540401376,76.54782459467113,401,0.0048897587694227695
53.160000000000004,83.09374873191634,76.56961931253063,396,0.041453056037425995
53.19,83.12566040709946,76.58002638544299,394,0.07839310169219971
53.22,83.14796257615768,76.58585770713682,394,0.11568140983581543
53.25,83.16785945978503,76.59331140336022,396,0.1532890498638153
53.28,83.18829441178977,76.59493262224834,396,0.1911865919828415
53.31,83.20223663173037,76.59545122768033,397,0.2293441891670227
53.34,83.20088519767957,76.59557014263126,398,0.2677314877510071
53.370000000000005,83.19043170224431,76.59157458596309,403,0.30631721019744873
53.4,83.17776811041117,76.57673286956555,405,0.3450677692890167
53.43,83.15971123715198,76.55810332928701,408,0.38394707441329956
53.46,83.12724687613192,76.53745753552317,408,0.4229167103767395
53.49,83.08797940083493,76.52406051100517,407,0.4619360864162445
53.52,83.05081157755832,76.51197722350199,408,0.5009627342224121
53.550000000000004,83.01253723983342,76.50256197013867,408,0.5399518609046936
53.58,82.97625664375357,76.49227069919014,406,0.5788564682006836
53.61,82.94173986348868,76.47774388263389,412,0.6176273822784424
53.64,82.89760247246457,76.46036073976867,409,0.6562137603759766
53.67,82.85126188510677,76.43073005747382,407,0.6945632100105286
53.7,82.80557815581655,76.3994406938655,404,0.732622504234314
53.730000000000004,82.76028822316069,76.37403113662933,401,0.7703374028205872
53.76,82.71397935194008,76.35323088237838,403,0.8076531887054443
53.79,82.67572629753182,76.33449057957577,413,0.8445149660110474
53.82,82.6382519884815,76.30457631678709,411,0.880867600440979
53.85,82.60097207415757,76.26621471920254,412,0.9166572093963623
53.88,82.55893579642162,76.22551981054136,412,0.9518309235572815
53.910000000000004,82.51120645395112,76.19399192992432,414,0.9863371849060059
53.94,82.45704380694762,76.15536338052436,419,1.0201263427734375
53.97,82.3977393494647,76.1117369888663,420,1.0531504154205322
54.0,82.32893328847334,76.06819978303064,421,1.0853629112243652
54.03,82.2665823413477,76.03241822040775,420,1.1167198419570923
54.06,82.2188152008219,76.00332570968891,416,1.1471781730651855
54.09,82.16384438069089,75.97834367380283,417,1.1766971349716187
54.120000000000005,82.10420710424323,75.95528884272507,418,1.2052379846572876
54.15,82.04768215853828,75.93512279350232,419,1.2327638864517212
54.18,81.99550665155918,75.91798817243303,420,1.259239912033081
54.21,81.9473417536837,75.90294180668614,424,1.284632921218872
54.24,81.8955254331826,75.88928791655914,422,1.3089107275009155
54.27,81.84438565539028,75.87630350239846,419,1.3320425748825073
54.300000000000004,81.79047657521907,75.86395296618028,421,1.3539987802505493
54.33,81.74159550621195,75.85092871723091,419,1.3747506141662598
54.36,81.68699620179417,75.8295492483424,417,1.3942701816558838
54.39,81.63125486881721,75.80361443724696,414,1.4125308990478516
54.42,81.58416689880292,75.77194609240428,414,1.4295071363449097
54.45,81.53984965573308,75.74150834298379,412,1.4451745748519897
54.480000000000004,81.49807475693774,75.70859123512487,412,1.4595099687576294
54.51,81.4541190259156,75.67084206806197,413,1.4724916219711304
54.54,81.40991260031784,75.63484577168782,410,1.4840993881225586
54.57,81.3706242379011,75.59358616692337,410,1.4943169355392456
54.6,81.33522172593648,75.5485597733075,412,1.5031312704086304
54.63,81.30310781290409,75.5023221095983,404,1.5105321407318115
54.660000000000004,81.27436721566546,75.46382056915233,403,1.516512393951416
54.69,81.25381880983122,75.43354565266887,407,1.5210676193237305
54.72,81.23767701828046,75.39966150788386,416,1.5241960287094116
54.75,81.2284476254438,75.36597836401243,418,1.5258983373641968
54.78,81.23256966849382,75.34648340764441,416,1.5261776447296143
54.81,81.26442707595481,75.35311839076752,414,1.5250388383865356
54.84,81.31033624344676,75.37220219654739,416,1.5224885940551758
54.870000000000005,81.36106870365215,75.4027573099517,422,1.5185350179672241
54.9,81.40770712943456,75.43580760450347,425,1.5131884813308716
54.93,81.458053253337,75.46928403703332,427,1.506460189819336
54.96,81.51993249374333,75.50516690423731,427,1.4983633756637573
54.99,81.59548306369983,75.5527244203767,421,1.488912582397461
55.02,81.67198766694617,75.60226244653275,420,1.4781237840652466
55.050000000000004,81.74981315451294,75.65032047820866,421,1.4660145044326782
55.08,81.82674816511194,75.69972464809,423,1.4526036977767944
55.11,81.897871074672,75.73637081184353,420,1.4379113912582397
55.14,81.96538905592966,75.77574715151772,423,1.4219589233398438
55.17,82.0203924553386,75.80996093004059,422,1.4047679901123047
55.2,82.07473438667746,75.84658587241825,423,1.3863612413406372
55.230000000000004,82.14416670433211,75.87633704474948,429,1.3667621612548828
55.26,82.2187833524242,75.89992538089628,426,1.3459943532943726
55.29,82.28681306928432,75.91729579887841,425,1.3240816593170166
55.32,82.35158890214068,75.9326312504848,417,1.3010481595993042
55.35,82.41749802838963,75.94901436073769,411,1.276917815208435
55.38,82.48336327221324,75.96697209214084,411,1.2517139911651611
55.410000000000004,82.55161931885866,75.98088753237342,413,1.2254611253738403
55.44,82.61657134085658,75.98519576760317,410,1.1981836557388306
55.47,82.67842541763655,75.9955600522678,404,1.1699059009552002
55.5,82.73504581936707,76.00921393907966,401,1.1406527757644653
55.53,82.79009780349058,76.02025784515897,398,1.1104495525360107
55.56,82.83767114924255,76.0172650072815,402,1.0793219804763794
55.59,82.88579793584714,76.01440135977153,404,1.047296404838562
55.620000000000005,82.92574903561284,76.01311713612706,401,1.0143998861312866
55.65,82.96159417522651,76.00936028970382,402,0.9806599617004395
55.68,82.9945224562227,76.00727537493522,403,0.9461049437522888
55.71,83.02425104873355,76.01315523807354,406,0.9107642769813538
55.74,83.04827800917336,76.0274351428459,403,0.8746680021286011
55.77,83.06844255739625,76.04487896867849,409,0.8378476500511169
55.800000000000004,83.08160693138377,76.06531600794543,407,0.8003352284431458
55.83,83.09201958035345,76.08864739159641,409,0.7621641755104065
55.86,83.09163988381972,76.12667140549246,413,0.7233692407608032
55.89,83.09387026116025,76.17176532610479,415,0.6839863061904907
55.92,83.09505654587484,76.21127597326154,416,0.6440528631210327
55.95,83.09118471371345,76.2431721054238,417,0.6036076545715332
55.980000000000004,83.08167915562174,76.2677326396326,419,0.5626912117004395
56.01,83.06286703043294,76.28839363637339,418,0.5213450193405151
56.04,83.04669652806103,76.30729693926867,418,0.4796115756034851
56.07,83.0266340243303,76.31589744274197,413,0.43753373622894287
56.1,83.00911260088841,76.33053892703906,416,0.39515507221221924
56.13,83.00231044685943,76.34950447931794,417,0.3525197505950928
56.160000000000004,83.00207765736896,76.35927901442678,419,0.30967238545417786
56.19,82.99998406681812,76.36480078926513,423,0.2666579782962799
56.22,82.9942186202563,76.3534245453987,424,0.2235216498374939
56.25,82.9849744829402,76.32972695009465,426,0.180308535695076
56.28,82.97334018075348,76.30608822019406,430,0.1370638757944107
56.31,82.96753565670019,76.2797546793451,430,0.09383364021778107
56.34,82.96262088089985,76.24923839914612,430,0.05066457390785217
56.370000000000005,82.95571869188196,76.21871237757634,433,0.007604051847010851
56.4,82.93988567265284,76.18979400349977,428,-0.03530013933777809
56.43,82.9169615061659,76.15316822869535,431,-0.07799994200468063
56.46,82.89498381059126,76.11125318873388,427,-0.12044720351696014
56.49,82.8641886865521,76.06085268838434,434,-0.16259384155273438
56.52,82.8250565972357,76.01576254070547,435,-0.20439189672470093
56.550000000000004,82.7774101143471,75.97634491654408,433,-0.24579346179962158
56.58,82.71669319996644,75.9309483539061,431,-0.286750465631485
56.61,82.65003205312111,75.88939994451978,433,-0.3272141218185425
56.64,82.5820689444721,75.8463200401179,431,-0.36713576316833496
56.67,82.51670763549154,75.80435226255148,433,-0.40646663308143616
56.7,82.45570538352261,75.76595020284711,432,-0.4451581835746765
56.730000000000004,82.40329689848423,75.74567991720296,429,-0.48316243290901184
56.76,82.35848617577726,75.73201730873333,429,-0.5204320549964905
56.79,82.3158351626788,75.71654251834097,430,-0.5569202899932861
56.82,82.27598691435595,75.70349862516129,429,-0.5925816893577576
56.85,82.22839673614993,75.68616617525646,431,-0.6273719668388367
56.88,82.17730300903861,75.6734054650716,429,-0.6612483263015747
56.910000000000004,82.1299116460277,75.65722482761352,429,-0.6941693425178528
56.94,82.07699270636294,75.64751203827468,429,-0.7260943651199341
56.97,82.01401178907089,75.63507582800223,434,-0.7569834589958191
57.0,81.95153226642265,75.61158033124583,433,-0.7867973446846008
57.03,81.88203316731557,75.58674844602324,430,-0.8154973387718201
57.06,81.81018145396811,75.54962074845301,433,-0.8430454134941101
57.09,81.73473428358722,75.50990525499523,433,-0.8694043159484863
57.120000000000005,81.65803294252603,75.47095227458216,429,-0.8945373892784119
57.15,81.58654779169362,75.43039624566026,431,-0.9184088110923767
57.18,81.51652626878727,75.38370282786174,428,-0.9409837126731873
57.21,81.45807898511318,75.34473052959832,427,-0.9622285962104797
57.24,81.40595460684406,75.30666743952676,428,-0.9821130633354187
57.27,81.35763825247365,75.27189208911487,423,-1.000609278678894
57.300000000000004,81.32562239762505,75.2446249673811,428,-1.017691969871521
57.33,81.31239011960027,75.22470266994267,427,-1.0333391427993774
57.36,81.3137870308429,75.21234216617391,427,-1.0475306510925293
57.39,81.32334430539211,75.20862239698995,421,-1.060248851776123
57.42,81.34044001074109,75.21124345152158,421,-1.0714787244796753
57.45,81.35830929105288,75.21296341386412,421,-1.081207513809204
57.480000000000004,81.37485736279751,75.21962451238834,416,-1.0894248485565186
57.51,81.39152918380431,75.22966506752124,420,-1.0961227416992188
57.54,81.40859849699483,75.2414574235615,424,-1.1012957096099854
57.57,81.4391890528613,75.25504707197996,423,-1.1049400568008423
57.6,81.48842512625521,75.2771851082,427,-1.1070547103881836
57.63,81.54474932857762,75.30228155156925,428,-1.1076405048370361
57.660000000000004,81.60232454650976,75.31665863336279,431,-1.1067005395889282
57.69,81.66902418194591,75.33059324008225,433,-1.1042399406433105
57.72,81.73615167183989,75.34187660760847,436,-1.100265383720398
57.75,81.80650385763019,75.36477728796254,436,-1.094785451889038
57.78,81.87806134415861,75.38461962531589,433,-1.0878087282180786
57.81,81.93864360563337,75.40856850304597,434,-1.0793447494506836
57.84,82.00125520867634,75.43315296077874,431,-1.0694040060043335
57.870000000000005,82.05626726560743,75.4532122705968,431,-1.0579980611801147
57.9,82.10955247142442,75.47247833879099,424,-1.045139193534851
57.93,82.15333031140867,75.48026355790344,423,-1.030841588973999
57.96,82.18932914487857,75.4752742408823,424,-1.015120506286621
57.99,82.22280502135062,75.46651147874327,431,-0.997993528842926
58.02,82.2508609261557,75.4496812800709,432,-0.9794788360595703
58.050000000000004,82.28501586398794,75.4331113504055,431,-0.9595968127250671
58.08,82.31703382510933,75.42856592541108,427,-0.9383692145347595
58.11,82.33882667428668,75.4294914576748,427,-0.915819525718689
58.14,82.36122007116887,75.43974489915371,430,-0.8919729590415955
58.17,82.38590924847941,75.44952954086483,429,-0.866856038570404
58.2,82.40839932060075,75.46245994926288,429,-0.8404971957206726
58.230000000000004,82.43008946901458,75.4751522319535,427,-0.812926173210144
58.26,82.45147567838322,75.4935227356351,424,-0.7841745615005493
58.29,82.4753665208081,75.50379735725907,427,-0.7542750239372253
58.32,82.5013989075965,75.51440849599919,431,-0.7232611775398254
58.35,82.53100780123545,75.52840850090324,427,-0.6911668181419373
58.38,82.56834911531664,75.55027283117815,428,-0.6580258011817932
58.410000000000004,82.60596700305815,75.57584374107819,429,-0.6238721609115601
58.44,82.64293770035503,75.6005838039637,434,-0.5887401700019836
58.47,82.67870882333732,75.61895897253672,431,-0.5526643395423889
58.5,82.7019135089154,75.63707486516552,427,-0.5156786441802979
58.53,82.72359959680429,75.65941872702568,433,-0.4778168499469757
58.56,82.75010959921127,75.68070679610643,433,-0.4391123950481415
58.59,82.77501625959947,75.71298241973187,441,-0.39959877729415894
58.620000000000005,82.80458427129585,75.75330789298755,440,-0.35930949449539185
58.65,82.83767016689622,75.78962861602083,437,-0.3182785212993622
58.68,82.86697319968552,75.82264503928332,438,-0.2765401005744934
58.71,82.88563571033738,75.8426235931854,434,-0.23412920534610748
58.74,82.90297422339155,75.85979151393231,435,-0.1910814791917801
58.77,82.92223749733036,75.87094096593682,432,-0.14743337035179138
58.800000000000004,82.94037928528168,75.87860535126654,435,-0.10322209447622299
58.83,82.94927723002665,75.87567575053383,438,-0.05848568305373192
58.86,82.94366286800233,75.86250458044621,434,-0.013263793662190437
58.89,82.9285180361874,75.84426871686769,438,0.03240137919783592
58.92,82.91020364727191,75.82767143305347,440,0.07846511900424957
58.95,82.8871209422678,75.80883919274318,433,0.1248803436756134
58.980000000000004,82.8610746235966,75.7821260057631,429,0.17159785330295563
59.01,82.83504444539696,75.74928442594826,431,0.2185664176940918
59.04,82.81832816981756,75.71908040830279,434,0.26573309302330017
59.07,82.80721526401945,75.68394863133591,435,0.31304335594177246
59.1,82.78954886541706,75.65344267653498,433,0.36044132709503174
59.13,82.76660549831566,75.61982333265482,433,0.40787023305892944
59.160000000000004,82.73816439679528,75.57524290641993,438,0.4552727937698364
59.19,82.71082214594185,75.52695672349438,434,0.5025911331176758
59.22,82.6824106804797,75.4794130651751,436,0.5497671365737915
59.25,82.648192246198,75.42887022345559,437,0.5967423319816589
59.28,82.61491818583991,75.37380303349502,435,0.6434575319290161
59.31,82.5921913637714,75.32716440722426,429,0.6898530125617981
59.34,82.57503429237246,75.28418081587215,434,0.7358688116073608
59.370000000000005,82.55835197477506,75.2434987921525,432,0.7814450860023499
59.4,82.53522715038979,75.20529526897134,426,0.826522171497345
59.43,82.51112007871569,75.17745396288207,429,0.8710409998893738
59.46,82.47939948392128,75.1450085887009,431,0.9149430394172668
59.49,82.44273750124248,75.11285757945268,433,0.9581708908081055
59.52,82.40463249628829,75.0790558199981,435,1.0006682872772217
59.550000000000004,82.3516338461812,75.05061859153861,440,1.0423803329467773
59.58,82.2972521697523,75.01353370869883,444,1.0832537412643433
59.61,82.23731257290974,74.97639026458019,446,1.1232366561889648
59.64,82.1793837766055,74.93537497933292,447,1.1622790098190308
59.67,82.12489227083002,74.89216031642222,440,1.2003319263458252
59.7,82.06740694072874,74.85258534447621,443,1.2373485565185547
59.730000000000004,82.00417370098722,74.81962669186855,440,1.2732840776443481
59.76,81.93850622776729,74.79050267901968,437,1.308095097541809
59.79,81.86599875505254,74.75760753539967,439,1.3417402505874634
59.82,81.79382195342494,74.72885135205752,437,1.374179720878601
59.85,81.73059414239589,74.70801866126197,430,1.4053760766983032
59.88,81.66884428029849,74.68625177867942,430,1.4352933168411255
59.910000000000004,81.60896501407866,74.66280157096834,429,1.4638973474502563
59.94,81.55179350535192,74.64284245870745,438,1.4911556243896484
59.97,81.50212773898592,74.62263928269148,441,1.5170364379882812
60.0,81.45515770431501,74.59946421898282,444,1.5415089130401611
60.03,81.41992888428338,74.57702334015205,446,1.5645426511764526
60.06,81.40659402905133,74.56537541317945,433,1.5861091613769531
60.09,81.40726009488277,74.56238392424248,432,1.6061806678771973
60.120000000000005,81.41527130618859,74.57689632763969,435,1.6247304677963257
60.15,81.44364598142299,74.60001556278638,431,1.6417330503463745
60.18,81.48237294392635,74.62529700239186,430,1.6571654081344604
60.21,81.52472441989701,74.63948920601888,432,1.6710048913955688
60.24,81.57840374409056,74.65803807771337,438,1.6832305192947388
60.27,81.63074814465799,74.67409112665362,433,1.6938245296478271
60.300000000000004,81.68325781318815,74.69157564378744,431,1.7027719020843506
60.33,81.73503864034426,74.71585534715754,430,1.710060954093933
60.36,81.77838769229712,74.74211930080239,433,1.7156827449798584
60.39,81.81869530612785,74.77087073989148,431,1.719631552696228
60.42,81.85865980217793,74.80099488794815,434,1.721903681755066
60.45,81.89336975463797,74.82974657081434,437,1.7224979400634766
60.480000000000004,81.9240742684335,74.86202013351912,436,1.7214157581329346
60.51,81.94100281043718,74.8835413259628,442,1.7186610698699951
60.54,81.9637239975862,74.90157063007852,444,1.7142393589019775
60.57,81.99719490656378,74.92118053198888,446,1.708158254623413
60.6,82.03143127477618,74.94281737282644,445,1.700426459312439
60.63,82.06095073815493,74.96377220872978,444,1.691054344177246
60.660000000000004,82.09741663435629,74.99698516191519,444,1.6800541877746582
60.69,82.13828339266283,75.0313466802339,446,1.6674396991729736
60.72,82.17963527912202,75.0710937291546,451,1.653226613998413
60.75,82.22659519680289,75.10567194141345,452,1.6374320983886719
60.78,82.277750825292,75.13997970530697,449,1.6200758218765259
60.81,82.32814777642996,75.173739024999,445,1.6011784076690674
60.84,82.37798982993003,75.20301621168336,447,1.5807629823684692
60.870000000000005,82.43069103970932,75.23125460031267,449,1.558854341506958
60.9,82.47945410177316,75.25333750009393,445,1.535478115081787
60.93,82.51773361838579,75.25952149957944,443,1.510661244392395
60.96,82.55232585311917,75.26366626922444,440,1.4844316244125366
60.99,82.58513633139326,75.25970202531853,436,1.4568184614181519
61.02,82.61631686478205,75.25899723416534,437,1.4278512001037598
61.050000000000004,82.64494372437312,75.2655473348682,432,1.3975613117218018
61.08,82.67404717675966,75.27878465458869,427,1.3659800291061401
61.11,82.70581815618382,75.29919773971518,433,1.3331401348114014
61.14,82.73862163915317,75.32494599858117,430,1.2990758419036865
61.17,82.76082043727517,75.34801087910564,435,1.263822317123413
61.2,82.77707606744659,75.36440375185828,430,1.2274155616760254
61.230000000000004,82.7900382955845,75.37264435127688,431,1.1898934841156006
61.26,82.79677972749721,75.37228703554263,431,1.1512945890426636
61.29,82.80107549082692,75.37655193641076,432,1.1116585731506348
61.32,82.80527549629701,75.38978473965747,431,1.0710268020629883
61.35,82.80682751015556,75.40054878571507,427,1.0294419527053833
61.38,82.80555822944042,75.41475549215696,429,0.9869474768638611
61.410000000000004,82.80179520784749,75.42496340179727,426,0.9435875415802002
61.44,82.79247316702967,75.4296494313532,425,0.8994066119194031
61.47,82.78592145774768,75.43114040034315,429,0.8544492721557617
61.5,82.77391804135472,75.43187251397406,432,0.8087599277496338
61.53,82.7543240399865,75.43657871623503,437,0.7623835802078247
61.56,82.73361117673538,75.44684714157879,438,0.7153655290603638
61.59,82.71343131622095,75.45791616605284,442,0.6677517890930176
61.620000000000005,82.69339201109625,75.46192284710668,441,0.6195891499519348
61.65,82.6681779691251,75.45519073160806,447,0.5709251165390015
61.68,82.64391126565826,75.43901459966045,446,0.5218076109886169
61.71,82.62292202547293,75.42153785308788,448,0.4722856879234314
61.74,82.60648405208333,75.413365323107,449,0.4224088191986084
61.77,82.59308227093656,75.40709526107044,452,0.3722270727157593
61.800000000000004,82.58100090331054,75.40582332713389,456,0.32179123163223267
61.83,82.57493448161877,75.40199390389334,458,0.27115270495414734
61.86,82.57639780769127,75.39144705182646,462,0.2203633040189743
61.89,82.575682945996,75.37817047262071,465,0.16947543621063232
61.92,82.57424885480812,75.36468189828662,468,0.11854202300310135
61.95,82.5753179758879,75.35208692628478,467,0.06761683523654938
61.980000000000004,82.57476821091106,75.33184047099851,466,0.01675541140139103
62.01,82.57342178798488,75.30068349095137,464,-0.03398475423455238
62.04,82.57360029462458,75.26385422857243,458,-0.0845445767045021
62.07,82.56414346476042,75.22767730943308,463,-0.13486383855342865
62.1,82.54753049711212,75.18715575324177,460,-0.18488146364688873
62.13,82.52318971255252,75.1420392936474,459,-0.23453578352928162
62.160000000000004,82.48957344285363,75.09100749569329,462,-0.2837648391723633
62.190000000000005,82.44659034822557,75.03306722934012,464,-0.3325065076351166
62.22,82.40185376690532,74.97734602879716,465,-0.3806988000869751
62.25,82.3551090723032,74.91803584660161,465,-0.4282800853252411
62.28,82.31150847271806,74.8540823364709,469,-0.47518929839134216
62.31,82.27347249445971,74.77914391946243,459,-0.5213661193847656
62.34,82.22908389470932,74.7119806154255,461,-0.5667513608932495
62.370000000000005,82.17371788318238,74.65367734233025,459,-0.6112869381904602
62.4,82.10980414697555,74.60046848254044,459,-0.6549159288406372
62.43,82.04756498053118,74.55214940981772,459,-0.6975831985473633
62.46,81.98128138609754,74.50169555674385,461,-0.739234447479248
62.49,81.91686934408595,74.4434468002615,455,-0.7798173427581787
62.52,81.8605518078905,74.39450691821435,454,-0.8192805647850037
62.550000000000004,81.80991132683022,74.35488992039713,458,-0.857574462890625
62.58,81.76474672921914,74.31988030987398,456,-0.8946508765220642
62.61,81.72906223053543,74.29967773636288,453,-0.9304629564285278
62.64,81.69523866804859,74.28703800047668,450,-0.9649644494056702
62.67,81.66519081045887,74.28510371279364,451,-0.9981098175048828
62.7,81.6393750250439,74.29633430697223,447,-1.02985417842865
62.730000000000004,81.62044839710856,74.3171843617677,446,-1.0601537227630615
62.76,81.6034601545649,74.33755864740343,448,-1.0889652967453003
62.79,81.5947755854905,74.36159328723943,446,-1.1162468194961548
62.82,81.59628801078617,74.38216002076742,448,-1.141957402229309
62.85,81.5995535518728,74.39885284529393,450,-1.1660571098327637
62.88,81.6065282411955,74.41381367056681,449,-1.1885079145431519
62.910000000000004,81.6140005621347,74.43586983403746,450,-1.2092738151550293
62.940000000000005,81.63006451991563,74.45253400072626,450,-1.2283226251602173
62.97,81.64692044270312,74.46743501240987,449,-1.245625615119934
63.0,81.66300060987427,74.48351182501904,451,-1.261156439781189
63.03,81.70068235966333,74.52361238854486,449,-1.274893045425415
63.06,81.7438499986868,74.5676762390926,451,-1.2868154048919678
63.09,81.79479682410881,74.61050623684199,458,-1.2969071865081787
63.120000000000005,81.84926804270486,74.65983744444253,454,-1.3051536083221436
63.15,81.89873586752171,74.7061606750757,454,-1.3115421533584595
63.18,81.94782923268839,74.74972677212672,459,-1.3160626888275146
63.21,81.99963500791237,74.79507018377814,461,-1.3187071084976196
63.24,82.05607971460779,74.8354215544111,456,-1.3194705247879028
63.27,82.11262777272574,74.87070389709513,460,-1.3183499574661255
63.300000000000004,82.16506222717621,74.90069884630624,456,-1.3153448104858398
63.33,82.21505857597766,74.93281814929587,453,-1.3104572296142578
63.36,82.25933928996952,74.96361461919122,451,-1.3036913871765137
63.39,82.29807325661237,74.98809939946483,452,-1.2950536012649536
63.42,82.33464804171213,75.00989351958636,455,-1.2845529317855835
63.45,82.36746148005736,75.02164223201181,457,-1.272200584411621
63.480000000000004,82.39126168984957,75.02730830974924,456,-1.258010745048523
63.51,82.40877273181864,75.02310680649829,456,-1.2419995069503784
63.54,82.41945624145093,75.01509682220316,456,-1.2241854667663574
63.57,82.42010890742294,75.00305616576513,454,-1.2045897245407104
63.6,82.41809576964287,74.98619669664141,452,-1.183235764503479
63.63,82.41682990535871,74.97132331063187,446,-1.1601494550704956
63.660000000000004,82.42648322626985,74.96508529239024,450,-1.1353589296340942
63.690000000000005,82.44863125686574,74.96512900471224,451,-1.1088945865631104
63.72,82.46939210740157,74.96192462208829,450,-1.0807889699935913
63.75,82.48195309682065,74.95951315658068,447,-1.051077127456665
63.78,82.48743049519209,74.95974609687141,447,-1.0197960138320923
63.81,82.48956819031015,74.95788061903068,450,-0.9869844317436218
63.84,82.49343653804776,74.95742630055548,455,-0.9526819586753845
63.870000000000005,82.49307694728972,74.955605347145,448,-0.916929304599762
63.9,82.49159824449978,74.96001273413357,445,-0.8797683715820312
63.93,82.49119050881585,74.96450187778304,448,-0.8412413597106934
63.96,82.49306335093175,74.97056693505331,445,-0.8013899922370911
63.99,82.49227053628601,74.9805256583481,445,-0.7602560520172119
64.02,82.48751188033597,74.98216467933369,442,-0.7178813815116882
64.05,82.47834749765725,74.98518942155641,447,-0.6743077635765076
64.08,82.47605245904138,74.98526025537626,447,-0.629577100276947
64.11,82.47689947349124,74.98459177552076,451,-0.5837317705154419
64.14,82.47865798348855,74.9860290477512,458,-0.5368146300315857
64.17,82.4801317457524,74.99352250919623,457,-0.4888703227043152
64.2,82.48551032634602,75.00967286785657,462,-0.4399457275867462
64.23,82.48881313124203,75.030655049835,462,-0.39009031653404236
64.26,82.49479599037119,75.04742586999504,464,-0.3393561542034149
64.29,82.4959919722143,75.06801423229676,469,-0.2877974212169647
64.32000000000001,82.51030937320967,75.09923453967029,469,-0.235470712184906
64.35,82.52308103792653,75.12433020901729,473,-0.18243439495563507
64.38,82.53807757459234,75.14289245102513,472,-0.12874893844127655
64.41,82.54909673563684,75.15718385764805,473,-0.07447636872529984
64.44,82.55593654168946,75.1641851604479,473,-0.0196799598634243
64.47,82.55293523453567,75.16298634683892,473,0.035575948655605316
64.5,82.54878444280266,75.15685565592865,473,0.09122603386640549
64.53,82.53992825907002,75.14463418068152,475,0.14720407128334045
64.56,82.52527971530353,75.12327677646576,476,0.20344316959381104
64.59,82.50575419050861,75.09571541658386,475,0.259876012802124
64.62,82.49036611334063,75.06505581697321,475,0.31643518805503845
64.65,82.47455050878703,75.03384591462522,476,0.3730531334877014
64.68,82.4601519005386,74.99399498935318,473,0.42966240644454956
64.71000000000001,82.44708270549582,74.94702417324173,472,0.4861956238746643
64.74,82.43333568173362,74.89929158531757,470,0.5425857901573181
64.77,82.41848909478695,74.8443091064821,471,0.5987659096717834
64.8,82.40076097635092,74.78185596536133,472,0.6546695828437805
64.83,82.37447794828593,74.72268449174766,467,0.7102308869361877
64.86,82.34257033338099,74.66564930222678,466,0.7653844952583313
64.89,82.30753673291274,74.61286561089442,463,0.8200652003288269
64.92,82.26867303045121,74.56654862798207,462,0.8742079138755798
64.95,82.2294951779816,74.51731441323025,463,0.9277475476264954
64.98,82.1933736045814,74.46163665798831,461,0.9806191921234131
65.01,82.15406926878283,74.39962672954987,465,1.0327587127685547
65.04,82.11235900121306,74.33079809938106,464,1.084102988243103
65.07000000000001,82.06655057645558,74.26320228509375,460,1.1345899105072021
65.1,82.0256568297368,74.19203389296251,458,1.1841580867767334
65.13,81.98633848448303,74.11695582386939,460,1.2327479124069214
65.16,81.95126315751445,74.04111689785961,457,1.2803006172180176
65.19,81.91168857491049,73.96872177451759,449,1.3267590999603271
65.22,81.87220628075009,73.91366622121303,454,1.3720676898956299
65.25,81.83220147573454,73.86394039420367,454,1.4161722660064697
65.28,81.79305919642354,73.82618657003358,456,1.4590201377868652
65.31,81.75894014701655,73.79226540598943,456,1.5005601644515991
65.34,81.73532927470015,73.75686140479587,460,1.5407429933547974
65.37,81.72470307003336,73.73117807780777,459,1.5795209407806396
65.4,81.71919463369301,73.71303700336763,464,1.616848111152649
65.43,81.7271365469669,73.70028113074773,466,1.6526801586151123
65.46000000000001,81.73270098664638,73.68388721066063,467,1.6869752407073975
65.49,81.73785865833203,73.6778145509251,459,1.7196929454803467
65.52,81.75246606923596,73.68585390993141,455,1.7507960796356201
65.55,81.77633458043591,73.70535578636382,454,1.780251383781433
65.58,81.7975916088557,73.73763928923161,456,1.8080329895019531
65.61,81.82092254718258,73.77157072357059,455,1.8341294527053833
65.64,81.85113971021177,73.7990980906579,452,1.8585615158081055
65.67,81.88711994867579,73.84308651350996,454,1.8814164400100708
65.7,81.92155627297642,73.89041291105583,450,1.9029158353805542
65.73,81.95590843691821,73.93129212209641,456,1.9235453605651855
65.76,81.98669251701102,73.97654557541458,450,1.9443367719650269
65.79,82.01397655591225,74.02326890442112,454,1.9676192998886108
65.82000000000001,82.04622370844199,74.06659937353484,454,1.999309778213501
65.85,82.06954169328587,74.1065449353741,452,2.050441265106201
65.88,82.08650972970175,74.14172386228572,453,2.116197347640991
65.91,82.09440842397878,74.17523141801036,458,2.1829893589019775
65.94,82.1019204633401,74.19398241782953,456,2.2481472492218018
65.97,82.1118079476863,74.22428065059803,460,2.311400890350342
66.0,82.1254296743703,74.25845370988563,463,2.3726484775543213
66.03,82.13564015216689,74.29250389873471,469,2.4317967891693115
66.06,82.14345309968587,74.32755649945153,467,2.4887518882751465
66.09,82.15233534268211,74.35834343613995,465,2.543421983718872
66.12,82.16213063004538,74.38350665424254,470,2.5957133769989014
66.15,82.1748288418012,74.40149654461258,469,2.6455349922180176
66.18,82.19414997585628,74.41922682363376,468,2.6927952766418457
66.21000000000001,82.21556646779847,74.440225714374,465,2.7374038696289062
66.24,82.23886414103262,74.4623875608577,467,2.7792739868164062
66.27,82.26413241318875,74.47890475204946,468,2.8183183670043945
66.3,82.28546551214663,74.49165913724755,469,2.854451894760132
66.33,82.30965356190738,74.49106332472827,469,2.8875932693481445
66.36,82.32918561265885,74.48824069695256,471,2.9176621437072754
66.39,82.34917381501852,74.4832945092187,469,2.9445817470550537
66.42,82.36627925913393,74.48131071843163,468,2.968278169631958
66.45,82.38111598287495,74.47210491214624,466,2.988680362701416
66.48,82.39703606426072,74.46240337226409,468,3.0057196617126465
66.51,82.41809751915976,74.45327004974725,468,3.01933217048645
66.54,82.43787694114043,74.4369795161053,465,3.0294551849365234
66.57000000000001,82.45339966781178,74.41970112756707,468,3.0360307693481445
66.6,82.46413272774986,74.40617077875102,462,3.0390026569366455
66.63,82.47041809747085,74.40226880974544,458,3.0383200645446777
66.66,82.47753155702436,74.40260988468037,456,3.0339338779449463
66.69,82.47945462514934,74.4116208478289,457,3.02579927444458
66.72,82.47955490927355,74.42836247400382,457,3.013873815536499
66.75,82.48633600248503,74.46515399156236,457,2.998117685317993
66.78,82.49926048356562,74.5029334874401,455,2.9784939289093018
66.81,82.50781958947175,74.55257915016006,454,2.9549694061279297
66.84,82.51210747809249,74.59808715322836,456,2.9275124073028564
66.87,82.50867355721716,74.63683476019172,453,2.896095037460327
66.9,82.50292806075912,74.6766067478101,454,2.86069393157959
66.93,82.4919692958658,74.71298867506574,455,2.8212881088256836
66.96000000000001,82.4793358259637,74.74548196297775,456,2.7778611183166504
66.99,82.46756914028666,74.77022569253477,457,2.730400562286377
67.02,82.4525355051851,74.79313104181708,459,2.678898334503174
67.05,82.43893421991777,74.80187666760165,458,2.6233506202697754
67.08,82.42747128051288,74.80150103776324,462,2.5637593269348145
67.11,82.4158242648258,74.79719971746022,465,2.5001304149627686
67.14,82.40733386151294,74.78562259728596,464,2.432476282119751
67.17,82.40650992941033,74.75779104577187,459,2.360814094543457
67.2,82.40607858830323,74.71825007718847,459,2.2851672172546387
67.23,82.40419961610793,74.68136219019804,458,2.205561399459839
67.26,82.39914128874261,74.64527153444077,464,2.121943712234497
67.29,82.38942775371123,74.60111441012492,470,2.031296730041504
67.32000000000001,82.38221263930136,74.55194886249721,475,1.9022326469421387
67.35,82.3815788865,74.50146639492392,476,1.7524652481079102
67.38,82.37649314539871,74.45515753136677,474,1.6031967401504517
67.41,82.36820847407162,74.41831962263943,475,1.4547650814056396
67.44,82.36169455193993,74.37960032539648,475,1.3072319030761719
67.47,82.3607922670244,74.34236372011948,480,1.1606649160385132
67.5,82.35786794483533,74.31573726390651,481,1.0151379108428955
67.53,82.34906492050304,74.29427983922307,485,0.8707301020622253
67.56,82.33982700472566,74.27627067272313,484,0.7275254726409912
67.59,82.32793952468998,74.25468154991839,482,0.5856131315231323
67.62,82.31796703935926,74.23294576865635,482,0.4450858235359192
67.65,82.30787585442815,74.20701609147123,478,0.3060397207736969
67.68,82.29539174864499,74.17472518932873,476,0.1685735583305359
67.71000000000001,82.27865940066836,74.14094434984774,478,0.032788075506687164
67.74,82.25451111903267,74.10721309437956,475,-0.10121457278728485
67.77,82.22000440788023,74.07188016590878,474,-0.23333130776882172
67.8,82.18424800941995,74.02502205300392,474,-0.3634585440158844
67.83,82.14996364407155,73.98631522730369,467,-0.49149277806282043
67.86,82.11864485190102,73.94677086655408,467,-0.6173310875892639
67.89,82.09201688090852,73.91629487090124,462,-0.7408713698387146
67.92,82.06322663022111,73.88034297492325,457,-0.8620127439498901
67.95,82.03075487032712,73.84331351613436,459,-0.9806563258171082
67.98,82.00468242183267,73.80338252343509,465,-1.0967047214508057
68.01,81.99261293182974,73.7654404674971,465,-1.2100623846054077
68.04,81.97692679722219,73.73265564885082,463,-1.3206368684768677
68.07000000000001,81.95598604453119,73.70682087441311,462,-1.4283372163772583
68.1,81.94705099892077,73.68055458444339,464,-1.5330760478973389
68.13,81.94045588849488,73.64735196223374,463,-1.6347683668136597
68.16,81.94031237926755,73.61880573040625,463,-1.733332872390747
68.19,81.94767174755053,73.6059467385249,469,-1.8287068605422974
68.22,81.958840292968,73.59440411690723,474,-1.9213625192642212
68.25,81.96508588289839,73.58851496245414,476,-2.0250513553619385
68.28,81.97691881475343,73.5870120476539,480,-2.1674985885620117
68.31,81.99558035883595,73.59489419889032,483,-2.313213348388672
68.34,82.01043251236013,73.61593704988167,482,-2.4577646255493164
68.37,82.02116682811138,73.6413455816239,473,-2.600951910018921
68.4,82.02276910575758,73.67337475371568,470,-2.742583990097046
68.43,82.02042119878666,73.70157146569935,473,-2.8824667930603027
68.46000000000001,82.02668514168903,73.73575222878583,472,-3.0204033851623535
68.49,82.04240353529383,73.77587871223199,471,-3.156198024749756
68.52,82.06702044115357,73.81921122496654,470,-3.2896530628204346
68.55,82.09923058837559,73.86238294782837,474,-3.4205734729766846
68.58,82.13508364562558,73.89641407952881,475,-3.5487630367279053
68.61,82.16518960334501,73.932722946451,474,-3.6740286350250244
68.64,82.18652445229002,73.96697765834243,475,-3.7961783409118652
68.67,82.20859133990875,74.01471427855343,476,-3.915013074874878
68.7,82.23201173763591,74.05595110595856,480,-4.008955001831055
68.73,82.25496247148541,74.09604861033783,483,-4.023870944976807
68.76,82.281019100569,74.12652407585284,484,-4.025289535522461
68.79,82.31240268269131,74.15185217052469,483,-4.023190498352051
68.82000000000001,82.34591289326609,74.17218706350864,480,-4.020058631896973
68.85000000000001,82.36526071886942,74.18039798847802,483,-4.016932964324951
68.88,82.37940762804304,74.1776029122754,482,-4.014101028442383
68.91,82.3969094886066,74.17340034406934,482,-4.011536121368408
68.94,82.41115993333703,74.16803889789081,480,-4.009157180786133
68.97,82.42405150294645,74.15568787170027,480,-4.006899833679199
69.0,82.4347519918066,74.13793190630139,477,-4.004717826843262
69.03,82.44182277714224,74.13054456077856,473,-4.0025763511657715
69.06,82.4446722860564,74.12158923701355,474,-4.000444412231445
69.09,82.44733317873226,74.11076166027502,480,-3.998293399810791
69.12,82.44615948271893,74.0997558938879,474,-3.99609375
69.15,82.4419731882017,74.08511826675132,472,-3.9938130378723145
69.18,82.43363248086006,74.07366078832804,471,-3.9914119243621826
69.21000000000001,82.42866483365408,74.05999714689625,470,-3.9888405799865723
69.24,82.42443543628347,74.04525938688911,468,-3.9860329627990723
69.27,82.42137786473651,74.0380754653011,464,-3.982896089553833
69.3,82.41636993930985,74.03692799411041,466,-3.9792935848236084
69.33,82.41234273891986,74.03973341344988,468,-3.975017786026001
69.36,82.40890431828461,74.04698431223613,470,-3.969742774963379
69.39,82.40495692548372,74.0561768067708,468,-3.96295166015625
69.42,82.40397881449799,74.07225008382568,470,-3.953856945037842
69.45,82.39792565995795,74.0889320257576,472,-3.941394805908203
69.48,82.38868214981268,74.1059538273686,475,-3.9244298934936523
69.51,82.37561071624481,74.12771766933227,475,-3.902117967605591
69.54,82.36191448505117,74.15757790576046,476,-3.874058485031128
69.57000000000001,82.34968187267575,74.18661546543069,474,-3.840131998062134
69.60000000000001,82.33314674871434,74.21323306154198,469,-3.800316095352173
69.63,82.31497561115111,74.23576735611272,474,-3.754610061645508
69.66,82.29249225840529,74.24209952005876,474,-3.7030208110809326
69.69,82.27026594535485,74.23963618768649,475,-3.6455600261688232
69.72,82.24757450871711,74.23010048095661,480,-3.5822460651397705
69.75,82.22254355351613,74.20587533210731,483,-3.5131022930145264
69.78,82.20471930120166,74.18555871538864,487,-3.438157558441162
69.81,82.19208809094668,74.16484980294189,486,-3.3574469089508057
69.84,82.18031032217772,74.14521027147711,489,-3.2710115909576416
69.87,82.1657946489534,74.1309589101583,493,-3.178898572921753
69.9,82.15227660709353,74.11777319193828,497,-3.081160068511963
69.93,82.13980965269825,74.10726717365193,499,-2.9778554439544678
69.96000000000001,82.13543347754505,74.10074230092121,504,-2.8690483570098877
69.99,82.12889706331138,74.08785152302204,502,-2.754810094833374
70.02,82.12134440143794,74.07405090596225,503,-2.6352176666259766
70.05,82.11901717006188,74.06190888809172,504,-2.5103542804718018
70.08,82.12230978092136,74.05878561819972,494,-2.38031005859375
70.11,82.1270992920942,74.05579516444881,496,-2.24518084526062
70.14,82.12708979910273,74.06594682613154,496,-2.104966163635254
70.17,82.12741365431222,74.06685743909397,497,-1.942816138267517
70.2,82.1315588989742,74.05766819279103,492,-1.738588571548462
70.23,82.13344803203785,74.03239526988833,490,-1.534812092781067
70.26,82.13204561605143,74.00499897651575,490,-1.3326318264007568
70.29,82.1329710720093,73.97018721093154,490,-1.1321454048156738
70.32000000000001,82.13493099542558,73.93595545985875,494,-0.9334560632705688
70.35000000000001,82.12700951747676,73.89570413852861,491,-0.7366727590560913
70.38,82.10875662740557,73.85911121252637,490,-0.5419087409973145
70.41,82.09580032472859,73.81601256946458,495,-0.34928131103515625
70.44,82.08648799021776,73.76676597289392,491,-0.15891152620315552
70.47,82.07093542468694,73.722553471318,488,0.029076356440782547
70.5,82.05969760315928,73.6743592721261,482,0.21455608308315277
70.53,82.05231906509202,73.61204549201864,484,0.3974001705646515
70.56,82.03851331793614,73.5531872670758,485,0.5774802565574646
70.59,82.02695763680556,73.50610032748756,482,0.7546682953834534
70.62,82.01762048349222,73.46281901537158,480,0.9288363456726074
70.65,82.01253232385493,73.41181165888976,478,1.0998573303222656
70.68,82.00402608114531,73.34717531011843,482,1.2676059007644653
70.71000000000001,81.99883839680278,73.28898390055853,482,1.4319584369659424
70.74,82.00729642335219,73.24804209609135,477,1.5927928686141968
70.77,82.01756175501313,73.21259974345791,473,1.7499910593032837
70.8,82.03452303142791,73.1882583104713,468,1.9036012887954712
70.83,82.05540794415985,73.16787768526426,468,2.0749669075012207
70.86,82.06765217022601,73.14984659194617,469,2.283642292022705
70.89,82.07526593660323,73.13238294192026,473,2.4930360317230225
70.92,82.07447599782796,73.12620069695028,473,2.702420234680176
70.95,82.07565434658676,73.12679965621783,471,2.9115545749664307
70.98,82.08506000526668,73.13636566717818,475,3.12019419670105
71.01,82.10099046582543,73.15211811276868,472,3.3280889987945557
71.04,82.11297725950391,73.16950689584246,474,3.5349864959716797
71.07000000000001,82.12264821026794,73.18807964933815,472,3.740631103515625
71.10000000000001,82.13603368664585,73.22047863315099,476,3.9447243213653564
71.13,82.15419835904338,73.257437027484,480,4.0694427490234375
71.16,82.17090020148784,73.28720267578352,480,4.14671516418457
71.19,82.18515846564792,73.31727621964129,476,4.219345569610596
71.22,82.20318968089396,73.34688218352912,471,4.287319660186768
71.25,82.21640444503632,73.38473568103888,472,4.350541114807129
71.28,82.22987891429237,73.42528152775277,475,4.4089250564575195
71.31,82.24777938487756,73.45178782559863,479,4.462394714355469
71.34,82.26490199426057,73.47577709179536,473,4.510885238647461
71.37,82.28097435485112,73.49728065304744,474,4.554342746734619
71.4,82.29212466714651,73.51712792042629,476,4.5927228927612305
71.43,82.30234171172904,73.54614780209725,477,4.6259918212890625
71.46000000000001,82.30312701784605,73.55994602135807,480,4.654128074645996
71.49,82.30129132370388,73.57188685534487,485,4.677116394042969
71.52,82.29742989935812,73.58133964034737,480,4.694954872131348
71.55,82.2934832472091,73.57951916959021,478,4.707645416259766
71.58,82.29607154380096,73.57922822645786,477,4.715203762054443
71.61,82.29845230807926,73.5818375047839,474,4.717648983001709
71.64,82.29662446251413,73.57875948373942,475,4.715012073516846
71.67,82.28963509463543,73.57728505128708,477,4.707327842712402
71.7,82.27821347531749,73.58211711814849,481,4.694638729095459
71.73,82.26945904320506,73.58635370354085,481,4.676992893218994
71.76,82.26304711930183,73.58669213554681,484,4.654444217681885
71.79,82.25950478231755,73.57525061110842,484,4.627052307128906
71.82000000000001,82.26687745672716,73.5610960979298,485,4.594882965087891
71.85000000000001,82.27709637607737,73.55707335116654,482,4.55800724029541
71.88,82.28207097117723,73.54754442208753,488,4.516502380371094
71.91,82.28714018517998,73.53766525600811,491,4.470450401306152
71.94,82.29286050608889,73.5327960333031,487,4.419937610626221
71.97,82.29804098372131,73.53133231761839,493,4.36505651473999
72.0,82.29879593545631,73.54068989047056,493,4.30590295791626
72.03,82.29946612422457,73.55763685985461,497,4.242580413818359
72.06,82.30039274664365,73.58222061637906,494,4.175197124481201
72.09,82.30239073834476,73.59319948031154,495,4.103871822357178
72.12,82.304119734738,73.60869514919136,497,4.030028343200684
72.15,82.29885288465269,73.63161941802852,489,3.9944403171539307
72.18,82.28605758202444,73.65211154775444,488,3.989004611968994
72.21000000000001,82.27225391325159,73.6700204971863,493,3.985719680786133
72.24,82.26035536489113,73.68600255033152,497,3.982297658920288
72.27,82.24979589448164,73.69803442529687,500,3.978393077850342
72.3,82.2434893082033,73.70934260781932,493,3.973740577697754
72.33,82.23312811826499,73.71596962761336,491,3.9679551124572754
72.36,82.22440814793778,73.72210312391014,494,3.960432529449463
72.39,82.21137003513745,73.72183381794335,488,3.950284481048584
72.42,82.20310596677221,73.71548245687859,491,3.9363903999328613
72.45,82.19825510016905,73.71216250088806,493,3.917689085006714
72.48,82.19034243648264,73.71248849449154,490,3.8935112953186035
72.51,82.17808779864055,73.71422502051959,488,3.863603115081787
72.54,82.16993428953538,73.71298375891645,488,3.8279218673706055
72.57000000000001,82.16367559200596,73.71581073525559,485,3.7864837646484375
72.60000000000001,82.15772640113205,73.71749794903067,485,3.739316701889038
72.63,82.15158937045894,73.7225310272409,484,3.686453104019165
72.66,82.14813754046651,73.73275460982026,491,3.6279296875
72.69,82.14299328009962,73.74179383557157,491,3.5637869834899902
72.72,82.13880311294575,73.7437864110492,490,3.4940714836120605
72.75,82.13788469820423,73.74097770760095,487,3.418832778930664
72.78,82.13723625036435,73.74283844271561,490,3.3381259441375732
72.81,82.13227242457612,73.75413254008635,490,3.2520129680633545
72.84,82.12870185383767,73.7605754696037,499,3.1605594158172607
72.87,82.12472841997909,73.75495764893452,500,3.063838243484497
72.9,82.12466676200425,73.74822164067524,497,2.9619288444519043
72.93,82.12259855842605,73.73839006327596,505,2.8549163341522217
72.96000000000001,82.12209074433368,73.71210866444662,498,2.742891311645508
72.99,82.11405812646746,73.68597374988768,505,2.625952959060669
73.02,82.10727341247346,73.66022687548032,502,2.5042059421539307
73.05,82.10731547516737,73.63754185918059,499,2.3777620792388916
73.08,82.1120465715536,73.61539623479598,508,2.246739625930786
73.11,82.1136057937692,73.57990539661672,502,2.111182689666748
73.14,82.11508045197778,73.53605257392968,500,1.9573628902435303
73.17,82.125509682587,73.49987269211317,494,1.7591524124145508
73.2,82.14047387054372,73.46342342859477,494,1.5610672235488892
73.23,82.15463414207406,73.42527600438761,496,1.365035057067871
73.26,82.168019765277,73.38097865195458,497,1.1711677312850952
73.29,82.18236406664101,73.33161181464453,494,0.9795811176300049
73.32000000000001,82.19368783440946,73.28722934143215,495,0.7903960943222046
73.35000000000001,82.2044295620149,73.25626920195647,490,0.6037369966506958
73.38,82.22038823321324,73.22299743250338,488,0.41973090171813965
73.41,82.23311038767089,73.1876648344283,486,0.23850688338279724
73.44,82.24460825426452,73.15492918821825,485,0.06019623577594757
73.47,82.25136170176478,73.11785731489731,480,-0.11506861448287964
73.5,82.25151497418705,73.08520694678575,481,-0.28715476393699646
73.53,82.25277581077691,73.06451920852733,479,-0.4559296667575836
73.56,82.25333028866486,73.04452740019546,482,-0.6212615370750427
73.59,82.25279939871679,73.0317263434257,487,-0.7830203771591187
73.62,82.25740295248305,73.02340845349964,483,-0.9410783648490906
73.65,82.26695070674673,73.01604492293336,480,-1.0953102111816406
73.68,82.27515999371467,73.00132592412083,481,-1.245593786239624
73.71000000000001,82.28599739000413,72.99893674931272,485,-1.3918097019195557
73.74,82.29639744264902,73.00917837666215,483,-1.5338417291641235
73.77,82.30539384243379,73.01404099934253,485,-1.671576976776123
73.8,82.31135688769034,73.02533415128221,482,-1.8049107789993286
73.83,82.31418013977107,73.04102929977836,483,-1.934378743171692
73.86,82.32103545910113,73.05125514534096,484,-2.0878305435180664
73.89,82.32956818152542,73.06351685619634,491,-2.270369291305542
73.92,82.34693353437304,73.07507093761069,497,-2.4519402980804443
73.95,82.36547607090121,73.0852711288696,498,-2.6319847106933594
73.98,82.38458349133874,73.1062184576217,499,-2.8102612495422363
74.01,82.41439608312523,73.14576511802352,506,-2.9865288734436035
74.04,82.43255765792762,73.1919869329615,509,-3.1605470180511475
74.07000000000001,82.44129276810148,73.22511686633491,505,-3.3320748805999756
74.10000000000001,82.44835897754346,73.25913343431833,511,-3.5008726119995117
74.13,82.45654531804003,73.29647852117748,509,-3.6667003631591797
74.16,82.46490700300808,73.32508905267166,503,-3.8293190002441406
74.19,82.47355149798327,73.34685438972018,498,-3.9867963790893555
74.22,82.48051093720122,73.36447956347212,499,-4.04803991317749
74.25,82.48820244156907,73.3753833703018,506,-4.0787458419799805
74.28,82.49167643361162,73.38149538832617,509,-4.103570938110352
74.31,82.48668553811706,73.3863518228023,502,-4.123294830322266
74.34,82.46879455976372,73.39462710306388,501,-4.137947082519531
74.37,82.45525125252071,73.3992474096187,500,-4.147505283355713
74.4,82.44523143945919,73.40719483793464,500,-4.15195894241333
74.43,82.43892962527416,73.4093449828454,498,-4.151302814483643
74.46000000000001,82.43402084521188,73.40860645321571,497,-4.145545482635498
74.49,82.4310818682949,73.39898843908296,495,-4.134706974029541
74.52,82.42644832335611,73.3895089693185,491,-4.118818283081055
74.55,82.41905323693423,73.37530748060568,489,-4.097931385040283
74.58,82.40774490241444,73.35971190973873,490,-4.0721917152404785
74.61,82.39629511565782,73.33969984839045,490,-4.042686462402344
74.64,82.38666424236929,73.32412455198224,487,-4.017917633056641
74.67,82.37988453340022,73.31059680867,484,-4.00876522064209
74.7,82.37531130958466,73.29515935175756,485,-4.00535774230957
74.73,82.36991612278975,73.281927544104,489,-4.002706527709961
74.76,82.36039115853704,73.2686482571337,494,-4.0001630783081055
74.79,82.34702308401252,73.25979297438548,497,-3.9976260662078857
74.82000000000001,82.32796117809873,73.25118959319163,501,-3.995042324066162
74.85000000000001,82.30980992995867,73.2432357107775,504,-3.9923577308654785
74.88,82.29767300604678,73.23155068905561,506,-3.989508867263794
74.91,82.29038081559072,73.21204300560792,500,-3.9864137172698975
74.94,82.28537003252038,73.19164705223417,503,-3.9829583168029785
74.97,82.2778640221531,73.18310552331275,504,-3.9789743423461914
75.0,82.26549508577777,73.18297296807278,502,-3.9742016792297363
75.03,82.25455045975123,73.18845475857292,499,-3.968223810195923
75.06,82.23887141072437,73.18703906041017,499,-3.960376739501953
75.09,82.22118790068785,73.18929909992018,499,-3.9496707916259766
75.12,82.20081683230151,73.19752544972506,502,-3.9348642826080322
75.15,82.18662998493913,73.2110348746868,501,-3.914815664291382
75.18,82.17355362453085,73.22862621525222,498,-3.888848304748535
75.21000000000001,82.15962851466031,73.23729907097177,499,-3.8567299842834473
75.24,82.14736861091116,73.24571434585307,501,-3.818429946899414
75.27,82.13238744532501,73.25639305393612,506,-3.773965835571289
75.3,82.11243803243393,73.26726086256757,504,-3.7233662605285645
75.33,82.09246402177584,73.28086558709776,505,-3.666663408279419
75.36,82.0790586458034,73.29581181709754,501,-3.603893280029297
75.39,82.07080636570976,73.31885113257128,501,-3.5350964069366455
75.42,82.06272767130324,73.3437303554202,505,-3.4603171348571777
75.45,82.04780292276376,73.36554381257389,504,-3.3796045780181885
75.48,82.0364016572212,73.37755820446868,501,-3.293013095855713
75.51,82.02327813296614,73.38148736089155,503,-3.200601816177368
75.54,82.00953555989831,73.39111101101933,505,-3.10243558883667
75.57000000000001,81.99571716798445,73.40586637497698,506,-2.9985852241516113
75.60000000000001,81.98534325454749,73.4251600171609,504,-2.889127016067505
75.63,81.9732267119637,73.43239092757763,506,-2.774143934249878
75.66,81.95824707383417,73.4404147039336,510,-2.6537256240844727
75.69,81.9454144465172,73.4430403832684,511,-2.527968168258667
75.72,81.93604847340116,73.43478781011238,509,-2.3969738483428955
75.75,81.9317103657125,73.43287834232353,508,-2.260852098464966
75.78,81.92403689943185,73.42270114491456,507,-2.1196653842926025
75.81,81.91890826895622,73.40441834926095,507,-1.961069107055664
75.84,81.91676807383631,73.37177031100336,501,-1.7562334537506104
75.87,81.92467335864458,73.33897934380401,503,-1.5509294271469116
75.9,81.93298347036566,73.30034499166172,500,-1.347296118736267
75.93,81.94503548432967,73.25084924040968,501,-1.145444631576538
75.96000000000001,81.95859121397648,73.19903405054252,498,-0.9454910755157471
75.99,81.97834663442471,73.15047576985422,499,-0.7475574016571045
76.02,81.99986026880758,73.09918526482397,500,-0.5517704486846924
76.05,82.0152955762872,73.03964448230445,499,-0.35826098918914795
76.08,82.03328278480511,72.97916766463605,496,-0.16716310381889343
76.11,82.05881640599745,72.9149160140084,497,0.02138686552643776
76.14,82.08132675640611,72.85484094701533,499,0.2072509080171585
76.17,82.10859771155336,72.8079925194803,494,0.3902894854545593
76.2,82.13834804471942,72.7694254581572,495,0.5703621506690979
76.23,82.16319257239017,72.73535165534973,498,0.7473282814025879
76.26,82.18493553483246,72.70468730082679,502,0.9210476279258728
76.29,82.20506410721593,72.68213736516205,504,1.091381311416626
76.32000000000001,82.22484050118724,72.66700497228484,502,1.2581921815872192
76.35000000000001,82.24739348355085,72.65697892843706,498,1.421345829963684
76.38,82.26559231287705,72.6483287433185,496,1.580710530281067
76.41,82.28694048073608,72.64398073768307,498,1.7361581325531006
76.44,82.30711468977105,72.6293300512725,498,1.887656569480896
76.47,82.32386835590874,72.61453415565042,500,2.0504398345947266
76.5,82.33442006451557,72.61727490496642,497,2.2550857067108154
76.53,82.34627787063319,72.63771893214859,497,2.460874080657959
76.56,82.3617524523657,72.66361323434434,496,2.666254997253418
76.59,82.38649347189073,72.7000740211402,495,2.870978355407715
76.62,82.40942941551485,72.73529868074789,504,3.0747921466827393
76.65,82.43104257844249,72.7744664432021,497,3.27744197845459
76.68,82.44813623849025,72.8091556720485,499,3.478670835494995
76.71000000000001,82.4673230958314,72.84176559682783,495,3.678220272064209
76.74,82.48613573841772,72.87628859992931,496,3.8758292198181152
76.77,82.49683678809674,72.9116566970382,498,4.036959171295166
76.8,82.50446055659854,72.94083086208195,497,4.109096527099609
76.83,82.50958902127965,72.96422931514337,493,4.1751389503479
76.86,82.51545842240759,72.98577661167788,490,4.236287593841553
76.89,82.51501878392996,72.99742751803545,492,4.29245138168335
76.92,82.51091336869803,73.00598351779877,488,4.343547821044922
76.95,82.50127096240546,73.00029595608603,491,4.389505863189697
76.98,82.48942635886834,72.99134798667839,495,4.430268287658691
77.01,82.47852052020417,72.98155824999247,497,4.465786457061768
77.04,82.46576924599272,72.97021957433635,498,4.496024131774902
77.07000000000001,82.45305433697195,72.96264259809028,503,4.520955562591553
77.10000000000001,82.438805921804,72.96247866536488,506,4.540565490722656
77.13,82.4273931484587,72.95556098152265,507,4.554851531982422
77.16,82.41733527623688,72.94751258204548,510,4.563821315765381
77.19,82.40724438978084,72.93898011613453,510,4.567493915557861
77.22,82.39663265892587,72.93060817410206,507,4.565898895263672
77.25,82.3905777387796,72.91209556931774,502,4.559074878692627
77.28,82.38626894105434,72.89310964252068,505,4.547068119049072
77.31,82.37686273457936,72.87629539638179,508,4.529935359954834
77.34,82.36987102923239,72.85710586558871,506,4.507741451263428
77.37,82.35873357175917,72.8446742044039,505,4.480559349060059
77.4,82.34267538540576,72.8343453239858,511,4.448468208312988
77.43,82.32875441446822,72.82708288934487,510,4.41155481338501
77.46000000000001,82.31190858871086,72.82306637868255,509,4.3699116706848145
77.49,82.30197149875491,72.82345183299827,507,4.32363748550415
77.52,82.29208572684266,72.82886083770346,510,4.2728376388549805
77.55,82.27552937431176,72.8423017782784,514,4.217620372772217
77.58,82.24791421365731,72.85255302650057,517,4.158102035522461
77.61,82.22141098466808,72.85899871396879,515,4.0944108963012695
77.64,82.19105459263795,72.86035411915658,512,4.028386116027832
77.67,82.15796940645782,72.86310088898821,511,3.997135877609253
77.7,82.12201392757424,72.86286138924261,509,3.9922714233398438
77.73,82.0929696255624,72.87120927195383,509,3.9893388748168945
77.76,82.07092146025565,72.8865354905888,500,3.9863405227661133
77.79,82.05155143705926,72.89584073042569,505,3.9830355644226074
77.82000000000001,82.03764240871423,72.89757450648534,504,3.9792656898498535
77.85000000000001,82.01878667000541,72.89624073798146,498,3.974808692932129
77.88,81.9978865648626,72.89739932626111,500,3.9693167209625244
77.91,81.98283223467274,72.89810561706378,497,3.962244987487793
77.94,81.97308914197093,72.89569302817745,496,3.9527695178985596
77.97,81.96467108315919,72.88976924996534,498,3.939807176589966
78.0,81.95676110932843,72.89466028530532,507,3.922253131866455
78.03,81.95162834654298,72.89853762812646,509,3.899336338043213
78.06,81.94784661307806,72.89441621048262,506,3.8707275390625
78.09,81.94087802669148,72.89199354485474,504,3.8363559246063232
78.12,81.92680557341089,72.9002474093092,498,3.796231746673584
78.15,81.90992680187847,72.90649007379707,502,3.750382900238037
78.18,81.89427026722437,72.90757472957726,502,3.698843002319336
78.21000000000001,81.87683927379017,72.90868331676397,500,3.641650676727295
78.24,81.8631974237046,72.90975761614007,507,3.5788495540618896
78.27,81.85566354187036,72.91490276116099,507,3.5104880332946777
78.3,81.85236384205261,72.91545255664997,508,3.4366204738616943
78.33,81.84554675531508,72.91796855335795,510,3.357306957244873
78.36,81.84309730952943,72.91540671763177,502,3.272613763809204
78.39,81.84866193758384,72.91078062961328,507,3.1826133728027344
78.42,81.85646671081199,72.90737363772989,508,3.0873842239379883
78.45,81.86213060003682,72.89359419109549,507,2.987011671066284
78.48,81.87539230139785,72.87094510886456,508,2.881587505340576
78.51,81.89211401825143,72.85266824222656,509,2.7712106704711914
78.54,81.91423652670917,72.84924105156382,505,2.6559855937957764
78.57000000000001,81.94501230228369,72.84113334707529,507,2.536025047302246
78.60000000000001,81.98020807690047,72.83252691636355,506,2.411447286605835
78.63,82.0148410858039,72.82815945149758,508,2.2823777198791504
78.66,82.0462099125093,72.82120936593569,509,2.148932933807373
78.69,82.07644746072346,72.79672248798789,509,2.0068793296813965
78.72,82.10951183559096,72.76724694890488,505,1.8164008855819702
78.75,82.14420549578851,72.7332631152591,502,1.6189666986465454
78.78,82.18177950655236,72.69850792206847,499,1.4236788749694824
78.81,82.21338798490696,72.66047294794558,498,1.23066246509552
78.84,82.24165320435799,72.6182115091712,502,1.0400387048721313
78.87,82.26564211503992,72.57372868248972,507,0.851933479309082
78.9,82.29132519077328,72.54390289541811,506,0.6664764881134033
78.93,82.31630996575949,72.5190787107528,509,0.48380032181739807
78.96000000000001,82.33864295647257,72.49230953171354,508,0.3040387034416199
78.99,82.35608589213746,72.45994915672011,509,0.1273266077041626
79.02,82.36993459214108,72.43191760248381,505,-0.046201057732105255
79.05,82.38041648988838,72.41128668163442,500,-0.2164100557565689
79.08,82.39118382916942,72.39788740308194,498,-0.38316744565963745
79.11,82.40856161579944,72.39705046749773,494,-0.5463422536849976
79.14,82.42022098639673,72.39819989893327,501,-0.7058059573173523
79.17,82.43140992421432,72.39757463994289,508,-0.8614330291748047
79.2,82.43623327922307,72.3925133378293,507,-1.0131014585494995
79.23,82.44645185961517,72.39072671767076,503,-1.1606932878494263
79.26,82.45835605229304,72.38759554146819,508,-1.3040945529937744
79.29,82.46510532046302,72.3923090210198,511,-1.4431949853897095
79.32000000000001,82.46831633115941,72.39723259499216,512,-1.5778868198394775
79.35000000000001,82.46956720518104,72.39563198468043,509,-1.7080659866333008
79.38,82.48074771482317,72.39635575556757,504,-1.8336474895477295
79.41,82.49603033991772,72.4001687432981,505,-1.956044316291809
79.44,82.51183532059886,72.39836638507734,508,-2.1094799041748047
79.47,82.52745472870251,72.39222030165693,511,-2.284135341644287
79.5,82.536365747499,72.39978400188444,511,-2.4572112560272217
79.53,82.5484335521959,72.40384355154278,509,-2.6283352375030518
79.56,82.56464101826649,72.41136628814141,509,-2.797269105911255
79.59,82.57890275174388,72.41870447036567,514,-2.9637773036956787
79.62,82.5905964003889,72.43625938929304,515,-3.1276261806488037
79.65,82.60131194069217,72.46925279912169,520,-3.2885849475860596
79.68,82.61525575773447,72.49929627893715,521,-3.4464235305786133
79.71000000000001,82.62715418291286,72.52248808404683,524,-3.6009156703948975
79.74,82.63432714638252,72.5559746377511,517,-3.7518374919891357
79.77,82.63689900749516,72.58181386710852,513,-3.8989665508270264
79.8,82.64120384649713,72.61039341601536,518,-4.017238616943359
79.83,82.64360591197446,72.6474724214533,525,-4.045337677001953
79.86,82.63939427750739,72.69034994961503,524,-4.060083389282227
79.89,82.6397935124105,72.73351794680916,528,-4.06870174407959
79.92,82.63358155108958,72.76791471245221,526,-4.072066307067871
79.95,82.61993932848443,72.79666770547253,525,-4.070408821105957
79.98,82.60523322923551,72.82016595100124,532,-4.063907146453857
80.01,82.58937003626485,72.83729535111969,529,-4.052952766418457
80.04,82.5714925697579,72.85431946437735,533,-4.038858890533447
80.07000000000001,82.55530267064863,72.8675085645161,534,-4.025418758392334
80.10000000000001,82.53063628497516,72.88523951415787,528,-4.0170063972473145
80.13,82.50313071405414,72.9020039522149,520,-4.012504577636719
80.16,82.47264398044777,72.90653452313974,515,-4.009334087371826
80.19,82.4365706248727,72.89890745441917,513,-4.006563663482666
80.22,82.40179404739635,72.88403533961831,514,-4.003959655761719
80.25,82.36829009439333,72.86385519848375,514,-4.001437187194824
80.28,82.3392144213225,72.8430974237867,515,-3.9989395141601562
80.31,82.31331249135124,72.81536693454541,516,-3.9964182376861572
80.34,82.29252933364377,72.77743205840511,518,-3.9938249588012695
80.37,82.26719980990256,72.73920525571127,515,-3.9911043643951416
80.4,82.24492688608213,72.71038233600049,514,-3.988187551498413
80.43,82.22522334668047,72.67432566226644,506,-3.984982967376709
80.46000000000001,82.20294392689613,72.62777336011897,503,-3.9813597202301025
80.49,82.17954986072837,72.57668545114169,504,-3.977120876312256
80.52,82.1549621455005,72.52856332793229,508,-3.971956253051758
80.55,82.1307791894234,72.4864813672472,512,-3.9653689861297607
80.58,82.11131650484272,72.44764002133834,518,-3.9565811157226562
80.61,82.0946904697275,72.42529455576741,513,-3.944492816925049
80.64,82.07778244121928,72.40063706168269,514,-3.927863121032715
80.67,82.06177902098472,72.3778270215136,517,-3.9057133197784424
80.7,82.03984554223824,72.36041083689477,521,-3.877568483352661
80.73,82.01611108307881,72.361251558854,521,-3.8433029651641846
80.76,81.99288894069777,72.36835816239302,521,-3.80291485786438
80.79,81.96606535961537,72.3714760742612,521,-3.7564268112182617
80.82000000000001,81.93650830799764,72.37974634459205,522,-3.7038681507110596
80.85000000000001,81.90324294656779,72.38873401247847,522,-3.645271062850952
80.88,81.87034328356009,72.39570517311037,516,-3.580671787261963
80.91,81.84439363085008,72.40273219242276,515,-3.5101115703582764
80.94,81.82232958761702,72.40211448282803,520,-3.433636426925659
80.97,81.80124753251404,72.3969975862188,520,-3.351296901702881
81.0,81.7857773256293,72.39262990973208,520,-3.2631499767303467
81.03,81.77573355750376,72.3859208083302,523,-3.1692569255828857
81.06,81.77079163600783,72.37708444546219,522,-3.0696864128112793
81.09,81.77110917177602,72.36873108131304,518,-2.964512825012207
81.12,81.78029407839485,72.3650610142862,513,-2.853816509246826
81.15,81.79819618163631,72.36343731165823,515,-2.7376842498779297
81.18,81.81270259138107,72.35967690855777,518,-2.6162102222442627
81.21000000000001,81.82288422413434,72.35210338148552,516,-2.489494562149048
81.24,81.83239611989755,72.3466801029374,517,-2.3576436042785645
81.27,81.85075860839058,72.34033563412387,515,-2.220771551132202
81.3,81.87946147690289,72.32763866696851,509,-2.0786991119384766
81.33,81.91449018207699,72.30859245470364,508,-1.905285358428955
81.36,81.94670456770062,72.30093861129158,507,-1.699976921081543
81.39,81.97597449631937,72.29094595421606,510,-1.4960651397705078
81.42,82.00230255660455,72.27699363310994,513,-1.2939130067825317
81.45,82.03062950127638,72.25409798743641,519,-1.093632698059082
81.48,82.05655269494076,72.23590927195256,527,-0.8953423500061035
81.51,82.07417636965316,72.22796984258768,528,-0.6991649866104126
81.54,82.09097009395855,72.22869582213559,531,-0.5052286386489868
81.57000000000001,82.10737247279874,72.22382052764196,528,-0.3136654794216156
81.60000000000001,82.13133249778271,72.21248463581152,527,-0.12461104989051819
81.63,82.1590278489613,72.20815246489263,529,0.06179670989513397
81.66,82.19199618264587,72.21174360042178,523,0.24541831016540527
81.69,82.2309814223882,72.22204134522582,528,0.42611366510391235
81.72,82.26736464528108,72.22161147306109,532,0.6037428379058838
81.75,82.30109639645765,72.2138255027766,528,0.7781667709350586
81.78,82.33471182335373,72.21133690962647,524,0.9492479562759399
81.81,82.36220688715983,72.20439391216944,525,1.1168513298034668
81.84,82.38424054475033,72.18352764077258,527,1.2808440923690796
81.87,82.40578014726192,72.16995858802103,525,1.4410966634750366
81.9,82.42883411955378,72.1605426733259,528,1.5974831581115723
81.93,82.45741840041651,72.14226626793794,530,1.7498821020126343
81.96000000000001,82.49032355298965,72.11605040147637,527,1.8983163833618164
81.99,82.5193698725159,72.0899012762128,528,2.0610575675964355
82.02,82.5421711633085,72.07094931835877,521,2.2630937099456787
82.05,82.5632656423597,72.0536409235257,524,2.465700387954712
82.08,82.58686562754735,72.04121863892419,527,2.6677637100219727
82.11,82.60812236064142,72.0350133854726,524,2.8690383434295654
82.14,82.6287145068948,72.0375756886524,515,3.069277286529541
82.17,82.6518802041485,72.05233189456018,522,3.268230438232422
82.2,82.668670717908,72.06828658925153,521,3.4656450748443604
82.23,82.67928245886881,72.07796550234573,519,3.6612660884857178
82.26,82.68920673099444,72.09175746634875,519,3.8548357486724854
82.29,82.70135844360242,72.10882668666774,520,4.0253400802612305
82.32000000000001,82.71084193482727,72.12369873473678,519,4.0954108238220215
82.35000000000001,82.71382749758102,72.15132129966233,521,4.157564163208008
82.38,82.71731735940398,72.18423459533916,519,4.214827537536621
82.41,82.71874065135566,72.21879265293357,523,4.26712703704834
82.44,82.71738066155535,72.25096216836086,522,4.314386367797852
82.47,82.71337070959649,72.28489151575965,527,4.35654354095459
82.5,82.70062739903122,72.31459042720503,523,4.393548965454102
82.53,82.6832174437063,72.34884183187641,526,4.425363540649414
82.56,82.65625460227393,72.39080906010835,520,4.451962947845459
82.59,82.62791554300571,72.43561357396206,523,4.473333835601807
82.62,82.60150633205023,72.48017708044034,526,4.489474773406982
82.65,82.57386478652751,72.51867607751277,534,4.50039529800415
82.68,82.5475404464424,72.55027085831881,535,4.5061163902282715
82.71000000000001,82.51994343441727,72.5753287315143,536,4.5066657066345215
82.74,82.49049479971484,72.59384392317115,541,4.502082824707031
82.77,82.46073323068056,72.60419221689305,539,4.4924139976501465
82.8,82.43262533162665,72.60310559874708,541,4.4777140617370605
82.83,82.40568497519284,72.59663704081927,537,4.4580464363098145
82.86,82.37902297248279,72.57942307277533,530,4.4334797859191895
82.89,82.35452954729504,72.54884083773534,531,4.4040913581848145
82.92,82.33699855902238,72.50654758854127,526,4.369964122772217
82.95,82.32512532005232,72.46210046618332,527,4.331186294555664
82.98,82.31495024046352,72.4233841005675,526,4.2878546714782715
83.01,82.3026540745008,72.39320824321611,525,4.240069389343262
83.04,82.28914982774556,72.36830813211954,530,4.187936305999756
83.07000000000001,82.27755579675114,72.33983726265458,526,4.131568431854248
83.10000000000001,82.27379477333265,72.31213651641723,533,4.071139335632324
83.13,82.27461328721567,72.28620882499098,534,4.013599872589111
83.16,82.27346319153955,72.265896606395,527,3.996913433074951
83.19,82.2699515068806,72.2543685510794,525,3.9934582710266113
83.22,82.26134007017217,72.25553778768867,530,3.990776538848877
83.25,82.24696681269263,72.25526127103088,535,3.987987518310547
83.28,82.21705766869542,72.2540970774241,535,3.984954595565796
83.31,82.17678779361968,72.26260916544521,533,3.981562376022339
83.34,82.1315180996613,72.26267423525101,528,3.9776487350463867
83.37,82.08734976610081,72.26894827805197,523,3.972965717315674
83.4,82.04828126823605,72.27150552169788,523,3.9671266078948975
83.43,82.0091065167908,72.27080575341921,522,3.959526538848877
83.46000000000001,81.96206622779177,72.2663663173307,515,3.9492876529693604
83.49,81.9131335621505,72.25782582198767,507,3.9353277683258057
83.52,81.86509958755435,72.2455702951555,513,3.916642904281616
83.55,81.82442096660353,72.22773809206181,517,3.892612934112549
83.58,81.78899755586045,72.19055545764934,517,3.863008975982666
83.61,81.76394552195362,72.14516046821167,519,3.8277952671051025
83.64,81.74376630364274,72.09129936262566,519,3.7869911193847656
83.67,81.72965858471329,72.03307362415515,523,3.7406277656555176
83.7,81.71962095136173,71.97700254104736,522,3.6887412071228027
83.73,81.71212040957496,71.93760412531508,524,3.631373405456543
83.76,81.70889077692033,71.9051515173794,521,3.568570375442505
83.79,81.70277836569214,71.87007733741957,519,3.5003840923309326
83.82000000000001,81.69728465525719,71.8344468818504,519,3.4268710613250732
83.85000000000001,81.69085716764786,71.8056023571057,523,3.3480944633483887
83.88,81.68349968008071,71.77623614740247,523,3.264122486114502
83.91,81.67832789753727,71.74826703056314,525,3.1750290393829346
83.94,81.67692009072796,71.73200388372855,523,3.080895185470581
83.97,81.68589769585459,71.72445285030012,523,2.981806516647339
84.0,81.70768193977369,71.72505613642272,522,2.877854824066162
84.03,81.73102061099195,71.73464326845962,519,2.7691385746002197
84.06,81.75873489467979,71.7354220581745,522,2.655763864517212
84.09,81.79437157402285,71.73601534590756,525,2.537842035293579
84.12,81.83135548954466,71.74417781533614,531,2.4154930114746094
84.15,81.8735948230543,71.76157350493924,524,2.2888431549072266
84.18,81.92626171143436,71.78126551598294,525,2.1580138206481934
84.21000000000001,81.98359749062976,71.80415245406871,528,2.0202136039733887
84.24,82.04376778420124,71.82778590729022,531,1.8359633684158325
84.27,82.10354970220767,71.83579178945901,535,1.6410853862762451
84.3,82.15881407766695,71.84814867381576,531,1.4484425783157349
84.33,82.21568210774133,71.85930432714706,530,1.2581616640090942
84.36,82.27061925075272,71.86993390055082,528,1.0703554153442383
84.39,82.32702185009421,71.87352296568267,529,0.8851409554481506
84.42,82.37479905618022,71.87152377352645,536,0.7026392817497253
84.45,82.42006444776698,71.86356147170989,536,0.5229741930961609
84.48,82.45980976098394,71.84601178962295,538,0.3462710976600647
84.51,82.48973751365348,71.8192094551867,536,0.1726563572883606
84.54,82.51602650638652,71.78794526179952,531,0.0022560488432645798
84.57000000000001,82.53962836417615,71.76256296564343,528,-0.16480448842048645
84.60000000000001,82.56177481356903,71.73384204218746,530,-0.3284015357494354
84.63,82.57609068877436,71.70444300736607,533,-0.488413006067276
84.66,82.58865551802315,71.66109863685384,535,-0.6447188258171082
84.69,82.60335724892609,71.62307618953086,534,-0.7972005605697632
84.72,82.6164869083243,71.58494753126843,530,-0.9457427263259888
84.75,82.62987469343688,71.54633263027205,533,-1.090232491493225
84.78,82.63997314019797,71.51171508433559,525,-1.2305599451065063
84.81,82.64458698899811,71.49513728548109,521,-1.36661958694458
84.84,82.65003815714893,71.48751719541447,522,-1.4983091354370117
84.87,82.66135233714682,71.4814454339457,522,-1.625530481338501
84.9,82.66802368400009,71.48442867931134,515,-1.7481917142868042
84.93,82.67509175705054,71.49503019440463,517,-1.8662614822387695
84.96000000000001,82.67676497117844,71.51386025894634,518,-1.98372483253479
84.99,82.67937312866778,71.52691965260503,521,-2.139831781387329
85.02,82.68187751807996,71.53948997281942,528,-2.3074498176574707
85.05,82.68077085711117,71.54370735877002,533,-2.4732038974761963
85.08,82.67811749447549,71.55554868469184,536,-2.6368391513824463
85.11,82.66939943322862,71.58943578795889,538,-2.798137664794922
85.14,82.66337683479104,71.62507155246803,537,-2.9568824768066406
85.17,82.6561462955187,71.66213477860371,536,-3.112858295440674
85.2,82.64653378493541,71.70967664607822,535,-3.265852212905884
85.23,82.63452842445678,71.75726881944092,539,-3.4156534671783447
85.26,82.626361808737,71.81077803385146,538,-3.56205415725708
85.29,82.60873719880819,71.86489065232486,537,-3.7048492431640625
85.32000000000001,82.58258738634842,71.93267969914291,540,-3.843837261199951
85.35000000000001,82.56029333144689,71.99211477200815,542,-3.9777305126190186
85.38,82.5436177867472,72.03698476629313,539,-4.029708385467529
85.41,82.5318222413692,72.07199540336592,543,-4.041619777679443
85.44,82.52609562564479,72.10078899020542,541,-4.045607566833496
85.47,82.52215702897219,72.11809310535818,541,-4.0444207191467285
85.5,82.52198551561328,72.12634752261172,544,-4.039308071136475
85.53,82.53063385073662,72.13190422147211,541,-4.031880855560303
85.56,82.53739811591839,72.13461910539515,540,-4.024458885192871
85.59,82.54318761690767,72.13638777071172,538,-4.01876163482666
85.62,82.54648511230697,72.14087669209204,541,-4.014695167541504
85.65,82.54767548943177,72.14543738232089,540,-4.011491298675537
85.68,82.54609525422725,72.15286514601878,543,-4.008691787719727
85.71000000000001,82.54096963992903,72.15560835025032,543,-4.006103992462158
85.74,82.53409054463943,72.15609051607777,545,-4.003636837005615
85.77,82.5208379831332,72.16286890165692,542,-4.001232147216797
85.8,82.50100410015276,72.16322882835311,539,-3.9988436698913574
85.83,82.47727643814767,72.14323132677474,546,-3.996429920196533
85.86,82.44626409185166,72.1228260964934,540,-3.993948221206665
85.89,82.41555243394984,72.10730243839461,541,-3.991349935531616
85.92,82.38211195148436,72.09667733006903,545,-3.9885759353637695
85.95,82.34601642655252,72.07694468345015,541,-3.9855477809906006
85.98,82.30993991253396,72.0530440093211,538,-3.9821553230285645
86.01,82.2741051831454,72.03167887979727,532,-3.978236198425293
86.04,82.24502840823051,72.00442415879711,525,-3.973539113998413
86.07000000000001,82.21667167721745,71.97324385998154,530,-3.9676673412323
86.10000000000001,82.18763568511649,71.93876169042008,529,-3.959996223449707
86.13,82.15110368827213,71.91145185982124,529,-3.9496052265167236
86.16,82.11135221203989,71.87765885783973,524,-3.935347318649292
86.19,82.07210813757564,71.84598473266067,523,-3.9161577224731445
86.22,82.03671745570827,71.81426120687112,529,-3.891385316848755
86.25,81.99978886665224,71.77701203500241,532,-3.860795736312866
86.28,81.96279678982513,71.73638601092257,536,-3.8243536949157715
86.31,81.93404338656316,71.69058277433581,544,-3.7820780277252197
86.34,81.91277528406073,71.64130116084205,543,-3.733997106552124
86.37,81.8911858173926,71.59612969847666,545,-3.6801438331604004
86.4,81.87351801924818,71.5504013324616,543,-3.6205554008483887
86.43,81.85807251832578,71.50468745155047,541,-3.5552725791931152
86.46000000000001,81.84803935833267,71.46118818474714,541,-3.484339714050293
86.49,81.84170697684996,71.42225179200585,544,-3.4078052043914795
86.52,81.840101893346,71.39042322606261,542,-3.325723886489868
86.55,81.84396749791046,71.36324529963339,532,-3.2381536960601807
86.58,81.85180991585305,71.33752629096688,532,-3.145158290863037
86.61,81.86026190319505,71.33135020638932,533,-3.046806812286377
86.64,81.86669526473955,71.32475604302496,533,-2.9431746006011963
86.67,81.87597065418724,71.31452490549611,531,-2.8343420028686523
86.7,81.88169480219474,71.31182360621109,530,-2.7203948497772217
86.73,81.88384392720775,71.32407336272956,530,-2.601426124572754
86.76,81.88949259605474,71.34156609602523,528,-2.477534532546997
86.79,81.89730805889337,71.36066004599272,529,-2.3488266468048096
86.82000000000001,81.9100190045139,71.37483452991981,531,-2.21541428565979
86.85000000000001,81.92469975779944,71.38758244991708,531,-2.077085018157959
86.88,81.94573546533904,71.39123177247681,534,-1.9078247547149658
86.91,81.97184082046654,71.40233709809944,534,-1.706814169883728
86.94,81.99770068267522,71.41672954887422,535,-1.5073527097702026
86.97,82.02319752532509,71.4166792823919,540,-1.3098276853561401
87.0,82.05520673316656,71.40959994018318,540,-1.1143457889556885
87.03,82.09303181361199,71.4086612916699,548,-0.9210194945335388
87.06,82.13097372040289,71.40779972675197,547,-0.7299658060073853
87.09,82.16987503456673,71.4099022826447,539,-0.5413051843643188
87.12,82.20513312583948,71.42306636702409,542,-0.35516083240509033
87.15,82.23699474705656,71.42686328402885,541,-0.17165766656398773
87.18,82.27294104713926,71.42555072214624,543,0.00907774269580841
87.21000000000001,82.31269397093274,71.4274470555685,541,0.18691758811473846
87.24,82.35086778774806,71.43056357614498,542,0.36173343658447266
87.27,82.38250024830401,71.4258808887063,545,0.5333968997001648
87.3,82.40882571109488,71.41450299697797,548,0.7017804384231567
87.33,82.43297962507869,71.39802809707749,549,0.8667576909065247
87.36,82.45748661111062,71.3735926109184,547,1.0282047986984253
87.39,82.47597518025819,71.35275948358941,547,1.1859996318817139
87.42,82.49196878341468,71.3452098755629,541,1.340023398399353
87.45,82.50692497625667,71.338218915426,544,1.490160584449768
87.48,82.52488453114823,71.33971578391944,549,1.6362985372543335
87.51,82.54058652206878,71.32589163135442,548,1.7783299684524536
87.54,82.5549615335068,71.30819615747355,551,1.9164528846740723
87.57000000000001,82.56608509634685,71.29793677831321,549,2.073448896408081
87.60000000000001,82.57780628050062,71.3079525559455,538,2.265225648880005
87.63,82.57925390283386,71.33521026214225,538,2.456855535507202
87.66,82.58167224221748,71.35919412796736,538,2.647552013397217
87.69,82.58520394063622,71.37353431396164,537,2.837078094482422
87.72,82.5872472018439,71.38290305322538,539,3.025195598602295
87.75,82.59266119950554,71.37652793170132,537,3.211665153503418
87.78,82.5983928476727,71.36100982048664,542,3.3962485790252686
87.81,82.5992781016825,71.35521325277013,542,3.5787079334259033
87.84,82.60530126674834,71.35692139133651,544,3.758807897567749
87.87,82.61353767281372,71.37395487741142,553,3.9362874031066895
87.9,82.6210383235524,71.39846537594681,551,4.046636581420898
87.93,82.62963071518132,71.43326539658626,548,4.096950054168701
87.96000000000001,82.63383433211837,71.47155929586977,549,4.141767978668213
87.99,82.63730369884073,71.50139371821604,547,4.181797981262207
88.02,82.639851510033,71.52875965346502,544,4.216996669769287
88.05,82.63804343877997,71.55781720998714,549,4.247323989868164
88.08,82.62970060313786,71.58549495715563,554,4.272745609283447
88.11,82.61385899839733,71.61247174020653,561,4.29324197769165
88.14,82.59454206891078,71.64441894760076,560,4.308800220489502
88.17,82.57495067674398,71.68085637370307,559,4.319420337677002
88.2,82.55813120786928,71.70875201005613,559,4.325112819671631
88.23,82.5440943073098,71.724914190557,559,4.325897693634033
88.26,82.52993329071462,71.73697712165674,558,4.321805953979492
88.29,82.51471569282891,71.753465326096,560,4.312877655029297
88.32000000000001,82.49764164960013,71.77271277527969,560,4.299160957336426
88.35000000000001,82.47685851117505,71.78296175347543,554,4.280714511871338
88.38,82.45581452462275,71.77750473618052,552,4.257601737976074
88.41,82.43279344721168,71.75961247241933,553,4.22989559173584
88.44,82.40970550599637,71.74316852381807,550,4.197676181793213
88.47,82.38963106512156,71.72764308395301,551,4.161030292510986
88.5,82.36632242858408,71.70557521948967,550,4.120051860809326
88.53,82.34271672241343,71.68785868160444,549,4.074897289276123
88.56,82.32147916287794,71.68003085114026,556,4.028200626373291
88.59,82.3011551580956,71.68309526667466,553,4.0047173500061035
88.62,82.27920159430407,71.69259847207506,556,4.0002970695495605
88.65,82.26021004829062,71.70183123983868,559,3.997853994369507
88.68,82.24412893737626,71.70381528041264,556,3.9955132007598877
88.71000000000001,82.22494037166594,71.70404832796147,555,3.993117332458496
88.74,82.20612256740155,71.7010211499866,556,3.990614175796509
88.77,82.19235738872949,71.69751737135869,547,3.9879488945007324
88.8,82.17746937198922,71.69879429289192,545,3.985050678253174
88.83,82.16327160019586,71.68845296052112,550,3.981822967529297
88.86,82.14872031295491,71.68176831986084,552,3.9781246185302734
88.89,82.13534074442344,71.68181558838441,549,3.973742961883545
88.92,82.1164825720526,71.6674624524422,542,3.968348979949951
88.95,82.0954691491949,71.65716930761766,550,3.9614322185516357
88.98,82.071543109045,71.6512056488808,550,3.952239751815796
89.01,82.04945396004538,71.64903366861346,546,3.9397943019866943
89.04,82.02899803124919,71.6397299316629,545,3.9231035709381104
89.07000000000001,82.01240736860603,71.62265446894543,552,3.901460886001587
89.10000000000001,81.9949746947184,71.6009423714809,544,3.8745508193969727
89.13,81.9783239115512,71.57447384998123,542,3.842301368713379
89.16,81.95940867275802,71.5389598904671,550,3.8047239780426025
89.19,81.93912963891954,71.49128427552559,548,3.7618491649627686
89.22,81.91322523875571,71.44220212593999,546,3.713714361190796
89.25,81.88521865164643,71.39885062520875,546,3.66036057472229
89.28,81.86349443934171,71.35207145395256,546,3.6018338203430176
89.31,81.84434237752609,71.30335889826098,540,3.538184404373169
89.34,81.83115061934953,71.25607033585123,544,3.469467878341675
89.37,81.82385676859317,71.21049175679637,539,3.395745038986206
89.4,81.82807063381428,71.1603106095741,537,3.3170812129974365
89.43,81.83463382233532,71.10603635860178,536,3.233548641204834
89.46000000000001,81.84301893314105,71.05597311769574,535,3.14522385597229
89.49,81.85081776852087,71.01331168261191,529,3.0521903038024902
89.52,81.85953779743335,70.96701063001278,535,2.954538106918335
89.55,81.86470940421766,70.93441982628131,534,2.852363109588623
89.58,81.8729799978694,70.90416324760791,540,2.7457685470581055
89.61,81.88916277625704,70.87045794224149,544,2.634862184524536
89.64,81.91102085960726,70.83969216089594,543,2.519758939743042
89.67,81.93742997349517,70.81118939722006,542,2.400578737258911
89.7,81.96495362954292,70.79555562450459,547,2.2774477005004883
89.73,81.99061137455551,70.7923810180618,546,2.150480270385742
89.76,82.01922816941983,70.80640771796571,551,2.016369104385376
89.79,82.0544873037708,70.83128245150314,552,1.8358731269836426
89.82000000000001,82.09098348769936,70.85790560172445,547,1.6458364725112915
89.85000000000001,82.13305498035905,70.8813144630803,542,1.458225965499878
89.88,82.17436221318543,70.90687441020981,546,1.2731587886810303
89.91,82.21420756697152,70.93475842768794,552,1.09073805809021
89.94,82.25514183109122,70.96190505129007,555,0.9110722541809082
89.97,82.29659371274568,70.97964116392305,556,0.73427414894104
90.0,82.33884345987464,71.00246407333584,557,0.5604602694511414
90.03,82.37876967480341,71.01701977449041,550,0.38974928855895996
90.06,82.4197307406883,71.01581794263348,549,0.22226203978061676
90.09,82.45864372784676,71.00191635155439,552,0.058120906352996826
90.12,82.48731075728833,70.98804612871629,551,-0.10255082696676254
90.15,82.51454717185753,70.96704287274883,556,-0.2596297264099121
90.18,82.54019491948647,70.9333310672295,552,-0.41299283504486084
90.21000000000001,82.55944533153209,70.89408268838397,554,-0.5625182390213013
90.24,82.57415797655321,70.85492209636088,551,-0.7080858945846558
90.27,82.5923132359358,70.8216651273229,546,-0.8495779037475586
90.3,82.61714169384258,70.78325466325894,540,-0.9868796467781067
90.33,82.64621866661487,70.74871850596239,537,-1.119881272315979
90.36,82.67658860717842,70.71485866289976,536,-1.2484781742095947
90.39,82.70121131033463,70.69171048381821,535,-1.3725709915161133
90.42,82.72473288533607,70.67154758571199,536,-1.4920657873153687
90.45,82.74192820548885,70.65854076418674,537,-1.6068751811981201
90.48,82.75513078825689,70.6490209673513,538,-1.7169188261032104
90.51,82.76740810696573,70.64052407120684,538,-1.8221348524093628
90.54,82.78307220440522,70.63987316693573,547,-1.923000454902649
90.57000000000001,82.7954662842349,70.64715607561178,552,-2.0357348918914795
90.60000000000001,82.7957029765196,70.6735300034951,548,-2.1849825382232666
90.63,82.78110126757652,70.7175097299476,552,-2.334601879119873
90.66,82.76676090829699,70.77300897784237,556,-2.481581687927246
90.69,82.7573519813181,70.83067147097908,554,-2.625709056854248
90.72,82.7449581964649,70.88767125042457,558,-2.7667770385742188
90.75,82.72967137273139,70.94464348829595,563,-2.904578685760498
90.78,82.7112921452522,70.99734876961298,556,-3.038907766342163
90.81,82.6987209077492,71.0465113426978,560,-3.169560194015503
90.84,82.68986479912603,71.0978102412391,559,-3.2963337898254395
90.87,82.68010494630272,71.14219395181553,557,-3.4190309047698975
90.9,82.66895824070177,71.17674349482473,562,-3.537457227706909
90.93,82.6557864500128,71.1949723564367,562,-3.651423931121826
90.96000000000001,82.64042370801194,71.2021028568327,562,-3.760745048522949
90.99,82.6227536248981,71.21573757373089,559,-3.865241050720215
91.02,82.61210368051819,71.22251105455815,564,-3.9641435146331787
91.05,82.60504265842044,71.23517110775636,562,-4.0101752281188965
91.08,82.5980551458505,71.24754189533562,568,-4.012258529663086
91.11,82.59521773174396,71.25660312832187,568,-4.010012626647949
91.14,82.59086726016713,71.25092386489793,570,-4.007369518280029
91.17,82.58752097113516,71.24205141769485,566,-4.004790306091309
91.2,82.57572713701879,71.24331569305794,566,-4.002274513244629
91.23,82.56498058372992,71.24288320278494,566,-3.9997780323028564
91.26,82.55621268314854,71.23979353311063,565,-3.9972541332244873
91.29,82.54416369513268,71.25211337652088,565,-3.9946558475494385
91.32000000000001,82.527687864536,71.26918432489445,563,-3.991929292678833
91.35000000000001,82.50918463249589,71.28074339730553,563,-3.989006519317627
91.38,82.4882371831912,71.29142725941901,566,-3.9857962131500244
91.41,82.4631042803858,71.29972933475874,567,-3.9821674823760986
91.44,82.42978132210399,71.3117341305415,568,-3.977921724319458
91.47,82.3994728407261,71.33281363507908,564,-3.9727425575256348
91.5,82.37634073063033,71.36166340501664,566,-3.966118097305298
91.53,82.35644565105883,71.38935620919784,559,-3.9572300910949707
91.56,82.3369798868246,71.40444767183385,555,-3.9449031352996826
91.59,82.318372219952,71.40765189456417,551,-3.927785873413086
91.62,82.29821506433078,71.40147143308833,550,-3.9048104286193848
91.65,82.27574130716437,71.38748987927029,553,-3.8754618167877197
91.68,82.25026406791777,71.37203526465927,556,-3.839603900909424
91.71000000000001,82.2209586001388,71.35273859343702,549,-3.7972302436828613
91.74,82.19333151557436,71.3272130626005,546,-3.7483632564544678
91.77,82.15796796294283,71.29671385975266,548,-3.6930348873138428
91.8,82.12059733529539,71.26347694575092,551,-3.631283760070801
91.83,82.08823803494555,71.2318089368564,550,-3.5631563663482666
91.86,82.06519490870356,71.1957545737132,548,-3.4887092113494873
91.89,82.04498689843781,71.1525742938035,556,-3.408006191253662
91.92,82.02779532507654,71.10974257277576,556,-3.3211185932159424
91.95,82.01447448442586,71.06100128262169,557,-3.2281246185302734
91.98,82.00309937650827,71.00623904885597,556,-3.1291110515594482
92.01,81.99064312962071,70.95037259197552,559,-3.024170398712158
92.04,81.98805362855138,70.90295328478953,562,-2.9134018421173096
92.07000000000001,81.99227145679288,70.86225178714272,563,-2.7969119548797607
92.10000000000001,81.99272522722701,70.83809232805444,558,-2.6748132705688477
92.13,81.98952228595465,70.82742165352205,555,-2.547224998474121
92.16,81.990827761623,70.82929032955526,559,-2.414273262023926
92.19,81.99446807221061,70.8286709979762,558,-2.276090621948242
92.22,82.00056507787525,70.81963000861111,558,-2.1327853202819824
92.25,82.00271914192368,70.81559925311281,552,-1.9752780199050903
92.28,82.00406358455868,70.81230658659868,555,-1.7690399885177612
92.31,82.00837316995873,70.81015812009906,553,-1.5611348152160645
92.34,82.00793391890825,70.81652791545672,553,-1.354984164237976
92.37,82.0063751023,70.83404525997138,555,-1.1507213115692139
92.4,82.00983424388623,70.8483132510444,555,-0.9484846591949463
92.43,82.02095761776438,70.85815244557263,551,-0.7484174370765686
92.46000000000001,82.03855787213621,70.86612260465374,555,-0.5506675839424133
92.49,82.05900002261764,70.8595292953949,561,-0.35538649559020996
92.52,82.07816654423829,70.8451327019548,561,-0.16272780299186707
92.55,82.10064691587856,70.8216786427748,562,0.02715311199426651
92.58,82.12727052906581,70.78806696884938,561,0.21410009264945984
92.61,82.1556584787936,70.74481110711355,557,0.39795684814453125
92.64,82.18302754110066,70.70502399347754,555,0.5785680413246155
92.67,82.21034669899993,70.67582184218817,558,0.7557812929153442
92.7,82.23231617727937,70.64275513375537,561,0.9294476509094238
92.73,82.25240352185597,70.6028610254799,560,1.0994220972061157
92.76,82.27349818624809,70.55086089542748,562,1.2655638456344604
92.79,82.29695339724051,70.49953170190058,562,1.4277364015579224
92.82000000000001,82.32565030846646,70.4537412663791,567,1.5858079195022583
92.85000000000001,82.36095553528507,70.41282145860818,571,1.7396513223648071
92.88,82.39927796430639,70.3669070422373,569,1.889242172241211
92.91,82.43220295917665,70.33842518671638,562,2.0498809814453125
92.94,82.45895497027972,70.32232929361525,561,2.2518975734710693
92.97,82.48348728165082,70.31349301457291,559,2.4547007083892822
93.0,82.510595007321,70.29823499762404,557,2.656686782836914
93.03,82.53859668208368,70.29173923986245,561,2.8575921058654785
93.06,82.56722485474303,70.28697651112337,564,3.057149648666382
93.09,82.59706691818155,70.28806285099532,567,3.255089282989502
93.12,82.61550954764084,70.28789466577514,566,3.4511406421661377
93.15,82.62695673952166,70.29360745750722,570,3.6450295448303223
93.18,82.63220414935277,70.30544036422465,570,3.836482286453247
93.21000000000001,82.63375809191812,70.31728832468937,570,4.014455795288086
93.24,82.6358171015839,70.32824630660674,570,4.085153579711914
93.27,82.63533313671617,70.34560411099217,574,4.144330978393555
93.3,82.62885456627393,70.36864235697801,572,4.198270320892334
93.33,82.61797843456354,70.39763121659321,573,4.246916770935059
93.36,82.60636885453502,70.42945373179933,568,4.290199279785156
93.39,82.59673544991836,70.45477364923208,572,4.328059673309326
93.42,82.58540637393442,70.47204401563336,569,4.360453128814697
93.45,82.57500943310673,70.49114435913907,566,4.387347221374512
93.48,82.56851024280695,70.51337284778707,566,4.408719062805176
93.51,82.56560860604756,70.53905982084287,572,4.424559593200684
93.54,82.56511554518164,70.55784656990612,570,4.434868812561035
93.57000000000001,82.56509815354079,70.57834103602325,569,4.439657211303711
93.60000000000001,82.56564931984497,70.60156183208382,566,4.438945293426514
93.63,82.56375309180456,70.63971133260732,575,4.4327592849731445
93.66,82.55795322700897,70.67633228751771,576,4.42113733291626
93.69,82.54793449803446,70.71220454167889,574,4.404122352600098
93.72,82.54053969124561,70.74645959224495,577,4.381765842437744
93.75,82.53371415033251,70.78872401850556,579,4.354124069213867
93.78,82.52152974285733,70.83809403643762,578,4.321261882781982
93.81,82.5039636151012,70.88655132699843,577,4.283250331878662
93.84,82.48911813318256,70.92572268844269,575,4.240166664123535
93.87,82.4768321815794,70.96929296104469,580,4.192093372344971
93.9,82.4661452883374,71.01180023926582,576,4.139120101928711
93.93,82.45160924477248,71.03816204372811,578,4.081367492675781
93.96000000000001,82.44016935038825,71.04907402185653,574,4.0221710205078125
93.99,82.42866190975299,71.05917417720535,576,3.998218059539795
94.02,82.41401571912397,71.08041744577304,578,3.9938745498657227
94.05,82.40153507531035,71.10200573280295,582,3.990835428237915
94.08,82.38705653907408,71.11680352591485,579,3.987668991088867
94.11,82.37208663246474,71.1230446664686,576,3.984168529510498
94.14,82.35333820137099,71.12638266839761,575,3.9801576137542725
94.17,82.33447819537345,71.13718489591345,567,3.975372552871704
94.2,82.31251191525742,71.14540993396395,566,3.969391345977783
94.23,82.2877332518978,71.14668270910074,567,3.9615297317504883
94.26,82.25738051028596,71.14794914645549,565,3.9507431983947754
94.29,82.22744420368497,71.1506672166253,563,3.9356894493103027
94.32000000000001,82.20354192049395,71.15993499198406,568,3.915109634399414
94.35000000000001,82.18065023089665,71.16049290715725,565,3.8882570266723633
94.38,82.1560295007063,71.1610781471723,568,3.854884147644043
94.41,82.12953757448979,71.16396330902936,569,3.8149631023406982
94.44,82.10593367438118,71.1647373993032,571,3.768519401550293
94.47,82.0879920885098,71.1542110409429,570,3.715590715408325
94.5,82.07172650092059,71.14643110774617,569,3.6562211513519287
94.53,82.0646151623699,71.14153736173718,572,3.5904619693756104
94.56,82.0594838458549,71.1387707176626,574,3.518371820449829
94.59,82.05571462852237,71.13161599926003,567,3.4400153160095215
94.62,82.04721892103045,71.12271084309924,563,3.35546612739563
94.65,82.04293614069861,71.11409763985891,560,3.264803647994995
94.68,82.04102533373981,71.10051545155572,561,3.168116331100464
94.71000000000001,82.04088603503037,71.08344134246298,566,3.0655007362365723
94.74,82.04300928428785,71.0665343832991,558,2.957061290740967
94.77,82.04217827620465,71.04725447826458,560,2.8429105281829834
94.8,82.04070588948956,71.01600384130347,559,2.7231695652008057
94.83,82.0385367359583,70.97278641907535,560,2.5979671478271484
94.86,82.03518948216163,70.93275175537033,562,2.4674410820007324
94.89,82.04132204928176,70.90465869633118,558,2.3317368030548096
94.92,82.05252629384647,70.87985607961538,562,2.1910054683685303
94.95,82.06119458654364,70.85780510962977,563,2.044279098510742
94.98,82.06339684386106,70.82385138932864,565,1.8548221588134766
95.01,82.06919040994462,70.77997666103172,569,1.6472268104553223
95.04,82.08333636411615,70.7338343084488,570,1.4414753913879395
95.07000000000001,82.09943822803487,70.68884218385884,570,1.237750768661499
95.10000000000001,82.11280614897696,70.64839048493663,574,1.036203145980835
95.13,82.12541835484699,70.60656338154074,574,0.8369875550270081
95.16,82.14435305721649,70.56691493921646,570,0.6402629613876343
95.19,82.16992384007325,70.53149862040124,564,0.44619065523147583
95.22,82.19846291617847,70.51070499195802,562,0.2549341022968292
95.25,82.22203989343802,70.48154135819689,560,0.06665752828121185
95.28,82.23795850051387,70.44339592814377,561,-0.11847560852766037
95.31,82.25130141893442,70.40973037451386,565,-0.300304114818573
95.34,82.26733005681176,70.38928930700887,571,-0.47866949439048767
95.37,82.2843437271295,70.37777612893902,578,-0.6534160375595093
95.4,82.30323940361995,70.37272436115795,574,-0.8243907690048218
95.43,82.32344552906056,70.37689655875435,573,-0.9914435744285583
95.46000000000001,82.3397213449885,70.37530468794095,575,-1.1544268131256104
95.49,82.3588365897794,70.37217461317975,572,-1.3131957054138184
95.52,82.38509050890778,70.3627107213438,570,-1.4676084518432617
95.55,82.4184882829723,70.35636556168872,569,-1.617526650428772
95.58,82.4490598826606,70.34232566012102,569,-1.7628155946731567
95.61,82.48454108052287,70.32851574558883,571,-1.9035258293151855
95.64,82.51973181243983,70.30624760927876,571,-2.0579779148101807
95.67,82.5494347475864,70.28021954976303,580,-2.25052547454834
95.7,82.57193241602553,70.23631698829173,576,-2.4428024291992188
95.73,82.58991751308933,70.18728768298286,576,-2.63352108001709
95.76,82.59998457089405,70.13443165394807,569,-2.8224103450775146
95.79,82.61345133773942,70.08646896962755,565,-3.009200096130371
95.82000000000001,82.62908179212272,70.03532380394546,567,-3.19362211227417
95.85000000000001,82.64466000971369,69.97791693129213,565,-3.3754100799560547
95.88,82.6562211042526,69.92698741568093,560,-3.5542986392974854
95.91,82.65853247159174,69.8819894165386,566,-3.730026960372925
95.94,82.6603055110394,69.84121490181668,571,-3.9023351669311523
95.97,82.66337175881344,69.80814445230631,576,-4.031737327575684
96.0,82.67370849513281,69.78143164767306,579,-4.077510833740234
96.03,82.6868955976751,69.76846802868985,577,-4.115288734436035
96.06,82.70124296181793,69.7693292269442,579,-4.147539138793945
96.09,82.71352797013706,69.779621254155,581,-4.174287796020508
96.12,82.72235158858122,69.79685341452497,580,-4.1955037117004395
96.15,82.73110143346067,69.82216903410162,570,-4.211165428161621
96.18,82.74133819155504,69.86128981625248,569,-4.221263408660889
96.21000000000001,82.74589712376412,69.9031774489548,567,-4.225801944732666
96.24000000000001,82.7459222484955,69.94244029609558,562,-4.224796295166016
96.27,82.75006460576483,69.98642244955738,569,-4.2182698249816895
96.3,82.75282617274715,70.03098545628012,567,-4.20625638961792
96.33,82.74990625717777,70.07595103113812,565,-4.188797473907471
96.36,82.7494892956548,70.11277724909914,569,-4.16594123840332
96.39,82.74611237189185,70.14904838436878,562,-4.137743949890137
96.42,82.74117508689811,70.18245072525264,557,-4.104274749755859
96.45,82.73750674294232,70.21274705509418,562,-4.065739631652832
96.48,82.73401533465788,70.23501700439563,557,-4.025720119476318
96.51,82.72796327940904,70.24761026915118,562,-4.006211757659912
96.54,82.72656344635294,70.26005062776876,569,-4.0016889572143555
96.57000000000001,82.72452688563226,70.28752428124064,567,-3.998842239379883
96.60000000000001,82.71683039784426,70.3169525073079,566,-3.9960784912109375
96.63,82.70789323661064,70.35169684591929,563,-3.993229866027832
96.66,82.6951339942858,70.38875637433681,558,-3.9902150630950928
96.69,82.67990830574031,70.42630735373089,562,-3.986938238143921
96.72,82.66375295061705,70.46395571257665,560,-3.983266592025757
96.75,82.64166813971356,70.49287825318221,564,-3.979001045227051
96.78,82.61659794346485,70.52179072892696,566,-3.9738266468048096
96.81,82.58504538883444,70.55705292207348,574,-3.967228412628174
96.84,82.54818059354969,70.59761760280112,572,-3.9583728313446045
96.87,82.51203349697185,70.63141796943785,573,-3.946033000946045
96.9,82.47311426501318,70.66300132649846,575,-3.9287633895874023
96.93,82.44087043028587,70.69521717534398,573,-3.905395746231079
96.96000000000001,82.41730657390163,70.72797500684837,580,-3.8753607273101807
96.99000000000001,82.39928975707653,70.75729057035224,579,-3.8385050296783447
97.02,82.38024108885567,70.78159100849518,579,-3.7948129177093506
97.05,82.36195778313142,70.80384906681061,577,-3.7442963123321533
97.08,82.34238048820744,70.81062510529408,576,-3.6869747638702393
97.11,82.32298425463271,70.81012404291467,574,-3.622872829437256
97.14,82.30924531422096,70.80327310109053,578,-3.552022933959961
97.17,82.29748694455684,70.80162876911999,578,-3.4744648933410645
97.2,82.28523842894764,70.79400016649709,575,-3.3902459144592285
97.23,82.27232049213737,70.76991364394603,575,-3.2994232177734375
97.26,82.26722004958266,70.73513599205467,573,-3.202061414718628
97.29,82.26220777580826,70.6954318906543,573,-3.098233938217163
97.32000000000001,82.25823415832598,70.66260770589268,567,-2.988022804260254
97.35000000000001,82.25344975069599,70.63157503689779,569,-2.871518135070801
97.38,82.24938410389109,70.59381465717217,573,-2.748816728591919
97.41,82.24288526768295,70.56107075257358,576,-2.6200246810913086
97.44,82.23640096871107,70.53724658000216,575,-2.485255002975464
97.47,82.23800909199132,70.5085243651301,578,-2.3446288108825684
97.5,82.23555737493817,70.47881562825438,578,-2.198272705078125
97.53,82.2256833453873,70.4469525354176,579,-2.0452935695648193
97.56,82.21913548250262,70.42683683611429,583,-1.8484961986541748
97.59,82.2212912383136,70.4100943998907,581,-1.6332906484603882
97.62,82.2269887454852,70.40595422578623,582,-1.4193651676177979
97.65,82.23468742031663,70.4048705758952,580,-1.2068843841552734
97.68,82.24300632599494,70.40333897908339,572,-0.9959903359413147
97.71000000000001,82.2542572848297,70.39385862158049,571,-0.7868314385414124
97.74000000000001,82.26620116392138,70.37468258970848,565,-0.5795608758926392
97.77,82.27770968189908,70.35297584419425,576,-0.37433645129203796
97.8,82.28951476536119,70.33768123436816,575,-0.17131906747817993
97.83,82.2950007186581,70.31833082190559,569,0.02932708151638508
97.86,82.29718129193756,70.29958039427177,573,0.22743575274944305
97.89,82.29672911145774,70.28249859856928,574,0.4228394329547882
97.92,82.29675379710774,70.27356143527844,575,0.6153699159622192
97.95,82.3017067043792,70.26041213744512,576,0.8048589825630188
97.98,82.30662252463738,70.24956803884464,574,0.9911390542984009
98.01,82.30952700553456,70.24963829333635,577,1.174043893814087
98.04,82.31193773477122,70.24806875220905,583,1.353408694267273
98.07000000000001,82.31664750915245,70.23600984545035,581,1.529071569442749
98.10000000000001,82.3204563356962,70.22237751843379,583,1.700875163078308
98.13,82.32721595118647,70.19966289100495,587,1.8687069416046143
98.16,82.33637069977082,70.18376552504039,592,2.045191764831543
98.19,82.34416674790049,70.16854452483636,594,2.266143321990967
98.22,82.34870592550408,70.14892694163235,592,2.488887310028076
98.25,82.35633873280582,70.14338356593947,593,2.7116386890411377
98.28,82.36720851000605,70.1334879579313,595,2.9341204166412354
98.31,82.3784341225167,70.11620230183513,590,3.1560516357421875
98.34,82.39797234769217,70.08688218392818,585,3.377148389816284
98.37,82.41977710460708,70.05263069336299,587,3.597123146057129
98.4,82.44359424460806,70.00905651184513,583,3.815688133239746
98.43,82.46573770690905,69.96657089541566,583,4.020600318908691
98.46000000000001,82.48561473591535,69.94085902171666,577,4.11701774597168
98.49000000000001,82.5029113568474,69.91559942994883,573,4.204894065856934
98.52,82.52125385371852,69.88854373811274,572,4.287633895874023
98.55,82.53300294459778,69.86139438742786,574,4.365123271942139
98.58,82.55125514462908,69.827647363553,575,4.437256336212158
98.61,82.5652733948909,69.79429393329453,581,4.503942012786865
98.64,82.57978782548042,69.76702778578296,579,4.565100193023682
98.67,82.5893444672764,69.73823650238134,583,4.62066125869751
98.7,82.60024783396676,69.70173917894685,579,4.670568466186523
98.73,82.60290490032284,69.67366445174275,581,4.7147746086120605
98.76,82.60653326582089,69.64908652448064,580,4.753242015838623
98.79,82.61209072335892,69.61900063359533,576,4.78594446182251
98.82000000000001,82.61677026978316,69.59722932877264,578,4.812864780426025
98.85000000000001,82.62241481286493,69.5805069390579,577,4.8339972496032715
98.88,82.62173626041431,69.56461392612387,578,4.849345684051514
98.91,82.61812681370412,69.54943893537846,579,4.85892391204834
98.94,82.60773365659063,69.54231736796633,578,4.862752914428711
98.97,82.59595963741666,69.53678046161667,578,4.860862731933594
99.0,82.58423130928306,69.53530709227945,578,4.853292465209961
99.03,82.57200671338721,69.52747505311237,583,4.840089321136475
99.06,82.55829285535131,69.52482041886955,581,4.821307182312012
99.09,82.55031773421209,69.53595230461261,581,4.797007083892822
99.12,82.54750732137447,69.55823897411841,582,4.7672600746154785
99.15,82.53985509140136,69.5916370839919,578,4.73214054107666
99.18,82.52659205311019,69.61705628880894,572,4.691732406616211
99.21000000000001,82.51785348276745,69.6472859744702,571,4.646125316619873
99.24000000000001,82.50767446634369,69.67854776488271,574,4.595415115356445
99.27,82.49904970206114,69.72090039892942,581,4.539702892303467
99.3,82.48743054623672,69.77810652940238,582,4.479094982147217
99.33,82.47720208064477,69.83537933627453,580,4.413703441619873
99.36,82.47136027857098,69.88738406826971,576,4.343642711639404
99.39,82.46559491034701,69.93532858535511,581,4.2690324783325195
99.42,82.4589168696411,69.98552737459592,584,4.189995765686035
99.45,82.45048894132894,70.0458533804157,594,4.106659412384033
99.48,82.44145742467579,70.11344760222298,583,4.021339416503906
99.51,82.43745902385973,70.17610987674739,581,3.988142967224121
99.54,82.42671972460198,70.2370439153531,577,3.9816348552703857
99.57000000000001,82.40850244113808,70.29331508683666,587,3.9766170978546143
99.60000000000001,82.39151654542368,70.33822449553793,585,3.970811605453491
99.63,82.37176868256816,70.3759099924317,592,3.963345527648926
99.66,82.35677429705085,70.40842610375242,588,3.953198194503784
99.69,82.34654078988919,70.42849781627163,585,3.9390456676483154
99.72,82.33805599733114,70.43764911539735,585,3.919560670852661
99.75,82.3273733729567,70.44733526104484,584,3.893876791000366
99.78,82.30922070475116,70.46202934692514,585,3.8616697788238525
99.81,82.29009859554644,70.47508010004981,581,3.8228893280029297
99.84,82.27371693834638,70.47357946290336,579,3.7775559425354004
99.87,82.26048578755031,70.46667402693663,584,3.7257063388824463
99.9,82.24757213727473,70.45658218468505,581,3.6673831939697266
99.93,82.2332139352472,70.44752335953227,583,3.6026344299316406
99.96000000000001,82.22267389189516,70.43675605891733,578,3.5315163135528564
99.99000000000001,82.21504151827695,70.43439908422965,579,3.454089641571045
100.02,82.20513182146789,70.44271515822486,581,3.37042236328125
100.05,82.19717670929111,70.45030620448308,586,3.280590534210205
100.08,82.18774220643073,70.46149983889596,581,3.1846747398376465
100.11,82.18157532698883,70.47404463552475,582,3.0827653408050537
100.14,82.18190498110951,70.48675369866156,584,2.974959135055542
100.17,82.18845842482891,70.4972527260666,581,2.861360788345337
100.2,82.19261191438056,70.49633682546728,582,2.742082357406616
100.23,82.19555981013079,70.48427115969733,584,2.6172444820404053
100.26,82.20414447385318,70.4638160074266,582,2.486976146697998
100.29,82.21986702354361,70.43147579180389,585,2.351414442062378
100.32000000000001,82.24097711076209,70.38660630179749,583,2.210703134536743
100.35000000000001,82.26156604062051,70.3408264122632,582,2.0644803047180176
100.38,82.28116598319411,70.30156838014324,577,1.8814501762390137
100.41,82.30310025506495,70.26250547298284,575,1.6727252006530762
100.44,82.32156109265296,70.22230848215627,569,1.4656575918197632
100.47,82.3355806631155,70.17687184829217,570,1.2604930400848389
100.5,82.34784559079847,70.13012718012155,573,1.0573804378509521
100.53,82.35571866989382,70.08096537439609,576,0.8564748764038086
100.56,82.36260119617673,70.03528418396003,575,0.6579358577728271
100.59,82.36772938025678,69.99404832083779,582,0.46192610263824463
100.62,82.370389228601,69.96454006918896,582,0.2686099708080292
100.65,82.37260063333488,69.94479778918942,583,0.07815122604370117
100.68,82.37573623673858,69.92505984306997,588,-0.10928751528263092
100.71000000000001,82.37072020492319,69.90366468307356,587,-0.29354536533355713
100.74000000000001,82.36165512265151,69.90400793758658,589,-0.4744637608528137
100.77,82.35614497153779,69.9056824903655,586,-0.6518868207931519
100.8,82.36094033792405,69.90149440550428,580,-0.8256613612174988
100.83,82.370440566107,69.8967557276837,583,-0.9956369996070862
100.86,82.37693559614006,69.89210246825415,580,-1.1616665124893188
100.89,82.3863080499871,69.88906618937509,581,-1.3236061334609985
100.92,82.39437494504634,69.8896137916632,584,-1.481315016746521
100.95,82.40246597566782,69.89562144249473,589,-1.6346571445465088
100.98,82.41148627920151,69.88807312928161,588,-1.7835018634796143
101.01,82.42565052738131,69.88229048068966,587,-1.9281679391860962
101.04,82.446701799577,69.88729282236277,583,-2.0971291065216064
101.07000000000001,82.46685513542205,69.90731283733257,584,-2.2953720092773438
101.10000000000001,82.4890537987018,69.91610422055241,592,-2.492814064025879
101.13,82.51138155293386,69.90652388242941,590,-2.68898606300354
101.16,82.53180540937429,69.89198623142453,594,-2.88362193107605
101.19,82.55309781527097,69.88022190673634,594,-3.0764529705047607
101.22,82.58039774304447,69.86951162117079,588,-3.267209053039551
101.25,82.60933113843245,69.8474223641801,587,-3.4556190967559814
101.28,82.63307346073961,69.82239236719087,586,-3.6414101123809814
101.31,82.64928577916817,69.79140808600395,583,-3.824308395385742
101.34,82.66480611550838,69.76530615484229,585,-4.000093936920166
101.37,82.67892728265795,69.73069419323829,584,-4.069351673126221
101.4,82.6893517585889,69.68830199803658,585,-4.119304180145264
101.43,82.6923963987066,69.64662762432405,585,-4.163751602172852
101.46000000000001,82.69526528465163,69.61387559492215,590,-4.2027435302734375
101.49000000000001,82.69961218258685,69.5830414103485,596,-4.236220359802246
101.52,82.700777908438,69.56187898284084,598,-4.26413631439209
101.55,82.70256645146121,69.53399271404467,600,-4.286458492279053
101.58,82.70015383520692,69.51050684688094,596,-4.303165912628174
101.61,82.69748998238904,69.49719132863322,600,-4.31425142288208
101.64,82.69749014800361,69.49438891547035,601,-4.319718837738037
101.67,82.68928527661166,69.5020490689121,597,-4.31958532333374
101.7,82.67559576796968,69.50755470225208,589,-4.313876628875732
101.73,82.66492003835077,69.509754146893,593,-4.3026299476623535
101.76,82.65826596591121,69.51547052659181,597,-4.285891532897949
101.79,82.65215252264647,69.5182852771103,593,-4.263716697692871
101.82000000000001,82.64578290186343,69.52099348101493,591,-4.236169338226318
101.85000000000001,82.64283583172437,69.52171141393949,593,-4.203320503234863
101.88,82.6473471592935,69.53425667949041,591,-4.165246486663818
101.91,82.65397497014077,69.54421231167743,590,-4.122029781341553
101.94,82.65948337211051,69.54834871288648,588,-4.073818206787109
101.97,82.66505355337087,69.5622371664861,589,-4.024036407470703
102.0,82.6732552624717,69.5922962117493,582,-4.002061367034912
102.03,82.68087399842408,69.61769255713534,589,-3.9977338314056396
102.06,82.68353490301902,69.638808800858,585,-3.994851589202881
102.09,82.67793603420243,69.65655069094778,576,-3.9919443130493164
102.12,82.66228644266317,69.66793291157438,573,-3.988842487335205
102.15,82.63929672539771,69.69098142138324,566,-3.9854321479797363
102.18,82.61871837268201,69.71508214591395,566,-3.9815587997436523
102.21000000000001,82.59755683965194,69.7349039056796,566,-3.9769861698150635
102.24000000000001,82.57722698025643,69.75219787993798,561,-3.9713351726531982
102.27,82.558709746135,69.76534729424667,559,-3.9639852046966553
102.3,82.5377623114705,69.77490238346958,559,-3.953958749771118
102.33,82.51372615324676,69.79195695085669,556,-3.939915180206299
102.36,82.49565755556449,69.80967726219113,556,-3.9204695224761963
102.39,82.47899272910004,69.81515900188757,555,-3.8946897983551025
102.42,82.46009177995407,69.81982048278998,559,-3.862210512161255
102.45,82.44526056086178,69.82656743939769,567,-3.8229551315307617
102.48,82.4314160224725,69.83013561734218,570,-3.776923894882202
102.51,82.41710150320681,69.8273489013871,577,-3.7241311073303223
102.54,82.39899029715563,69.82265093979586,576,-3.664597749710083
102.57000000000001,82.38680565854212,69.82222729594329,576,-3.5983500480651855
102.60000000000001,82.37627548450291,69.82893401688335,579,-3.5254204273223877
102.63,82.36440837631872,69.84611898915543,586,-3.4458487033843994
102.66,82.35379606277154,69.8706466953657,587,-3.359682083129883
102.69,82.34310960041655,69.89060188736032,587,-3.2669758796691895
102.72,82.3355305390316,69.89661306428685,596,-3.1677932739257812
102.75,82.32936489616924,69.91244022162131,594,-3.0622055530548096
102.78,82.33044592825452,69.92367369906255,596,-2.9502923488616943
102.81,82.33793801289333,69.92838430429222,595,-2.832141637802124
102.84,82.35070441383556,69.93202716269037,594,-2.7078495025634766
102.87,82.36690527715436,69.94074727424754,596,-2.5775206089019775
102.9,82.38415120387924,69.94317280593032,605,-2.4412660598754883
102.93,82.40294355551781,69.92925806207452,596,-2.299205780029297
102.96000000000001,82.42126850567726,69.900850130917,595,-2.1514525413513184
102.99000000000001,82.44359465993044,69.87461204251342,593,-1.9922542572021484
103.02,82.45974058365327,69.85193604893239,590,-1.7821078300476074
103.05,82.4743089967604,69.83647937612353,592,-1.5676119327545166
103.08,82.48730322806442,69.82279657090683,593,-1.3544487953186035
103.11,82.49584804886008,69.80841093732816,591,-1.1427569389343262
103.14,82.50066174562424,69.78630082283831,586,-0.9326784014701843
103.17,82.50405796462877,69.76689466865469,585,-0.7243602871894836
103.2,82.5102961443961,69.74991914921712,580,-0.5179538130760193
103.23,82.51344437747194,69.73693948402693,577,-0.31361350417137146
103.26,82.51164371030893,69.73603398997993,573,-0.11149713397026062
103.29,82.50854642550331,69.7383729250846,577,0.08823536336421967
103.32000000000001,82.50487517466296,69.73681274470266,579,0.28542235493659973
103.35000000000001,82.4971057951779,69.73352769003732,577,0.4799007177352905
103.38,82.48334435178805,69.72102985148632,582,0.6715065240859985
103.41,82.4747749699473,69.70181460718666,586,0.8600761890411377
103.44,82.46697094595929,69.69131219772322,588,1.0454463958740234
103.47,82.45959218257109,69.68677332421731,593,1.2274552583694458
103.5,82.45733632249089,69.68080166856198,593,1.4059438705444336
103.53,82.45564129451067,69.66352261619764,586,1.58075749874115
103.56,82.45763471248974,69.6447417982008,585,1.7517462968826294
103.59,82.45792160032957,69.63120327120225,586,1.9190281629562378
103.62,82.46322649261622,69.62374928868458,585,2.111891508102417
103.65,82.47816190574628,69.61609671939233,584,2.3350486755371094
103.68,82.49396263543325,69.60808542371532,585,2.5586252212524414
103.71000000000001,82.50200338170437,69.60810250478069,587,2.7822463512420654
103.74000000000001,82.5115147186865,69.60493446291629,582,3.0056371688842773
103.77,82.52611599999358,69.5921883281535,587,3.228518486022949
103.8,82.5433942011052,69.57770841206909,592,3.4506072998046875
103.83,82.55434350177386,69.57769308898787,598,3.671617269515991
103.86,82.55354664219634,69.58859136419383,596,3.8912594318389893
103.89,82.5504270483309,69.58961490836532,591,4.057957172393799
103.92,82.54949851863722,69.5786978021861,595,4.1511969566345215
103.95,82.556146241448,69.5599950138447,597,4.23927640914917
103.98,82.56194328681546,69.54325796742224,598,4.322287559509277
104.01,82.57003030822196,69.52340614389533,602,4.400125503540039
104.04,82.5819435512292,69.50400173713543,599,4.472696781158447
104.07000000000001,82.59780321446644,69.49913930448203,604,4.539921760559082
104.10000000000001,82.61770350666579,69.50126663583274,600,4.601731300354004
104.13,82.64198296693804,69.51833351879279,597,4.658066272735596
104.16,82.66465500866336,69.54444407609817,595,4.708876609802246
104.19,82.68559816861782,69.56425044728452,591,4.754120826721191
104.22,82.70077856458201,69.59365172213145,591,4.793769836425781
104.25,82.71193516473569,69.62731033652045,591,4.827801704406738
104.28,82.71893081555189,69.6573136723536,586,4.856201171875
104.31,82.72675282402034,69.67364956667006,593,4.878963470458984
104.34,82.7315530119818,69.68176578654989,594,4.896089553833008
104.37,82.73176494962931,69.67976559457122,595,4.90758752822876
104.4,82.72839670931039,69.6640388112547,594,4.913472652435303
104.43,82.72608291404818,69.64592996959063,592,4.913765907287598
104.46000000000001,82.72505796455108,69.63570121024388,593,4.908493518829346
104.49000000000001,82.72337156776162,69.6189835743486,594,4.897692680358887
104.52,82.72460967625535,69.58905287696307,596,4.881408214569092
104.55,82.72569542866886,69.5544042762672,590,4.859691143035889
104.58,82.72225304030955,69.51505708871618,592,4.832602024078369
104.61,82.71108013620203,69.48039471432861,587,4.800207138061523
104.64,82.69770441349955,69.44056477793725,584,4.762581825256348
104.67,82.68434703256567,69.40946858233904,586,4.7198076248168945
104.7,82.66568549865036,69.37196104715025,587,4.67197322845459
104.73,82.64266451745665,69.33535619194701,588,4.619174003601074
104.76,82.61397451156681,69.30603139197966,588,4.561511993408203
104.79,82.58796147429346,69.2797232384331,591,4.499093055725098
104.82000000000001,82.5579944821851,69.25627675287892,588,4.432031154632568
104.85000000000001,82.52820476329225,69.23458612376166,583,4.360445499420166
104.88,82.50358070026306,69.2258738525434,579,4.284459590911865
104.91,82.48302593645128,69.21483936369017,575,4.204196453094482
104.94,82.45956970114686,69.19898500653257,577,4.119787216186523
104.97,82.44005328478652,69.1888151509922,578,4.032228946685791
105.0,82.42605907130813,69.18606222117694,578,3.989121913909912
105.03,82.41723026436107,69.1857654420984,581,3.9816596508026123
105.06,82.40806839713261,69.18374118409307,582,3.9765641689300537
105.09,82.4059609742056,69.19558324459311,593,3.9708285331726074
105.12,82.40399824793226,69.21762614106784,595,3.96351957321167
105.15,82.39843099098104,69.2462151781792,594,3.95365047454834
105.18,82.39190859794968,69.28804117419307,592,3.939957857131958
105.21000000000001,82.38515093440807,69.33049174000631,590,3.9211556911468506
105.24000000000001,82.37560434399167,69.37653330595855,590,3.896376848220825
105.27,82.3654792704288,69.42085867515618,592,3.865278720855713
105.3,82.35308334030623,69.4706296457927,601,3.82780122756958
105.33,82.34076018711144,69.51816030662276,599,3.7839608192443848
105.36,82.33379854768647,69.5539815985737,600,3.7337899208068848
105.39,82.32946396924628,69.59675156934689,601,3.677326202392578
105.42,82.32926281227577,69.63883853248299,606,3.6146140098571777
105.45,82.3243115834335,69.68057566557853,609,3.5457041263580322
105.48,82.31843283401186,69.71474614934635,610,3.4706528186798096
105.51,82.31944701323742,69.7447335204211,607,3.389523983001709
105.54,82.32947953906836,69.77043626248832,608,3.3023874759674072
105.57000000000001,82.34231167355061,69.79668580461951,607,3.209320306777954
105.60000000000001,82.35640029599922,69.81577774849339,607,3.1104073524475098
105.63,82.37484408749,69.82481765153628,606,3.005739450454712
105.66,82.39581084567907,69.82020895319084,606,2.895415782928467
105.69,82.41482431502104,69.82262825660119,612,2.7795448303222656
105.72,82.43575392244654,69.81568841737734,610,2.6582419872283936
105.75,82.45534371834064,69.80180606374039,604,2.5316309928894043
105.78,82.47066606075536,69.7773400622179,593,2.399843215942383
105.81,82.48526299415161,69.74083801454634,592,2.2630183696746826
105.84,82.49794464091366,69.70690977729093,589,2.1212544441223145
105.87,82.50605196632809,69.68404538944212,593,1.9626272916793823
105.9,82.50905307397565,69.66017247819254,587,1.7576251029968262
105.93,82.51615617097322,69.63069643236108,582,1.552273154258728
105.96000000000001,82.5251527853341,69.60470633294999,580,1.3488517999649048
105.99000000000001,82.541301141449,69.58896218648704,581,1.1475019454956055
106.02,82.55737828077527,69.5747270282249,582,0.9483686685562134
106.05,82.57040392727225,69.55094242678037,582,0.7516008019447327
106.08,82.5807901064196,69.52851675168148,584,0.5573496222496033
106.11,82.58904204323008,69.5069448872598,580,0.36576732993125916
106.14,82.59647945988655,69.48692448703065,577,0.17700643837451935
106.17,82.60191414992633,69.47253028461569,577,-0.008780928328633308
106.2,82.60373954572997,69.46604595153775,582,-0.19144316017627716
106.23,82.60091106295764,69.45244988523216,590,-0.3708295226097107
106.26,82.59959087215519,69.42765695798113,600,-0.5467908978462219
106.29,82.59896595972059,69.41287869689569,595,-0.7191801071166992
106.32000000000001,82.59168498060896,69.40254493871355,601,-0.8878525495529175
106.35000000000001,82.58911075246378,69.39041096717835,603,-1.0526665449142456
106.38,82.58312680044449,69.38220285724341,607,-1.2134838104248047
106.41,82.57514180274543,69.37927253415461,595,-1.3701705932617188
106.44,82.573489493926,69.37787277918437,598,-1.522597312927246
106.47,82.57610273116796,69.37750691999175,595,-1.6706410646438599
106.5,82.57801776507755,69.37704084481844,592,-1.814191460609436
106.53,82.57986466412557,69.37990622196386,586,-1.9543547630310059
106.56,82.57936594019242,69.39071300724844,585,-2.127800464630127
106.59,82.58012250407006,69.40294048317178,587,-2.321519613265991
106.62,82.58256238196283,69.41771462924618,593,-2.5141963958740234
106.65,82.58942091182158,69.42778928283403,594,-2.7055251598358154
106.68,82.59591061695788,69.43722182827274,592,-2.895256280899048
106.71000000000001,82.60015132788222,69.44549825730421,596,-3.0831379890441895
106.74000000000001,82.60592138700645,69.45503465099732,595,-3.268918037414551
106.77,82.6127258926587,69.46333623408769,597,-3.452341318130493
106.8,82.62118995504682,69.47764348897911,593,-3.6331515312194824
106.83,82.63458166126374,69.49171103058292,594,-3.811091184616089
106.86,82.64216405801587,69.50780426577674,597,-3.9847028255462646
106.89,82.64514315434145,69.51765779907616,594,-4.0596818923950195
106.92,82.65067421389494,69.5173124214068,602,-4.105345249176025
106.95,82.65363141891484,69.51513083041094,603,-4.145535945892334
106.98,82.65382423938598,69.49825484106827,603,-4.180469512939453
107.01,82.65297372172424,69.47257543334177,602,-4.2100958824157715
107.04,82.65254053878995,69.45324213539566,605,-4.234369277954102
107.07000000000001,82.65934226104172,69.42877516910403,606,-4.2532572746276855
107.10000000000001,82.66605807044618,69.40320309437669,607,-4.266741752624512
107.13,82.67140622896206,69.38314391467199,612,-4.274816513061523
107.16,82.68104697738885,69.36950827751114,613,-4.277486801147461
107.19,82.69049319801451,69.36288498960023,615,-4.2747697830200195
107.22,82.69943260344805,69.35622847993437,612,-4.266692638397217
107.25,82.71431968596802,69.35430440242253,610,-4.253289699554443
107.28,82.7229082204451,69.35141533998737,611,-4.234607696533203
107.31,82.73209285572719,69.34361595352907,605,-4.21069860458374
107.34,82.73824127438913,69.34588215774656,606,-4.181622505187988
107.37,82.73835313584456,69.35085426216628,598,-4.147447109222412
107.4,82.74028380750913,69.34931927254117,594,-4.10825252532959
107.43,82.74389426496948,69.33422445201901,600,-4.064257621765137
107.46000000000001,82.73892260469869,69.32002496736281,601,-4.020569324493408
107.49000000000001,82.73016502658405,69.30407763367971,602,-4.003428936004639
107.52,82.72468723475576,69.2837606796133,597,-3.9995768070220947
107.55,82.71865124798452,69.26765368984923,600,-3.996847152709961
107.58,82.71244846390104,69.2450840909066,599,-3.9941227436065674
107.61,82.70402354858858,69.21900217608183,598,-3.99127197265625
107.64,82.69162886602253,69.1869542213499,595,-3.9882123470306396
107.67,82.67280318060617,69.15536561763624,586,-3.984837293624878
107.7,82.64461139181573,69.14166694347716,586,-3.98099422454834
107.73,82.6137680577973,69.13575682614128,579,-3.976449489593506
107.76,82.58499648439505,69.13921267629262,585,-3.970827579498291
107.79,82.55569922873214,69.13924021153755,586,-3.9635181427001953
107.82000000000001,82.53434374845936,69.12606474926378,584,-3.9535694122314453
107.85000000000001,82.52580517398508,69.1089294555581,583,-3.9396867752075195
107.88,82.51522226504981,69.10542390630027,583,-3.9205400943756104
107.91,82.50448148490473,69.10350490879082,591,-3.8952295780181885
107.94,82.49670041565804,69.10701906853154,588,-3.863393783569336
107.97,82.49282557483355,69.10985607483599,588,-3.824951410293579
108.0,82.48901010795132,69.11064843052212,581,-3.779900074005127
108.03,82.4862841686678,69.1095929197282,582,-3.72825288772583
108.06,82.48877835815965,69.10484795856112,584,-3.670029640197754
108.09,82.49573048853019,69.0953618595442,588,-3.6052567958831787
108.12,82.50429121333775,69.09051711612808,590,-3.5339670181274414
108.15,82.51697716121815,69.08481595868948,586,-3.456200361251831
108.18,82.52705327530228,69.08305818642651,590,-3.372002363204956
108.21000000000001,82.52966342460421,69.07071346643171,589,-3.281425952911377
108.24000000000001,82.53003452762421,69.06261655402916,593,-3.184532642364502
108.27,82.52832783767252,69.0589028667338,590,-3.0813896656036377
108.3,82.53300529783571,69.0531859753583,592,-2.972073793411255
108.33,82.53977057326651,69.05226745162877,598,-2.856668710708618
108.36,82.5409088842955,69.05550167668832,604,-2.7352664470672607
108.39,82.54043453315875,69.0564761234819,605,-2.6079678535461426
108.42,82.54167465868923,69.04738078083456,603,-2.4748806953430176
108.45,82.53850288897266,69.03842142014298,603,-2.336122512817383
108.48,82.53768840002249,69.04480167760322,602,-2.1918163299560547
108.51,82.54057606420685,69.04811213597596,598,-2.040855646133423
108.54,82.54055074275513,69.04420570163015,600,-1.8453028202056885
108.57000000000001,82.53686279572491,69.04492747787536,604,-1.6327382326126099
108.60000000000001,82.53585108642231,69.04648225067017,607,-1.4215502738952637
108.63,82.54148810202594,69.04588563544127,609,-1.2118967771530151
108.66,82.55104598217108,69.05550729112927,597,-1.003915548324585
108.69,82.5623591194052,69.0653941217152,593,-0.7977510690689087
108.72,82.57205409123044,69.06892461166572,591,-0.5935519933700562
108.75,82.58521470569279,69.06791984357587,591,-0.391470730304718
108.78,82.59200188279803,69.07909480470823,590,-0.19166184961795807
108.81,82.60072315119241,69.09747989953652,582,0.005718370899558067
108.84,82.60796229782085,69.12480645886892,585,0.20051291584968567
108.87,82.61269891059294,69.1412324261116,592,0.392564594745636
108.9,82.61692919351856,69.1532172871005,592,0.5817170739173889
108.93,82.62332063764269,69.1594470752006,599,0.7678162455558777
108.96000000000001,82.62815687817239,69.15729888247584,607,0.9507107138633728
108.99000000000001,82.63210899724734,69.16664760323506,613,1.1302517652511597
109.02,82.63044875147538,69.16945999773701,614,1.3062938451766968
109.05,82.62828787828008,69.16292171954079,611,1.4786936044692993
109.08,82.63075205574528,69.15666039393787,610,1.6473110914230347
109.11,82.63035315007846,69.15990913325099,609,1.8120142221450806
109.14,82.63019400840881,69.16229597141293,609,1.9747505187988281
109.17,82.63352894752752,69.17095767097653,605,2.179669141769409
109.2,82.63299937284545,69.1935011851157,610,2.397754430770874
109.23,82.62977237119135,69.22051709160519,608,2.6159117221832275
109.26,82.62563612556504,69.23157142607887,612,2.8338730335235596
109.29,82.62346101408949,69.23954347181844,614,3.0513710975646973
109.32000000000001,82.61844578995506,69.24153606231734,608,3.268136978149414
109.35000000000001,82.6109012690254,69.24183986054818,607,3.4838991165161133
109.38,82.61064876221089,69.23270315404837,610,3.6983866691589355
109.41,82.60787758082263,69.23013750869598,611,3.911324977874756
109.44,82.61026215519331,69.22407872771025,615,4.062006950378418
109.47,82.61511956301615,69.23051613413845,616,4.148163318634033
109.5,82.61548932493861,69.23839966640357,616,4.229294776916504
109.53,82.61532013701239,69.2384298149053,622,4.305458068847656
109.56,82.62065519312686,69.23189079269838,622,4.376562595367432
109.59,82.6247589840439,69.2374560689317,620,4.442531585693359
109.62,82.62897868526409,69.25259097431214,614,4.503299236297607
109.65,82.63801870301994,69.2724109119693,609,4.558811187744141
109.68,82.64861563705422,69.29456297504805,608,4.609023094177246
109.71000000000001,82.65523427814087,69.31402683205873,607,4.65390157699585
109.74000000000001,82.65897185087334,69.33280438786689,606,4.693419933319092
109.77,82.66581526594909,69.34087279612285,606,4.7275614738464355
109.8,82.667024564602,69.34703874766109,610,4.756313323974609
109.83,82.67164318832756,69.35669380281432,611,4.7796711921691895
109.86,82.6770345166839,69.37199390426397,608,4.797636032104492
109.89,82.68412797104374,69.37645776541935,610,4.810216426849365
109.92,82.69234682325886,69.36988706665541,605,4.817425727844238
109.95,82.70056263332393,69.35474828245165,605,4.819284915924072
109.98,82.70675902891566,69.34336389303289,603,4.815817356109619
110.01,82.71327124368146,69.32827356830643,602,4.807056427001953
110.04,82.7213562921397,69.30814820028777,605,4.793039798736572
110.07000000000001,82.72914720854149,69.28525854230382,603,4.773813247680664
110.10000000000001,82.73052878366053,69.26888102706678,607,4.7494282722473145
110.13,82.72471559118661,69.25732736968818,609,4.719947338104248
110.16,82.71561492603341,69.24747954650405,609,4.685439586639404
110.19,82.70373254003847,69.2344008346293,609,4.6459808349609375
110.22,82.69074079225811,69.21797521152759,604,4.601654052734375
110.25,82.67927656284351,69.19590378257917,603,4.552550792694092
110.28,82.66197109931898,69.17617075805252,601,4.498768329620361
110.31,82.64141607482748,69.16078789333461,602,4.4404096603393555
110.34,82.62600885480946,69.14873771420093,611,4.377580642700195
110.37,82.61049839300645,69.13886359829948,605,4.310393333435059
110.4,82.59074630229556,69.12515049797383,596,4.2389631271362305
110.43,82.57503676139076,69.11576553313212,597,4.163408279418945
110.46000000000001,82.56354831624657,69.10593358294408,599,4.083865165710449
110.49000000000001,82.55727367790517,69.08833965703057,598,4.008099555969238
110.52,82.5552661721044,69.06662670901251,596,3.988687038421631
110.55,82.55076720464314,69.03425324585848,596,3.983919382095337
110.58,82.54172400860134,68.99110241327234,594,3.979870080947876
110.61,82.53441306882094,68.95510742957303,596,3.975260019302368
110.64,82.52964437432895,68.91817532151201,594,3.969594955444336
110.67,82.52941119810433,68.88263192544325,595,3.9622647762298584
110.7,82.52572240623978,68.84211557577756,603,3.9523708820343018
110.73,82.52065284299178,68.81009756123096,599,3.938736915588379
110.76,82.51710960348062,68.78862956903221,599,3.920192241668701
110.79,82.51522399232164,68.76533906091367,603,3.8959615230560303
110.82000000000001,82.51749981612672,68.75398983628085,610,3.86574387550354
110.85000000000001,82.5217039768503,68.74917068608035,605,3.829488515853882
110.88,82.51277067128456,68.74444824611422,606,3.7872161865234375
110.91,82.49315098532443,68.73506124362733,602,3.7389609813690186
110.94,82.47476237901454,68.72867200485193,603,3.6847617626190186
110.97,82.464688144039,68.73087318440771,601,3.6246626377105713
111.0,82.45662663898365,68.74308021131861,605,3.558710813522339
111.03,82.4438118062542,68.77284690454339,609,3.4869577884674072
111.06,82.4330380032739,68.80861515366882,609,3.4094600677490234
111.09,82.42406368786752,68.84006153002147,614,3.3262805938720703
111.12,82.41261671994097,68.86742554881467,616,3.2374885082244873
111.15,82.40166876305692,68.89287527864916,615,3.1431593894958496
111.18,82.39884195735557,68.91103656445897,621,3.043376922607422
111.21000000000001,82.40218003997278,68.93125580893842,622,2.9382336139678955
111.24000000000001,82.41100520340903,68.94682230176099,622,2.8278310298919678
111.27,82.42533338687434,68.95439462036438,616,2.712279796600342
111.3,82.44035696735365,68.95929624085349,618,2.5916996002197266
111.33,82.45839919527313,68.96585729849552,615,2.466217517852783
111.36,82.4736425039869,68.97398537676989,608,2.335970878601074
111.39,82.4822511658084,68.98917035228938,605,2.201101779937744
111.42,82.49084156185009,68.9971725672709,602,2.0611412525177
111.45,82.50293952540544,68.98963169493143,604,1.8846853971481323
111.48,82.51507014640673,68.97189387834003,606,1.6831998825073242
111.51,82.52589414534408,68.96236336985213,596,1.4836468696594238
111.54,82.53501989659904,68.94612761373067,591,1.2862682342529297
111.57000000000001,82.54731587462352,68.91615707213228,592,1.0911909341812134
111.60000000000001,82.55840974446049,68.88539201075099,593,0.8985458016395569
111.63,82.56945857167773,68.86146350428162,592,0.708466649055481
111.66,82.57767550025565,68.84144507341576,601,0.5210892558097839
111.69,82.58176099724673,68.82950258281454,601,0.3365511894226074
111.72,82.58327872523333,68.82328712373955,604,0.15499058365821838
111.75,82.58121526756187,68.8144314393701,601,-0.02345413714647293
111.78,82.58290349654726,68.81069030855497,610,-0.19864515960216522
111.81,82.58657291470767,68.81487018962446,613,-0.3704458177089691
111.84,82.58942006386766,68.81446716851512,611,-0.5387206673622131
111.87,82.5920739001618,68.80333507954575,613,-0.7033361792564392
111.9,82.60122472742884,68.80184775591763,616,-0.8641623258590698
111.93,82.60849819282099,68.80686432180761,610,-1.021073579788208
111.96000000000001,82.61528713926589,68.82300885584226,616,-1.1739490032196045
111.99000000000001,82.62598963696529,68.83995849338243,612,-1.3226730823516846
112.02,82.63873060460445,68.85068448939306,607,-1.4671350717544556
112.05,82.65341035832132,68.85470027762196,602,-1.6072300672531128
112.08,82.66670503591311,68.86583408212027,606,-1.7428584098815918
112.11,82.67176545896533,68.88584404996728,604,-1.87399160861969
112.14,82.67701677146886,68.9059714487232,612,-2.0078072547912598
112.17,82.67974772308123,68.92750887230659,611,-2.184852361679077
112.2,82.6824736267093,68.94130149643043,609,-2.36696457862854
112.23,82.68362345382886,68.95843926486302,606,-2.5476255416870117
112.26,82.68716910727693,68.96279881352415,602,-2.7266018390655518
112.29,82.68996830735556,68.96213731954151,603,-2.9036624431610107
112.32000000000001,82.68761321108019,68.969438718738,607,-3.0785751342773438
112.35000000000001,82.68168008291413,68.97253962432798,609,-3.2511074542999268
112.38,82.67258498552971,68.9740353789322,610,-3.421025276184082
112.41,82.66490949486987,68.97201016913957,612,-3.588094472885132
112.44,82.66118622661986,68.96776009466845,613,-3.7520809173583984
112.47,82.66089716353044,68.95934666001376,609,-3.9127466678619385
112.5,82.66076292305196,68.94911732994235,610,-4.028908729553223
112.53,82.66317156304892,68.9470352833832,613,-4.064764976501465
112.56,82.66560377427075,68.95862652796853,615,-4.092077732086182
112.59,82.66303701290353,68.9787037810872,612,-4.114192962646484
112.62,82.65847714213488,68.98940443878676,617,-4.131293296813965
112.65,82.66032410059614,69.0079727717401,619,-4.143372535705566
112.68,82.66328232958126,69.0306191217379,618,-4.150417804718018
112.71000000000001,82.66117929020868,69.05787649215154,616,-4.152422904968262
112.74000000000001,82.65687192832918,69.08731982536247,613,-4.149394512176514
112.77,82.6532205308005,69.10497422430818,617,-4.141347885131836
112.8,82.65100977558602,69.120545192123,617,-4.128307342529297
112.83,82.64913402222297,69.12333419035495,612,-4.110311508178711
112.86,82.64710510225714,69.12624635367702,608,-4.087432384490967
112.89,82.64724816820431,69.13361790182009,603,-4.059978485107422
112.92,82.64875886480793,69.13850761450121,604,-4.030765056610107
112.95,82.64669372462346,69.13158915851788,609,-4.012782096862793
112.98,82.64548616417876,69.1218288421785,613,-4.007302761077881
113.01,82.64441140019167,69.10358625558239,612,-4.004419326782227
113.04,82.64498601379809,69.08291807861717,607,-4.001859664916992
113.07000000000001,82.6416054144122,69.05591915287127,615,-3.9993529319763184
113.10000000000001,82.63857786598523,69.03136828674614,613,-3.996833086013794
113.13,82.64608136312009,69.00203916261763,611,-3.9942495822906494
113.16,82.65403501726426,68.96464185871554,610,-3.9915478229522705
113.19,82.65902871903386,68.92736835551896,612,-3.988661289215088
113.22,82.65616021842311,68.90625954735648,610,-3.985501527786255
113.25,82.65896359120316,68.89665723378627,610,-3.9819421768188477
113.28,82.66922978489416,68.88636726147057,615,-3.977794885635376
113.31,82.67123844402693,68.87486092900254,618,-3.9727628231048584
113.34,82.67185060247468,68.86140600283963,617,-3.96636962890625
113.37,82.67442595162468,68.85153823538663,609,-3.957859992980957
113.4,82.67306895041825,68.84995858097754,610,-3.9461395740509033
113.43,82.67394214071265,68.84289846146312,613,-3.9299211502075195
113.46000000000001,82.67085924623179,68.83098745465333,608,-3.908132314682007
113.49000000000001,82.65709598171823,68.81286380804616,600,-3.880209445953369
113.52,82.63662142539226,68.79084635606031,598,-3.8459744453430176
113.55,82.61611007350719,68.76794066711851,593,-3.8053948879241943
113.58,82.59749121222745,68.73916543332832,592,-3.7584705352783203
113.61,82.57749081442353,68.70252793347323,594,-3.7052111625671387
113.64,82.5563046995477,68.66302750765206,592,-3.64563250541687
113.67,82.54074388754125,68.6390986148578,589,-3.5797576904296875
113.7,82.53269936558353,68.61593812269251,594,-3.5076160430908203
113.73,82.52075601627152,68.58393709156519,603,-3.4292449951171875
113.76,82.51317436603378,68.53925850326047,604,-3.3446879386901855
113.79,82.51247244484114,68.49629672781718,605,-3.2539968490600586
113.82000000000001,82.50885507278926,68.46598380368735,606,-3.157231569290161
113.85000000000001,82.50415165423453,68.43589228652387,602,-3.054460048675537
113.88,82.50414378780366,68.4081551832574,608,-2.94575834274292
113.91,82.50776047055065,68.37928855162404,610,-2.8312110900878906
113.94,82.51233239849952,68.35281817083569,608,-2.710911512374878
113.97,82.51287571169446,68.32596346624045,611,-2.5849626064300537
114.0,82.51715413123328,68.29463650490321,616,-2.453474998474121
114.03,82.52804918872572,68.27374458652878,610,-2.3165698051452637
114.06,82.53578360416779,68.25894623905107,613,-2.174370288848877
114.09,82.53874727853473,68.2434692065453,607,-2.0247528553009033
114.12,82.53969635659186,68.239150642907,614,-1.8274704217910767
114.15,82.54072019846552,68.256181583708,609,-1.6182883977890015
114.18,82.54361732100047,68.27653645844454,606,-1.410667061805725
114.21000000000001,82.54543432479285,68.29828305388178,605,-1.204750657081604
114.24000000000001,82.54622442235922,68.32611652604373,605,-1.0006762742996216
114.27,82.55344283275294,68.34904046179525,602,-0.7985859513282776
114.3,82.56746377931341,68.36286941846627,606,-0.5986256003379822
114.33,82.58380368769241,68.3684897594435,606,-0.40094447135925293
114.36,82.5971090233352,68.37388027541968,609,-0.2056930512189865
114.39,82.60594357329823,68.38603566480518,612,-0.013022901490330696
114.42,82.61221325216837,68.39855241035339,612,0.17691490054130554
114.45,82.61926869136947,68.40882367076635,616,0.36397024989128113
114.48,82.62125141450703,68.42423043723385,612,0.5479946732521057
114.51,82.62473822793007,68.44365767804206,620,0.7288414835929871
114.54,82.62865494622429,68.46454721410896,619,0.9063659906387329
114.57000000000001,82.62764677795106,68.48819282227953,618,1.0804250240325928
114.60000000000001,82.63025057536667,68.51425302707487,616,1.2508783340454102
114.63,82.63340686907031,68.54192523908321,615,1.4175881147384644
114.66,82.63553351807256,68.56479094127769,613,1.5804204940795898
114.69,82.64017336441219,68.58946617577068,614,1.7392452955245972
114.72,82.64807359896992,68.60997857544923,618,1.894049882888794
114.75,82.66282695990651,68.63447531847481,617,2.062954902648926
114.78,82.67255776202131,68.66238951010634,617,2.271533966064453
114.81,82.6779480559721,68.68882864530372,621,2.4807398319244385
114.84,82.68220204150654,68.7136800200442,619,2.689528703689575
114.87,82.68596257176837,68.72516951766389,626,2.8976497650146484
114.9,82.68885120161839,68.73299177089928,628,3.104851484298706
114.93,82.68777377244605,68.7417330651514,625,3.3108808994293213
114.96000000000001,82.68202198275932,68.74765212460015,634,3.5154852867126465
114.99000000000001,82.67741188186255,68.7525872296565,632,3.718411922454834
115.02,82.6704751264323,68.76411116271447,630,3.9194023609161377
115.05,82.66534783243021,68.77255052871088,625,4.0567402839660645
115.08,82.65955377877334,68.78534543326568,633,4.130672931671143
115.11,82.65037001339395,68.79427051012082,628,4.199512481689453
115.14,82.64368804691964,68.80086888668075,627,4.2634429931640625
115.17,82.6402903538108,68.80871160838062,625,4.322390556335449
115.2,82.63734917424388,68.81223961912467,624,4.376292705535889
115.23,82.63726875176862,68.82109008015851,622,4.4250969886779785
115.26,82.64074226472822,68.83281645609364,616,4.4687581062316895
115.29,82.64529893471321,68.84769564327334,612,4.507241725921631
115.32000000000001,82.64891360007992,68.85378751340588,617,4.540522575378418
115.35000000000001,82.6544512596623,68.84738484225964,626,4.568583011627197
115.38,82.65743080815867,68.84379163673556,626,4.591413974761963
115.41,82.66157433900518,68.84975572613332,621,4.60901403427124
115.44,82.66454441851752,68.85766487585327,624,4.621389865875244
115.47,82.66765391429863,68.85669364710432,619,4.628555774688721
115.5,82.669872666598,68.85803826165659,621,4.6305365562438965
115.53,82.67255666189241,68.85945777617177,618,4.627363681793213
115.56,82.68035939744453,68.86101249367286,622,4.619076728820801
115.59,82.69431838849759,68.86614633598673,620,4.605723857879639
115.62,82.70994622475003,68.87712523099192,612,4.5873613357543945
115.65,82.72625027659508,68.88264858539438,607,4.564050197601318
115.68,82.74142628603269,68.88803030504995,607,4.535862445831299
115.71000000000001,82.75077772862694,68.90735346471604,607,4.502874374389648
115.74000000000001,82.75922917484979,68.9283115994059,609,4.4651713371276855
115.77,82.76429537186084,68.94422216916307,604,4.422842025756836
115.8,82.76805980186742,68.95861812314395,608,4.375982284545898
115.83,82.77004761210158,68.97562141486671,603,4.324690341949463
115.86,82.76959465122246,68.97770309756497,604,4.269069194793701
115.89,82.76359284675122,68.96647305227098,612,4.209225177764893
115.92,82.75314136273528,68.95913765158184,609,4.145269393920898
115.95,82.73974110335897,68.94647372311441,611,4.07734489440918
115.98,82.72253818186623,68.93406648916626,608,4.012193202972412
116.01,82.70317444473541,68.92689016954844,611,3.993898630142212
116.04,82.68740549633652,68.92804595879873,616,3.9900994300842285
116.07000000000001,82.67042089431384,68.91888830568287,617,3.987093210220337
116.10000000000001,82.65141462685287,68.89705298604798,616,3.983877182006836
116.13,82.63397218502315,68.86479802752632,607,3.9802451133728027
116.16,82.61970147058375,68.81846749552655,599,3.97599196434021
116.19,82.60816690883952,68.77077663393312,599,3.9708094596862793
116.22,82.59481895453408,68.72490480165816,606,3.9642136096954346
116.25,82.58075564534694,68.67795899007064,598,3.9554622173309326
116.28,82.57659731428392,68.62155025757701,598,3.9435362815856934
116.31,82.57382876060335,68.57354793452733,601,3.927314281463623
116.34,82.56766194006403,68.54552444315544,601,3.9059267044067383
116.37,82.56270576568781,68.51215902811853,609,3.8789525032043457
116.4,82.56181847540067,68.481221184148,615,3.8462839126586914
116.43,82.56238088999594,68.44764887836283,621,3.8079283237457275
116.46000000000001,82.56586617941059,68.41411011555421,620,3.763918876647949
116.49000000000001,82.56491890899555,68.38752773433818,620,3.714294910430908
116.52,82.55990451122034,68.36688547882619,629,3.65910005569458
116.55,82.55268039404982,68.34922694539068,624,3.598381757736206
116.58,82.54568768954319,68.33767190638362,615,3.532193660736084
116.61,82.53915225195196,68.33953898603266,621,3.460594415664673
116.64,82.52761860221644,68.35319449006568,629,3.383648633956909
116.67,82.50875275132967,68.37331841429615,637,3.3014285564422607
116.7,82.49614162437003,68.39183421243871,638,3.2140111923217773
116.73,82.48900754552866,68.41106201190667,630,3.1214823722839355
116.76,82.48262354275172,68.43220903858524,634,3.023934841156006
116.79,82.47550558395972,68.44896536577072,630,2.921468734741211
116.82000000000001,82.46511314038582,68.44575064436754,632,2.8141915798187256
116.85000000000001,82.45565441632212,68.4383554384108,626,2.7022182941436768
116.88,82.4487911428845,68.43449561748318,626,2.5856714248657227
116.91,82.4438815753862,68.43109179715388,626,2.464681625366211
116.94,82.44574209902481,68.42684534687487,620,2.339383840560913
116.97,82.45416347778828,68.42830768238431,614,2.2099192142486572
117.0,82.46852238670903,68.42627085951467,614,2.076075315475464
117.03,82.48397771900535,68.40975950373958,613,1.9123823642730713
117.06,82.49521175332976,68.38302592921877,616,1.716948390007019
117.09,82.50252857074541,68.3619893388497,615,1.5234748125076294
117.12,82.5132315423866,68.34073869438996,617,1.3324156999588013
117.15,82.52696408746283,68.32092408108882,617,1.143883466720581
117.18,82.5480666005164,68.31024834158369,615,0.9579945802688599
117.21000000000001,82.56555100340873,68.29867081871035,611,0.774868905544281
117.24000000000001,82.58145996778865,68.30474739774009,612,0.5946291089057922
117.27,82.59901885835156,68.31816657429016,617,0.4173998236656189
117.3,82.61493777820395,68.32526922006872,620,0.2433067262172699
117.33,82.63046178285978,68.33726031990886,619,0.0724756270647049
117.36,82.64235487745269,68.35383804826638,617,-0.09496794641017914
117.39,82.64910275600168,68.38122982289534,619,-0.2589000463485718
117.42,82.6522316412684,68.41067960474052,615,-0.41919994354248047
117.45,82.6575176620832,68.44760910777185,620,-0.5757505893707275
117.48,82.66465087255452,68.48593073963366,625,-0.7284387350082397
117.51,82.66820052202223,68.51194352661385,622,-0.8771550059318542
117.54,82.66527532729334,68.52723950489114,620,-1.021793007850647
117.57000000000001,82.66069350730515,68.5516753836629,616,-1.16225004196167
117.60000000000001,82.66311375519436,68.58136510556822,616,-1.2984275817871094
117.63,82.67018376424122,68.61267556951705,621,-1.430230736732483
117.66,82.67059740393023,68.64842802362462,624,-1.557569980621338
117.69,82.66540805110236,68.6592387181406,619,-1.6803594827651978
117.72,82.66288726655941,68.65628820676743,620,-1.7985235452651978
117.75,82.66263031356296,68.64944934078302,622,-1.9123096466064453
117.78,82.6628581112382,68.63892535422897,626,-2.037067174911499
117.81,82.66503333833934,68.62523249629399,624,-2.2004261016845703
117.84,82.66855413855511,68.61722551871088,624,-2.364443063735962
117.87,82.66658392487028,68.61170825741287,625,-2.52640700340271
117.9,82.66034055458226,68.606780332136,619,-2.6861095428466797
117.93,82.65448383628609,68.60294828936956,620,-2.8433475494384766
117.96000000000001,82.64557605195824,68.60613244206446,615,-2.9979188442230225
117.99000000000001,82.63988445133398,68.60418592696162,613,-3.1496224403381348
118.02,82.64282199745806,68.58764791502358,608,-3.2982606887817383
118.05,82.64782732960839,68.56986631621973,608,-3.443636894226074
118.08,82.65313027585113,68.5560117448048,607,-3.5855560302734375
118.11,82.65852970506316,68.54447269136762,613,-3.7238247394561768
118.14,82.6600707204755,68.53942603446517,606,-3.85825252532959
118.17,82.65898066742189,68.54168113993182,603,-3.986320734024048
118.2,82.65996857720735,68.54104408811644,599,-4.028475761413574
118.23,82.66285257846454,68.53371894426397,606,-4.037230014801025
118.26,82.66752015013,68.53288617635008,613,-4.03863000869751
118.29,82.66937165245575,68.53774716899069,617,-4.035642147064209
118.32000000000001,82.67572051979239,68.5565699634824,616,-4.030122756958008
118.35000000000001,82.68732294191437,68.57522785033035,622,-4.024085521697998
118.38,82.69692772203643,68.59518459769575,627,-4.019007205963135
118.41,82.70571975550962,68.60583220361237,620,-4.01508903503418
118.44,82.71752327207196,68.61165383012867,618,-4.011898994445801
118.47,82.72128618621547,68.6252443074319,618,-4.009094715118408
118.5,82.72367146536415,68.63520141217528,622,-4.006504058837891
118.53,82.72100005235284,68.64766057410077,625,-4.004036903381348
118.56,82.71714178697941,68.66864360425778,622,-4.00163459777832
118.59,82.7138616420745,68.68100449558224,620,-3.9992518424987793
118.62,82.71422156967024,68.69665923593676,624,-3.996846914291382
118.65,82.71841924373524,68.7014232334062,623,-3.994377374649048
118.68,82.71939347637638,68.701959256438,625,-3.9917969703674316
118.71000000000001,82.71989040073936,68.70700259909457,624,-3.9890472888946533
118.74000000000001,82.71638510300339,68.71938041127306,623,-3.9860522747039795
118.77,82.71390065733465,68.7224569101937,625,-3.9827051162719727
118.8,82.7084747153639,68.72323124916718,623,-3.9788477420806885
118.83,82.70859809302733,68.71631372294596,629,-3.974236249923706
118.86,82.71042437174572,68.70046268224372,632,-3.9684829711914062
118.89,82.70881016260014,68.67710323335989,629,-3.960970401763916
118.92,82.70545218265647,68.67153858497967,627,-3.950773000717163
118.95,82.70350942838722,68.66669793797004,626,-3.9367024898529053
118.98,82.70034969318779,68.64840646197936,619,-3.9176127910614014
119.01,82.70183361105505,68.62421985351429,620,-3.892768144607544
119.04,82.70503524260529,68.59578953470984,621,-3.86187744140625
119.07000000000001,82.70615461535313,68.56222101214588,617,-3.8248705863952637
119.10000000000001,82.70472583248254,68.52834346571512,616,-3.7817370891571045
119.13,82.70081287372079,68.49843265204832,612,-3.732481002807617
119.16,82.69761636152246,68.46385145822371,609,-3.6771111488342285
119.19,82.69303348866666,68.42321676176168,603,-3.615644693374634
119.22,82.68753610148356,68.38571869450195,606,-3.5481057167053223
119.25,82.6813939270182,68.3419298778375,608,-3.4745261669158936
119.28,82.66929974761219,68.30365994703934,606,-3.394944906234741
119.31,82.6578558953111,68.26925098667976,613,-3.3094089031219482
119.34,82.65265678427029,68.23883728901372,612,-3.217973470687866
119.37,82.65483904316147,68.20977064074596,617,-3.1207025051116943
119.4,82.65960250341209,68.18973667121472,612,-3.0176665782928467
119.43,82.66142744774132,68.16616417382771,613,-2.9089465141296387
119.46000000000001,82.66200421839797,68.14183334835866,610,-2.794631242752075
119.49000000000001,82.6594471487135,68.13056471844833,612,-2.674818515777588
119.52,82.65217753245553,68.12957541919506,617,-2.5496153831481934
119.55,82.64387207886072,68.11669423520308,616,-2.4191367626190186
119.58,82.6388888072384,68.09231571771801,620,-2.283505439758301
119.61,82.63739023811536,68.07932278586098,623,-2.142833709716797
119.64,82.64044599072494,68.0686952037222,618,-1.9907859563827515
119.67,82.64392311811531,68.0609878055553,614,-1.7889211177825928
119.7,82.64864101506389,68.05088731058008,619,-1.583203673362732
119.73,82.64908014720976,68.04885782851295,626,-1.3792299032211304
119.76,82.6461742224201,68.0540720771019,622,-1.1771326065063477
119.79,82.64104766818394,68.06808798082125,617,-0.9770476222038269
119.82000000000001,82.63351649447961,68.08628414478271,618,-0.779116153717041
119.85000000000001,82.63132791653213,68.09678517866222,620,-0.5834835767745972
119.88,82.62940615045416,68.1198571646273,620,-0.3902967572212219
119.91,82.6238015433187,68.1406150032415,622,-0.19970324635505676
119.94,82.62463010343834,68.15900053258115,624,-0.011850442737340927
119.97,82.63373481359393,68.18068035597095,623,0.17311514914035797
120.0,82.64029834453409,68.2013834377886,624,0.3550485372543335
120.03,82.65019285667586,68.22990338085356,628,0.5338069200515747
120.06,82.65945804122472,68.25681153619256,631,0.7092499732971191
120.09,82.66244742328419,68.27967334822374,629,0.881239652633667
120.12,82.66510878334749,68.30606785755235,628,1.0496405363082886
120.15,82.66450201325644,68.33447140892115,629,1.214320421218872
120.18,82.66100588671458,68.35519129778768,635,1.3751499652862549
120.21000000000001,82.6619613923814,68.36443152327277,636,1.5320037603378296
120.24000000000001,82.67007659700238,68.37864931230384,637,1.684760570526123
120.27,82.68329903981828,68.37618159702127,638,1.8333158493041992
120.3,82.70292861484273,68.37223195830398,636,1.9804041385650635
120.33,82.72397416491512,68.36452059825612,634,2.169210433959961
120.36,82.7371393538844,68.356492769147,630,2.369802474975586
120.39,82.7460691984553,68.34549846653134,630,2.5697617530822754
120.42,82.74981939965964,68.34169941411926,633,2.7688376903533936
120.45,82.75447361189923,68.33569540875541,634,2.9667892456054688
120.48,82.75415201113974,68.33101044929542,639,3.1633734703063965
120.51,82.74877040600632,68.32182482510777,637,3.3583474159240723
120.54,82.74024870116604,68.31011824322978,634,3.551466941833496
120.57000000000001,82.72980382217908,68.28724961036869,629,3.742488145828247
120.60000000000001,82.71888369034947,68.2802580743264,632,3.9311511516571045
120.63,82.70857401517492,68.2761735268855,630,4.052473068237305
120.66,82.69685643443623,68.27552112310363,628,4.113750457763672
120.69,82.68757995035175,68.28271054516236,631,4.169766902923584
120.72,82.67966384285363,68.29221646903454,627,4.220877647399902
120.75,82.67211347468853,68.3000743006272,628,4.267021656036377
120.78,82.66691101776898,68.3107566734828,632,4.308148384094238
120.81,82.66263158424495,68.33965002446878,628,4.344216346740723
120.84,82.66030797927192,68.37299141514107,631,4.375197410583496
120.87,82.65732534433683,68.40569641947114,633,4.4010725021362305
120.9,82.65608488331037,68.43517254618145,634,4.421833515167236
120.93,82.64979191613344,68.47143015257348,634,4.4374823570251465
120.96000000000001,82.64346522555662,68.5049552961745,621,4.448026657104492
120.99000000000001,82.63703529363117,68.53910287765731,620,4.453486442565918
121.02,82.62633318135099,68.57456387163772,615,4.453887939453125
121.05,82.6167812306202,68.61439699142547,618,4.449267387390137
121.08,82.6069898143551,68.64967765115259,617,4.439668655395508
121.11,82.6014715667645,68.68123453227231,619,4.425144195556641
121.14,82.60129082981176,68.70575245360898,615,4.405753135681152
121.17,82.59835292501761,68.7240471952186,621,4.381563663482666
121.2,82.59915938804836,68.7322813708105,622,4.352650165557861
121.23,82.6075223231333,68.74316670189503,621,4.319093704223633
121.26,82.61738052471314,68.75386087688833,621,4.280980110168457
121.29,82.62643444171856,68.75781067175723,621,4.238401889801025
121.32000000000001,82.6374627448727,68.76362129778994,621,4.191454887390137
121.35000000000001,82.6486124373454,68.77333856510556,616,4.1402363777160645
121.38,82.65923248067325,68.78860153222305,608,4.084869861602783
121.41,82.67136146519026,68.79177656808616,609,4.027617931365967
121.44,82.68747520600945,68.77335950746185,616,4.00040864944458
121.47,82.70609418296841,68.75453150260269,612,3.995944023132324
121.5,82.72201576024818,68.74225688288841,617,3.993318796157837
121.53,82.73349653841375,68.73629173819715,617,3.9907002449035645
121.56,82.74462220727565,68.72873086008057,614,3.9879119396209717
121.59,82.76103717398765,68.71589144469797,612,3.98486590385437
121.62,82.77275587620716,68.6969090374112,611,3.9814486503601074
121.65,82.78217941988729,68.66848282487749,612,3.977494239807129
121.68,82.7913419171232,68.63137179492196,609,3.972748041152954
121.71000000000001,82.79688435160823,68.6019941190164,619,3.966809034347534
121.74000000000001,82.80482671397155,68.57821045575157,620,3.959054470062256
121.77,82.80624588002742,68.55353813496058,617,3.948582887649536
121.8,82.80539126617319,68.52244450251904,617,3.9342968463897705
121.83,82.80416942680112,68.48674644557772,613,3.9152028560638428
121.86,82.80232307562588,68.45797610533397,613,3.8907084465026855
121.89,82.79880994758189,68.43246413293144,619,3.8606057167053223
121.92,82.79385072642656,68.40949320388759,620,3.8248696327209473
121.95,82.78658917436302,68.4006907726368,617,3.783524513244629
121.98,82.77546547765067,68.41027508298917,613,3.7366061210632324
122.01,82.76697282266835,68.43137307541879,622,3.684154748916626
122.04,82.75935229825876,68.45144259388022,624,3.626215696334839
122.07000000000001,82.76135904632868,68.4616292906488,623,3.562839984893799
122.10000000000001,82.76424241888233,68.4589618931187,625,3.4940829277038574
122.13,82.76555747496464,68.43875290962232,628,3.4200069904327393
122.16,82.76758183136833,68.41420280077243,625,3.340681552886963
122.19,82.7659728364283,68.39533963384353,630,3.256183385848999
122.22,82.75202887631875,68.39486964847228,628,3.1665968894958496
122.25,82.73801224827663,68.39162125830616,629,3.072014808654785
122.28,82.71744906158172,68.39838251288879,631,2.9725377559661865
122.31,82.69899723811238,68.39729478219348,628,2.868274688720703
122.34,82.68207315266581,68.39956978613347,629,2.759342670440674
122.37,82.6622829111358,68.40931284906353,633,2.6458659172058105
122.4,82.64148961324193,68.42035137189177,633,2.5279769897460938
122.43,82.622569477279,68.4140103663996,631,2.4058127403259277
122.46000000000001,82.60258111405095,68.4012209215757,629,2.279517650604248
122.49000000000001,82.58673392334242,68.3945111391508,627,2.1492233276367188
122.52,82.57576048046508,68.38969799373618,628,2.0111305713653564
122.55,82.56503554337262,68.38854318722008,634,1.8256261348724365
122.58,82.55230756477874,68.39291253031858,641,1.6322146654129028
122.61,82.53999105928342,68.38862432167767,641,1.4412325620651245
122.64,82.53187791090852,68.38618463245521,638,1.252801537513733
122.67,82.52510574519911,68.38418959272101,634,1.0670336484909058
122.7,82.52180359238231,68.36742995323358,636,0.8840437531471252
122.73,82.51824308533233,68.34256558508142,639,0.7039498686790466
122.76,82.52186263245606,68.31970125945395,633,0.526871919631958
122.79,82.53307403978049,68.28954350735425,640,0.3529309928417206
122.82000000000001,82.54569104956752,68.2706129737202,634,0.18224865198135376
122.85000000000001,82.56402742016938,68.24342843258934,627,0.014946956187486649
122.88,82.58452128310819,68.22505490742112,627,-0.14885178208351135
122.91,82.6090810208502,68.21033387776542,626,-0.3090251386165619
122.94,82.63487560998857,68.20267694207668,623,-0.4654519557952881
122.97,82.65652885719108,68.19660799084872,620,-0.6180137991905212
123.0,82.6801158849161,68.18695355237308,628,-0.7665956020355225
123.03,82.71007291641212,68.18848078674846,626,-0.9110862016677856
123.06,82.73828501291051,68.19040887493493,630,-1.0513783693313599
123.09,82.76188376363864,68.18365638742439,630,-1.1873689889907837
123.12,82.78125684801446,68.17770340377002,624,-1.3189599514007568
123.15,82.79444511037482,68.16871756336927,631,-1.4460595846176147
123.18,82.80000248410319,68.16941657364858,632,-1.5685827732086182
123.21000000000001,82.80457284215551,68.17141612950628,634,-1.6864509582519531
123.24000000000001,82.80745498319115,68.18210366925143,630,-1.7995980978012085
123.27,82.8016632606109,68.18833503062216,626,-1.908251404762268
123.3,82.78842746853753,68.20019009162253,629,-2.0250277519226074
123.33,82.77333795628182,68.21683683794544,625,-2.181344509124756
123.36,82.75310134613726,68.23961033714868,633,-2.3395793437957764
123.39,82.73428523645045,68.25935561864425,634,-2.4955759048461914
123.42,82.72171205019744,68.27347655811305,628,-2.6491358280181885
123.45,82.71568070447906,68.28567911571903,630,-2.8000686168670654
123.48,82.70306155429438,68.30285998925828,624,-2.9481852054595947
123.51,82.6847372506893,68.32896219106298,619,-3.0932979583740234
123.54,82.67243786008049,68.35088286943036,611,-3.2352206707000732
123.57000000000001,82.66309540949617,68.37747037173128,615,-3.3737685680389404
123.60000000000001,82.65281341840286,68.40756311430039,619,-3.508758783340454
123.63000000000001,82.6359037037072,68.42837349493647,619,-3.6400094032287598
123.66,82.62378053247812,68.43750479985154,615,-3.767338991165161
123.69,82.61431582556841,68.43814648628276,616,-3.8905675411224365
123.72,82.60636589116037,68.42974646364462,617,-4.000370025634766
123.75,82.59797228951444,68.42652211829929,621,-4.0239667892456055
123.78,82.59732719189945,68.42459451927282,620,-4.026627540588379
123.81,82.59985252785721,68.42293790062149,616,-4.0244293212890625
123.84,82.60501275533196,68.42602511278739,615,-4.020678520202637
123.87,82.61642203221106,68.43594987155741,618,-4.016918182373047
123.9,82.6297106253294,68.44242495934711,620,-4.013610363006592
123.93,82.6414292077789,68.45336554570585,614,-4.010697841644287
123.96000000000001,82.64899639427614,68.46232391025528,619,-4.008040428161621
123.99000000000001,82.65869320069908,68.46954048927847,624,-4.005539417266846
124.02,82.67311647467,68.4760094268843,626,-4.003127574920654
124.05,82.68566571194992,68.4961414509001,626,-4.000756740570068
124.08,82.69673426363492,68.51805979387103,632,-3.9983863830566406
124.11,82.70765783199685,68.5356877914872,630,-3.995976686477661
124.14,82.71654987926266,68.54485900785502,622,-3.9934847354888916
124.17,82.73101739411027,68.54200341331776,624,-3.9908618927001953
124.2,82.74401318064014,68.53052442867035,625,-3.9880454540252686
124.23,82.75395932957827,68.52178218582118,624,-3.9849507808685303
124.26,82.76016262524226,68.51454819022449,624,-3.9814558029174805
124.29,82.76584416902779,68.50967163009436,628,-3.97737717628479
124.32000000000001,82.77278090229768,68.49094310654637,635,-3.972429037094116
124.35000000000001,82.77992172474019,68.46258599320075,633,-3.9661526679992676
124.38000000000001,82.78774123843662,68.43899063367506,634,-3.9578285217285156
124.41,82.79283939964094,68.43366511483043,636,-3.946416139602661
124.44,82.79479540417472,68.43339061982607,629,-3.930687189102173
124.47,82.794935702069,68.4374136017441,630,-3.9095985889434814
124.5,82.79489406088301,68.44981177709221,630,-3.882580041885376
124.53,82.7922638662203,68.4552259641526,631,-3.849440097808838
124.56,82.7909074594758,68.45112618628858,637,-3.81013822555542
124.59,82.79796487792754,68.44679301333676,635,-3.7646701335906982
124.62,82.8094697296573,68.43416587911229,632,-3.7130422592163086
124.65,82.82026619443263,68.41367256511943,628,-3.655268430709839
124.68,82.83120458340925,68.37847794361927,625,-3.5913703441619873
124.71000000000001,82.84584192530905,68.34328868377202,620,-3.5213775634765625
124.74000000000001,82.86071309834901,68.31659750852533,619,-3.445326089859009
124.77,82.86994348299463,68.31118636712257,621,-3.3632614612579346
124.8,82.86856669708278,68.32146864319996,620,-3.2752368450164795
124.83,82.86745810071534,68.34366446130075,624,-3.1813125610351562
124.86,82.86438764067587,68.3571539510247,623,-3.0815582275390625
124.89,82.86105687123872,68.36494730970453,625,-2.976050853729248
124.92,82.860412792899,68.3657285607623,633,-2.8648762702941895
124.95,82.85929435831395,68.35973182172026,632,-2.7481274604797363
124.98,82.85759317521895,68.35905901259497,632,-2.6259069442749023
125.01,82.85395965338361,68.36085441891157,632,-2.4983246326446533
125.04,82.8455786385354,68.36578594644554,638,-2.3655004501342773
125.07000000000001,82.83703710272418,68.36799152916882,637,-2.2275640964508057
125.10000000000001,82.83277070159617,68.363536028763,634,-2.0844194889068604
125.13000000000001,82.83011017343074,68.36102492658071,634,-1.9116894006729126
125.16,82.82480976220911,68.35523312126945,637,-1.7050552368164062
125.19,82.819584436668,68.35008927920236,635,-1.4997838735580444
125.22,82.80903428724687,68.34697847088783,634,-1.296331524848938
125.25,82.79270578015003,68.34495736007436,637,-1.0948349237442017
125.28,82.7801245665239,68.33645986590552,634,-0.8954364657402039
125.31,82.76514932686204,68.3234623212453,631,-0.6982839703559875
125.34,82.74578331584792,68.30387584575647,626,-0.5035280585289001
125.37,82.72059628981698,68.27426966317023,623,-0.31132015585899353
125.4,82.69625380278754,68.24183269793778,622,-0.12181156128644943
125.43,82.67387334642315,68.2180189574059,625,0.0648474246263504
125.46000000000001,82.65514813473189,68.20572145095345,626,0.2485082894563675
125.49000000000001,82.63925436224122,68.20346996023308,624,0.42902472615242004
125.52,82.6259956469253,68.20170004330623,628,0.606253445148468
125.55,82.61509038547011,68.1942176043951,625,0.7800542712211609
125.58,82.60794767991673,68.17438009883317,623,0.9502909183502197
125.61,82.60743746751196,68.15325647170899,622,1.1168313026428223
125.64,82.60887969246089,68.11882345205014,623,1.279546856880188
125.67,82.61157968894159,68.0835839917666,621,1.4383126497268677
125.7,82.61875873302688,68.0648484856062,622,1.5930075645446777
125.73,82.622583788848,68.0620358952756,622,1.743513822555542
125.76,82.62290159697866,68.05806645519392,626,1.8898221254348755
125.79,82.61989360524701,68.04781428721404,633,2.046736001968384
125.82000000000001,82.61513217151122,68.04374910824662,638,2.2452850341796875
125.85000000000001,82.61281728111402,68.04727606724342,638,2.4447953701019287
125.88000000000001,82.60957722676199,68.05568565176453,630,2.6434924602508545
125.91,82.60756112100742,68.07286926932007,629,2.8411290645599365
125.94,82.60493273536476,68.09870308322158,631,3.037457227706909
125.97,82.60055253954607,68.12718331000384,634,3.2322304248809814
126.0,82.60322306887124,68.14132540705016,632,3.425200939178467
126.03,82.60763905123748,68.16046012298554,631,3.6161246299743652
126.06,82.61511321757077,68.17941120381721,634,3.804757595062256
126.09,82.62507642646742,68.18810877310239,630,3.989323854446411
126.12,82.63828948076804,68.18918401444306,637,4.071153163909912
126.15,82.65203624015767,68.19383723832108,639,4.128658294677734
126.18,82.66525285210948,68.21078115898717,634,4.181177616119385
126.21000000000001,82.67577742885688,68.23285215409142,639,4.228747367858887
126.24000000000001,82.68718302858649,68.25730538431118,638,4.271317005157471
126.27,82.69689368203393,68.27800257945121,636,4.3088459968566895
126.3,82.70526738448785,68.29577435688276,629,4.341306686401367
126.33,82.70771291069397,68.30514520453664,628,4.368682861328125
126.36,82.7063624102695,68.3140328009931,631,4.390967845916748
126.39,82.70266430723285,68.31696187654252,632,4.40816593170166
126.42,82.69929004535581,68.32490132506932,628,4.420289993286133
126.45,82.69600526569435,68.35039415851308,627,4.427361488342285
126.48,82.69893534627695,68.39190549709646,624,4.429410934448242
126.51,82.69980224376826,68.42545179212314,620,4.426476955413818
126.54,82.69990857959857,68.4520700599303,620,4.418604373931885
126.57000000000001,82.69327832886248,68.47991587629183,620,4.40584659576416
126.60000000000001,82.68301490781164,68.50031710180106,617,4.388264179229736
126.63000000000001,82.67673637357602,68.51791417132723,616,4.36592435836792
126.66,82.66850054824695,68.53162517956486,616,4.338900089263916
126.69,82.65869335399933,68.53548862808974,610,4.30726957321167
126.72,82.64825797962452,68.54388067572091,614,4.271117210388184
126.75,82.63994618182704,68.556484346092,608,4.230532646179199
126.78,82.63414211806678,68.56250328422307,603,4.185610294342041
126.81,82.63305491745628,68.56315052035518,613,4.136448383331299
126.84,82.63686568195841,68.55149720502061,616,4.0831732749938965
126.87,82.6393443274407,68.53185867108829,618,4.0280585289001465
126.9,82.64393436263622,68.50555892511213,618,4.001355171203613
126.93,82.64653605713396,68.49424869000975,609,3.9969050884246826
126.96000000000001,82.6468357171702,68.4833067560877,612,3.994349241256714
126.99000000000001,82.65105130511859,68.45971506692275,608,3.99182391166687
127.02,82.65757765068064,68.43534175238567,608,3.9891602993011475
127.05,82.6675044133539,68.41519172700555,614,3.9862823486328125
127.08,82.68476097277993,68.39912779664878,619,3.9830970764160156
127.11,82.70480572574358,68.37988560932216,623,3.9794716835021973
127.14,82.72767543907194,68.34387632320012,623,3.9752063751220703
127.17,82.75284680934479,68.29989974211502,624,3.9699904918670654
127.2,82.77984736848131,68.26001320956232,624,3.9633378982543945
127.23,82.803136674433,68.22041472106189,616,3.9545114040374756
127.26,82.82131682718266,68.20006232928318,612,3.942516326904297
127.29,82.83306140967835,68.20319369482586,619,3.9262802600860596
127.32000000000001,82.84064976199494,68.2169013062331,620,3.9049906730651855
127.35000000000001,82.84733261948645,68.22755562450219,621,3.8782594203948975
127.38000000000001,82.85420138794271,68.24379285643481,623,3.8459906578063965
127.41,82.85762545014738,68.27587644170626,626,3.808195114135742
127.44,82.8546382546853,68.3259540584895,623,3.764909505844116
127.47,82.85280836880894,68.36996909850023,630,3.716177225112915
127.5,82.85007694316914,68.40142354228219,630,3.66204571723938
127.53,82.84826651623085,68.41604052353499,628,3.6025664806365967
127.56,82.84432442248053,68.43906450542276,635,3.5377984046936035
127.59,82.83976194135926,68.46699846833081,636,3.467803955078125
127.62,82.8383424502256,68.4818046920446,638,3.392653465270996
127.65,82.8357138223761,68.48556551400026,646,3.3124234676361084
127.68,82.83421239905411,68.48037023411965,636,3.2272000312805176
127.71000000000001,82.83368486349357,68.47775954977996,638,3.1370773315429688
127.74000000000001,82.83502021637342,68.4766171281486,639,3.0421557426452637
127.77,82.83636717644605,68.47603178301831,637,2.942544937133789
127.8,82.83793343069722,68.46734690163474,632,2.838361978530884
127.83,82.83718368626356,68.45795915861,631,2.7297284603118896
127.86,82.83344066512248,68.45286802976078,632,2.616774797439575
127.89,82.82812750731509,68.45492721994603,629,2.499635934829712
127.92,82.81853374559388,68.46999450054253,627,2.3784496784210205
127.95,82.80167594267441,68.47755577420382,627,2.253358840942383
127.98,82.78215613726542,68.46790450831317,631,2.124459743499756
128.01,82.76306347435435,68.4564203941585,630,1.9833202362060547
128.04,82.74319211692662,68.44822392747369,631,1.7949614524841309
128.07,82.723747724401,68.432574659192,632,1.6044895648956299
128.1,82.70421881253559,68.41192083477861,630,1.416567087173462
128.13,82.68401455987664,68.39732722330255,631,1.2312965393066406
128.16,82.66618080598498,68.37325997384079,627,1.0487804412841797
128.19,82.65005433156855,68.33807162045258,627,0.8691253066062927
128.22,82.6338162268092,68.29975661530743,629,0.6924414038658142
128.25,82.61854262066475,68.26883558311421,629,0.5188421607017517
128.28,82.60762455709613,68.25324664931185,627,0.34844401478767395
128.31,82.60375754083151,68.23938986916788,629,0.18136513233184814
128.34,82.60085869611048,68.23836880346175,622,0.017724720761179924
128.37,82.5951269124782,68.23683375609639,627,-0.1423577219247818
128.4,82.59047086756995,68.24174991213981,624,-0.2987629473209381
128.43,82.59058422304024,68.24522282440144,624,-0.4513728618621826
128.46,82.5925120097982,68.23685570292939,622,-0.6000723838806152
128.49,82.59406647933298,68.22287455808612,623,-0.7447510957717896
128.52,82.5928301265994,68.21143958109951,622,-0.8853047490119934
128.55,82.5871176907459,68.20603900748063,623,-1.0216352939605713
128.58,82.58776910637857,68.19618764983493,622,-1.1536508798599243
128.61,82.59275319965612,68.1838418432101,625,-1.281266212463379
128.64000000000001,82.59850911174428,68.17815941228757,628,-1.404402494430542
128.67000000000002,82.60364384876931,68.1608316062409,628,-1.5229873657226562
128.7,82.61440570292025,68.14278496443328,631,-1.6369554996490479
128.73,82.62704117026662,68.13098993966761,629,-1.7462490797042847
128.76,82.63564195292685,68.11689599036059,625,-1.8508516550064087
128.79,82.64622337997693,68.10820430123064,624,-1.9523155689239502
128.82,82.65524875231108,68.11637625779072,620,-2.079148530960083
128.85,82.66770635704621,68.12633264710325,619,-2.231372594833374
128.88,82.68232029312081,68.14753810631343,622,-2.381876230239868
128.91,82.6945919863938,68.18265347415756,625,-2.529972791671753
128.94,82.70387036139795,68.2268459219933,626,-2.6754889488220215
128.97,82.71701091410088,68.27492838848494,623,-2.8182532787323
129.0,82.73395573459314,68.3129729287485,616,-2.9580960273742676
129.03,82.74534696580496,68.35014921179611,614,-3.0948498249053955
129.06,82.74444707063657,68.38271739476662,615,-3.2283475399017334
129.09,82.7427218762245,68.41593700075126,613,-3.3584232330322266
129.12,82.74248709929341,68.4485682540905,613,-3.4849109649658203
129.15,82.74547886486133,68.47158319609458,608,-3.607647180557251
129.18,82.74575428470274,68.48750927186937,606,-3.7264699935913086
129.21,82.73907058867664,68.49244496918536,604,-3.8412187099456787
129.24,82.73575548693975,68.49625161441766,601,-3.9515488147735596
129.27,82.73803885758068,68.50360517101805,606,-4.013427257537842
129.3,82.73420459163938,68.51375265392005,610,-4.019006252288818
129.33,82.7338349419763,68.51742382906374,614,-4.017543315887451
129.36,82.73618246022164,68.51046026910777,611,-4.014779567718506
129.39000000000001,82.74056226326944,68.50507454840505,609,-4.011992931365967
129.42000000000002,82.75049554160469,68.49575710064516,609,-4.009397029876709
129.45,82.75575792535244,68.49023715156802,615,-4.006958961486816
129.48,82.76223763744626,68.47474690524702,619,-4.004622936248779
129.51,82.77207239089908,68.45206897110617,624,-4.002343654632568
129.54,82.78004078543698,68.42645355517236,624,-4.000083923339844
129.57,82.7914425944741,68.41490859030377,622,-3.997809410095215
129.6,82.80226006187398,68.40289423292039,621,-3.9954848289489746
129.63,82.81445791661626,68.39104771812264,620,-3.993072032928467
129.66,82.8200622847768,68.380421859861,625,-3.9905245304107666
129.69,82.81882628679924,68.37234661403151,621,-3.987783432006836
129.72,82.82161233070651,68.36054110516183,621,-3.984768867492676
129.75,82.82167716939628,68.35119442310902,625,-3.981367826461792
129.78,82.81732969005505,68.34542545557326,626,-3.977410078048706
129.81,82.80889014560212,68.34417453803376,629,-3.972632646560669
129.84,82.8020815757087,68.33431795481597,632,-3.966616630554199
129.87,82.79254077681168,68.33062394320353,635,-3.958706855773926
129.9,82.78076218296589,68.34636032009298,629,-3.947950839996338
129.93,82.76898116932924,68.36261061287287,634,-3.933195114135742
129.96,82.75488595760808,68.37736054041459,632,-3.913408041000366
129.99,82.74612459108049,68.40367282036337,636,-3.887984275817871
130.02,82.73665766394211,68.43611659868961,641,-3.8567054271698
130.05,82.72893880705966,68.4647198547599,644,-3.8195269107818604
130.08,82.72542185380769,68.48563427348243,637,-3.7764499187469482
130.11,82.72570343480575,68.50686858467225,635,-3.727485179901123
130.14000000000001,82.72644416811104,68.53366631350441,631,-3.67264986038208
130.17000000000002,82.7319206754896,68.54419877873973,627,-3.6119654178619385
130.2,82.7444573332397,68.54512283001523,626,-3.5454599857330322
130.23,82.75769573395947,68.54186761927868,626,-3.4731669425964355
130.26,82.77292546804524,68.53668563641634,625,-3.3951258659362793
130.29,82.79452749476314,68.52596510131987,625,-3.311382293701172
130.32,82.81397657772185,68.50607082124272,628,-3.22198748588562
130.35,82.83269780310648,68.48550233585976,628,-3.127000093460083
130.38,82.84814063783529,68.46618828158115,625,-3.026484251022339
130.41,82.85992547531575,68.45319867926048,628,-2.920513153076172
130.44,82.87232336541021,68.4507760348231,631,-2.8091683387756348
130.47,82.88002281993855,68.44466955055736,631,-2.6925384998321533
130.5,82.8833776957788,68.42856364274513,626,-2.570723295211792
130.53,82.88451935232482,68.41532129559522,624,-2.4438295364379883
130.56,82.88058525028983,68.41400017397899,625,-2.3119747638702393
130.59,82.87019322664443,68.42419162010214,620,-2.1752820014953613
130.62,82.85261161539573,68.44025133928776,627,-2.0320489406585693
130.65,82.83674870469683,68.46026219334537,636,-1.8435269594192505
130.68,82.82071111412357,68.47937871375804,636,-1.6406649351119995
130.71,82.80065210275906,68.49509304669606,637,-1.4396164417266846
130.74,82.7831872581812,68.5046607218294,634,-1.240532636642456
130.77,82.76582286365691,68.5028314846971,633,-1.0435452461242676
130.8,82.7467087544886,68.50102106188089,629,-0.8487918376922607
130.83,82.72735780275838,68.50283147739091,629,-0.6564143300056458
130.86,82.70195051521308,68.4943094172793,629,-0.46655574440956116
130.89000000000001,82.67726461526857,68.4740848274427,628,-0.2793594002723694
130.92000000000002,82.66016931646256,68.46102608542489,624,-0.09496854245662689
130.95,82.64600967004877,68.45383625026699,623,0.08647464215755463
130.98,82.63212434064883,68.44799977114312,626,0.26482972502708435
131.01,82.62349996741509,68.43280700401317,622,0.4399583339691162
131.04,82.61208243239355,68.40827887144444,622,0.6117242574691772
131.07,82.59714151825251,68.38530255367482,619,0.77999347448349
131.1,82.58751266880545,68.36513989259294,624,0.9446348547935486
131.13,82.58554441634597,68.34092455441179,627,1.1055208444595337
131.16,82.5883823123943,68.31621078524029,631,1.2625272274017334
131.19,82.58219868202278,68.29363557195708,637,1.4155333042144775
131.22,82.57027563015048,68.261409873722,639,1.5644217729568481
131.25,82.55925034591067,68.22470139580938,637,1.7090790271759033
131.28,82.54866492332987,68.20887384593205,639,1.8494206666946411
131.31,82.53871366841807,68.20394229286757,638,1.9893702268600464
131.34,82.53360746908736,68.19460846103969,631,2.1718592643737793
131.37,82.53371799860851,68.17670102217403,632,2.363762140274048
131.4,82.53561051246766,68.16778539205747,627,2.554683208465576
131.43,82.54021065898696,68.16940359138718,629,2.7443816661834717
131.46,82.54568592617784,68.17213253153835,629,2.9326255321502686
131.49,82.55406036958139,68.17254951261705,632,3.1191835403442383
131.52,82.56731667350886,68.17786418204129,632,3.303828001022339
131.55,82.5836071028837,68.19535197192077,635,3.4863297939300537
131.58,82.59644998936048,68.21581075986394,636,3.6664626598358154
131.61,82.61013719664055,68.24105995466893,642,3.8440005779266357
131.64000000000001,82.62357872990671,68.26771745305979,641,4.009746551513672
131.67000000000002,82.63693291198368,68.2905603062212,635,4.069707870483398
131.7,82.65406936616513,68.31153343002062,627,4.115546226501465
131.73,82.6747937492129,68.33402839267502,625,4.15648889541626
131.76,82.69171882924827,68.35224665095771,632,4.192618370056152
131.79,82.71099808329836,68.36129631191336,636,4.223904609680176
131.82,82.72721322939982,68.3769111211007,632,4.250324726104736
131.85,82.74135102378534,68.3915462978086,632,4.271869659423828
131.88,82.75967831047274,68.39845155841395,625,4.288538455963135
131.91,82.77953341266854,68.39874982068501,623,4.300342082977295
131.94,82.79552617213265,68.40053982958234,621,4.3073015213012695
131.97,82.81614751860185,68.39542952882246,625,4.309445381164551
132.0,82.82817339800715,68.38808520240927,623,4.306811809539795
132.03,82.83330766739691,68.36711778855631,621,4.2994465827941895
132.06,82.83491253290205,68.35026099000353,613,4.287403583526611
132.09,82.83227351718348,68.33668987609722,619,4.270742893218994
132.12,82.83082021811317,68.32463095761699,609,4.24953031539917
132.15,82.830960971653,68.31225677794205,612,4.2238383293151855
132.18,82.82813795627179,68.3040510174338,612,4.193746089935303
132.21,82.82222062856663,68.29879924809377,611,4.159335136413574
132.24,82.81578996861343,68.30006636277454,614,4.1206955909729
132.27,82.8119748173948,68.2959028000453,613,4.077965259552002
132.3,82.80238919126154,68.29549457904152,619,4.033007621765137
132.33,82.7876311946132,68.3012093720008,623,4.006756782531738
132.36,82.77775309825364,68.3103780743319,616,4.001594066619873
132.39000000000001,82.76818699264716,68.32472910409304,618,3.999147653579712
132.42000000000002,82.75249250684725,68.33062497066906,618,3.9968738555908203
132.45,82.7396925201953,68.32803557954261,614,3.9945688247680664
132.48,82.72657042885521,68.32851735449474,617,3.9921817779541016
132.51,82.7173183520496,68.32512358507105,620,3.9896676540374756
132.54,82.71282417379922,68.31678834965209,626,3.986968994140625
132.57,82.7086233707652,68.3128817465767,630,3.9840095043182373
132.6,82.70380326315437,68.30171408618021,625,3.9806830883026123
132.63,82.70030828740826,68.28053830632336,622,3.976832866668701
132.66,82.70475974660596,68.27123643987247,616,3.9722211360931396
132.69,82.71330116866368,68.26903287889998,620,3.966477632522583
132.72,82.72908455139229,68.26015262142796,622,3.9590346813201904
132.75,82.74476069659835,68.25288192560262,618,3.9490771293640137
132.78,82.7627049320965,68.24634408435487,618,3.9356088638305664
132.81,82.77871197705917,68.23736426227782,619,3.9177017211914062
132.84,82.79145343092193,68.2284752790578,616,3.8947718143463135
132.87,82.79883585418202,68.22643349449878,616,3.8665947914123535
132.9,82.80224861776047,68.23494091988474,620,3.8331375122070312
132.93,82.80427905231691,68.23881488195893,623,3.7944257259368896
132.96,82.80498516103609,68.24042161863538,626,3.7505006790161133
132.99,82.80702406390299,68.25131199574983,630,3.701408863067627
133.02,82.80684343611192,68.2601365572122,632,3.6472043991088867
133.05,82.80449692262809,68.27675206710126,627,3.587946891784668
133.08,82.80074690028444,68.30858011196115,625,3.5237016677856445
133.11,82.79464071093602,68.34640637649977,628,3.4545421600341797
133.14000000000001,82.78429465129354,68.38191788001569,632,3.3805484771728516
133.17000000000002,82.76843748200979,68.41720979968926,630,3.301806688308716
133.2,82.75336498927814,68.46167869480558,629,3.2184109687805176
133.23,82.74143584830291,68.51278870318987,625,3.1304619312286377
133.26,82.725538744182,68.5660413314763,628,3.0380680561065674
133.29,82.70844525706828,68.6160537075653,626,2.94134521484375
133.32,82.69490950950188,68.65736614783836,625,2.8404159545898438
133.35,82.68227529807042,68.68889597506552,623,2.7354094982147217
133.38,82.6753640313881,68.70155103580908,624,2.6264588832855225
133.41,82.67451730334085,68.70731642828545,626,2.513699769973755
133.44,82.67330218529489,68.69618444779897,626,2.3972723484039307
133.47,82.67060674998837,68.67187642070466,630,2.277320623397827
133.5,82.65864521005042,68.64202010115902,623,2.1539764404296875
133.53,82.64893847340703,68.60928619614202,626,2.0246787071228027
133.56,82.64371090588702,68.57700517432853,630,1.8512502908706665
133.59,82.63928689106345,68.54181611955651,628,1.665713906288147
133.62,82.63351231334045,68.51100208749455,627,1.4829243421554565
133.65,82.62596392843106,68.48543315728921,627,1.3030089139938354
133.68,82.6160772397081,68.46068629603276,629,1.1260631084442139
133.71,82.60544916556094,68.43677707381501,632,0.9521855115890503
133.74,82.59262924199894,68.41003762725056,636,0.7814774513244629
133.77,82.57689672226483,68.38506223021447,638,0.614041805267334
133.8,82.55708293461893,68.36232564757394,640,0.4499827027320862
133.83,82.54312043565459,68.34733675419425,645,0.28940433263778687
133.86,82.5337219807494,68.33593885936895,647,0.13240979611873627
133.89000000000001,82.52730884983251,68.32094840981578,641,-0.020899511873722076
133.92000000000002,82.52372478656672,68.299220404837,642,-0.17042423784732819
133.95,82.52383215609541,68.28269903514575,642,-0.3160674571990967
133.98,82.52626631767207,68.27956552720514,639,-0.45773524045944214
134.01,82.52690507515945,68.26596594306676,640,-0.5953368544578552
134.04,82.52329204564074,68.24958987219856,642,-0.7287852764129639
134.07,82.52391775466515,68.23170956666476,639,-0.8579987287521362
134.1,82.5328604715371,68.22969214049758,635,-0.9829011559486389
134.13,82.54151793592811,68.22963878009837,640,-1.1034228801727295
134.16,82.55249489835832,68.23670257262877,637,-1.2195011377334595
134.19,82.56329514825084,68.24732241419267,634,-1.3310784101486206
134.22,82.56643308875714,68.26211740020007,641,-1.4381047487258911
134.25,82.56712391345411,68.27634457312303,641,-1.5405360460281372
134.28,82.57045870379444,68.2985767640846,643,-1.6383346319198608
134.31,82.57360721914159,68.3166232511039,649,-1.7314696311950684
134.34,82.57947517027257,68.34155256127526,646,-1.819930076599121
134.37,82.58430139414934,68.35709967508956,644,-1.9040080308914185
134.4,82.58981904659431,68.36906276023346,642,-1.9901316165924072
134.43,82.5981526470423,68.38837320771934,628,-2.1109812259674072
134.46,82.60655628686338,68.40600379963239,631,-2.243058681488037
134.49,82.61382099990757,68.41695586439008,625,-2.372584819793701
134.52,82.61784748388685,68.41259070009414,621,-2.499265193939209
134.55,82.6228729574297,68.415671738011,617,-2.6229567527770996
134.58,82.63337029790128,68.42535229247169,614,-2.743518352508545
134.61,82.64750642366428,68.41884680565015,618,-2.860809326171875
134.64000000000001,82.66432930411764,68.40753475295978,610,-2.974691152572632
134.67000000000002,82.68320075498423,68.4068983628185,610,-3.085026741027832
134.7,82.70173892232202,68.42162760208817,607,-3.1916816234588623
134.73,82.72277613787962,68.43960034243716,606,-3.2945239543914795
134.76,82.74688958559872,68.45418096538869,613,-3.3934245109558105
134.79,82.76815874380603,68.47652271535365,618,-3.4882564544677734
134.82,82.78147922784673,68.49062308918931,619,-3.5788955688476562
134.85,82.79500445544242,68.488162546065,618,-3.6652214527130127
134.88,82.80916006143809,68.48186634463761,611,-3.7471165657043457
134.91,82.82524477826732,68.47923307203236,611,-3.824467420578003
134.94,82.83916044599235,68.47202085101527,616,-3.897157907485962
134.97,82.84417678726182,68.46784330786885,623,-3.9640846252441406
135.0,82.84563687118006,68.45537716459611,623,-3.997410774230957
135.03,82.84280826977539,68.42704648365597,623,-3.998701572418213
135.06,82.8349692801848,68.39410972499104,622,-3.9968035221099854
135.09,82.82710760034733,68.3583405098532,627,-3.9946346282958984
135.12,82.81664506171404,68.32148107919171,631,-3.9923489093780518
135.15,82.80309271561941,68.28861402789403,641,-3.989917039871216
135.18,82.79431964638667,68.26213813551455,643,-3.987286329269409
135.21,82.78891551985986,68.24571826983502,636,-3.9843835830688477
135.24,82.78511519906732,68.22744924187472,640,-3.98110294342041
135.27,82.78298392826775,68.20952403096979,640,-3.977288007736206
135.3,82.78346899778802,68.18806781128801,638,-3.972696304321289
135.33,82.77879773155581,68.18778402311206,637,-3.966947555541992
135.36,82.77329914086299,68.20283289231243,634,-3.9594485759735107
135.39000000000001,82.76871009396453,68.22218940034753,631,-3.9493346214294434
135.42000000000002,82.76312350299644,68.2484129207537,635,-3.935530185699463
135.45,82.76079182004669,68.27497416803652,633,-3.917024850845337
135.48,82.75762832983483,68.29857501955541,634,-3.893176317214966
135.51,82.74780142194774,68.3343064818805,634,-3.8637280464172363
135.54,82.74117269658248,68.36960536685855,634,-3.8286221027374268
135.57,82.73404042577322,68.39177868697841,637,-3.7878570556640625
135.6,82.73196976425132,68.39755981051746,638,-3.741447687149048
135.63,82.73145329979549,68.40206171741441,634,-3.6894142627716064
135.66,82.7329339217559,68.40441660726047,637,-3.6317825317382812
135.69,82.73400731978744,68.40853188504249,639,-3.5685839653015137
135.72,82.73542530048256,68.40418791439595,636,-3.49985671043396
135.75,82.73661667492867,68.39897701074923,632,-3.4256441593170166
135.78,82.74025517329484,68.37395369995873,634,-3.345996379852295
135.81,82.74667024745291,68.33960276855669,629,-3.260969638824463
135.84,82.75229151755235,68.31670536503879,632,-3.1706275939941406
135.87,82.75687284664093,68.3095025935226,633,-3.0750417709350586
135.9,82.75649616091485,68.31408754713084,640,-2.974292278289795
135.93,82.75290012359947,68.3286030639144,639,-2.8684651851654053
135.96,82.74998999640778,68.35653265339934,635,-2.757654905319214
135.99,82.75129646620371,68.39485571691361,638,-2.6419620513916016
136.02,82.75037655120158,68.42661484250257,633,-2.5214953422546387
136.05,82.75033929959626,68.45036013746807,632,-2.396371364593506
136.08,82.74994706704605,68.45747935178012,630,-2.2667136192321777
136.11,82.7506611385508,68.45839501042136,632,-2.132620334625244
136.14000000000001,82.74874700216188,68.46506323265542,635,-1.986646056175232
136.17000000000002,82.74168970070997,68.46467785980907,634,-1.7921212911605835
136.2,82.73417319954515,68.46097955652209,636,-1.594632625579834
136.23,82.72551289975799,68.46565093943508,638,-1.3992427587509155
136.26,82.72092912770826,68.47747069119775,644,-1.2060682773590088
136.29,82.71381542881147,68.48403894143173,642,-1.0152273178100586
136.32,82.70758503144305,68.47770049916876,642,-0.8268425464630127
136.35,82.70198014934441,68.46501010228369,643,-0.6410381197929382
136.38,82.69249613875773,68.4565174626056,639,-0.4579389989376068
136.41,82.67509280615175,68.44108986330725,638,-0.2776701748371124
136.44,82.65640679901101,68.42133697055152,634,-0.10035631060600281
136.47,82.6416983263831,68.40204675497827,628,0.07387889921665192
136.5,82.62678024355066,68.39901304546379,628,0.24491247534751892
136.53,82.61681633930567,68.38501774214225,622,0.4126226007938385
136.56,82.61032148843113,68.36038377370883,626,0.5768892168998718
136.59,82.61002350993957,68.32866316179162,627,0.7375943660736084
136.62,82.61251154127706,68.29901492871778,626,0.8946226239204407
136.65,82.61096024903313,68.28608899800552,624,1.0478615760803223
136.68,82.6059943507887,68.27354102379353,626,1.1972020864486694
136.71,82.59880539114384,68.26051101360106,632,1.3425387144088745
136.74,82.5952889443448,68.24101590026741,633,1.4837701320648193
136.77,82.59591953527638,68.21943537032311,636,1.62079918384552
136.8,82.6012509463547,68.20862516027142,635,1.7535357475280762
136.83,82.61226039305005,68.2022947947906,638,1.881984829902649
136.86,82.6242292890899,68.19964767475015,633,2.014873743057251
136.89000000000001,82.63604840367317,68.20325637210611,631,2.1909477710723877
136.92000000000002,82.652064532886,68.2045496393068,633,2.3710222244262695
136.95000000000002,82.66460782365998,68.21301715355774,633,2.549807548522949
136.98,82.66770827035646,68.22394157937309,647,2.727088689804077
137.01,82.66998557284288,68.22538868455663,645,2.902653694152832
137.04,82.67156126850814,68.2319839962315,648,3.0762901306152344
137.07,82.6726985828104,68.25030595668612,659,3.247784376144409
137.1,82.6733064038363,68.26703869620526,655,3.4169235229492188
137.13,82.67509084419989,68.27699739301048,654,3.583496332168579
137.16,82.67981580190987,68.29572479497416,658,3.7472944259643555
137.19,82.68575921521455,68.31833723844201,657,3.9081063270568848
137.22,82.68977275069231,68.32957704351067,650,4.027739524841309
137.25,82.68899145320522,68.32261560593909,648,4.064764022827148
137.28,82.68246712961769,68.32074192379564,644,4.093358516693115
137.31,82.68024651543267,68.3317852463939,643,4.117153644561768
137.34,82.68449326940956,68.33996587727341,644,4.136345386505127
137.37,82.69421477714086,68.35027363002924,637,4.150937557220459
137.4,82.70588817106531,68.34465644643049,636,4.160927772521973
137.43,82.71826111781071,68.3280574693703,634,4.166324138641357
137.46,82.7206815508615,68.31449326438235,629,4.167142868041992
137.49,82.72536379699663,68.30863925882558,627,4.16340970993042
137.52,82.73153428733093,68.29957050275463,630,4.155160427093506
137.55,82.73828876363976,68.28674249179286,622,4.142439365386963
137.58,82.74982134938081,68.26104503420888,627,4.125298500061035
137.61,82.76314360802064,68.2331404944973,620,4.103804588317871
137.64000000000001,82.7779838123203,68.20642976936466,613,4.0780839920043945
137.67000000000002,82.7899724571195,68.18539661071154,618,4.048840522766113
137.70000000000002,82.79687237950799,68.16561287260427,613,4.0220561027526855
137.73,82.80909207541721,68.1510679947322,616,4.010488033294678
137.76,82.82015300607105,68.1262482143966,615,4.0068793296813965
137.79,82.82558738262878,68.11131838339418,619,4.0044732093811035
137.82,82.82638378079966,68.10937986886402,624,4.0022406578063965
137.85,82.815334486171,68.12388546218486,624,4.0000529289245605
137.88,82.80140196583991,68.14075266982,624,3.997871160507202
137.91,82.78878407830163,68.16583550331862,626,3.9956629276275635
137.94,82.77061842834,68.18769634778235,628,3.9933950901031494
137.97,82.75148281905658,68.19873169662961,626,3.991030693054199
138.0,82.73011613451919,68.20405910037368,625,3.9885239601135254
138.03,82.71113634407013,68.2001701757502,628,3.9858176708221436
138.06,82.69443508594982,68.19648954834835,637,3.982832908630371
138.09,82.679572252911,68.1891811279866,633,3.979458808898926
138.12,82.66740425017325,68.18773171478554,634,3.9755306243896484
138.15,82.65690463073425,68.18384780751242,632,3.9707984924316406
138.18,82.64569954465125,68.17440905924593,630,3.9648783206939697
138.21,82.64504093244568,68.14873533578674,632,3.957188844680786
138.24,82.6542610221039,68.1197763094333,632,3.946922540664673
138.27,82.66651523709086,68.10256286302699,627,3.933133125305176
138.3,82.68182056093573,68.08366948355672,621,3.9149868488311768
138.33,82.69698415157086,68.06964116671398,626,3.891986846923828
138.36,82.71289364127905,68.0579404724723,623,3.863955020904541
138.39000000000001,82.73100107130531,68.05134804383971,622,3.830871105194092
138.42000000000002,82.74423367696481,68.05802352768073,623,3.7927634716033936
138.45000000000002,82.75652537924543,68.07074104102955,630,3.7496719360351562
138.48,82.76249089984218,68.08030552480028,632,3.7016427516937256
138.51,82.76330132637702,68.09704865158578,633,3.6487274169921875
138.54,82.7653800611759,68.11756656456865,637,3.5909817218780518
138.57,82.76243572242477,68.14379121471133,628,3.528468132019043
138.6,82.75643034214202,68.16325136399679,628,3.4612553119659424
138.63,82.74743386896262,68.18458892096085,634,3.3894169330596924
138.66,82.73448225773235,68.21022794142112,634,3.313035011291504
138.69,82.72186723397124,68.24533106799721,631,3.2321958541870117
138.72,82.71561844569555,68.26767090816602,631,3.1469924449920654
138.75,82.70637762364585,68.28916860848251,627,3.0575249195098877
138.78,82.69076038978045,68.30961816816344,630,2.963900089263916
138.81,82.67749838789442,68.33481821393657,632,2.8662304878234863
138.84,82.66934165624589,68.35518766207954,637,2.7646331787109375
138.87,82.6636208245312,68.35817436145044,633,2.6592299938201904
138.9,82.66352048636662,68.33882185849599,635,2.5501482486724854
138.93,82.66475973193567,68.31419009330794,634,2.4375202655792236
138.96,82.66145031098986,68.29942465967643,637,2.3214824199676514
138.99,82.65677576087262,68.28738017687813,640,2.2021734714508057
139.02,82.65521207575377,68.26843534731842,639,2.079387664794922
139.05,82.65044430440396,68.24689640774741,640,1.931130290031433
139.08,82.64629407947973,68.23482604590015,636,1.7481727600097656
139.11,82.6451249983013,68.22288408502087,641,1.567297101020813
139.14000000000001,82.63894760766654,68.21144093688174,642,1.3893249034881592
139.17000000000002,82.62585438672852,68.2059388507119,642,1.214348554611206
139.20000000000002,82.61274572085422,68.18776870849915,646,1.0424644947052002
139.23,82.59880586867499,68.17109169562978,641,0.8737719655036926
139.26,82.58700067872472,68.15572117845191,636,0.7083723545074463
139.29,82.58372562713238,68.14946326142322,630,0.546368420124054
139.32,82.57853678292274,68.15345657969593,633,0.38786208629608154
139.35,82.57097235349663,68.15693662249065,635,0.23295336961746216
139.38,82.56431055838114,68.1471668436414,633,0.08173973113298416
139.41,82.55487555549358,68.14480307544484,637,-0.06568458676338196
139.44,82.54437245531695,68.16230561602336,641,-0.2092287540435791
139.47,82.53581351824148,68.1867042368863,642,-0.34880536794662476
139.5,82.53088441159632,68.20812919093424,634,-0.48433032631874084
139.53,82.5325637848482,68.23203638581764,639,-0.6157227158546448
139.56,82.53320178053438,68.27444788078711,643,-0.7429049611091614
139.59,82.52887723620323,68.3223920821015,645,-0.8658033013343811
139.62,82.5239245488974,68.37847024298749,651,-0.9843477010726929
139.65,82.51992114424723,68.44204059460883,647,-1.0984723567962646
139.68,82.52262961247388,68.49991139528676,649,-1.208115577697754
139.71,82.53122411697429,68.54304992757045,644,-1.3132206201553345
139.74,82.54313563690519,68.57580588377866,641,-1.4137365818023682
139.77,82.54996328099351,68.59888003574099,643,-1.5096189975738525
139.8,82.55342514487893,68.60844303861111,646,-1.6008305549621582
139.83,82.56037739661203,68.61577402141883,641,-1.687340259552002
139.86,82.57380510884073,68.62105244832144,644,-1.7691258192062378
139.89000000000001,82.5878783384219,68.61186646132403,639,-1.8462074995040894
139.92000000000002,82.59942291540654,68.60608887253454,639,-1.919179081916809
139.95000000000002,82.6122551211515,68.60568621311252,635,-1.9961642026901245
139.98,82.62397382663343,68.58541582381989,641,-2.106581687927246
140.01,82.63133893497108,68.55091663617486,645,-2.226635456085205
140.04,82.64119030098183,68.50336849086585,640,-2.343799114227295
140.07,82.65861392677748,68.4569487811183,637,-2.4577388763427734
140.1,82.68066123258744,68.40987358797459,639,-2.568315267562866
140.13,82.70457313143527,68.36641896355727,635,-2.67539119720459
140.16,82.72611389807236,68.33817989885198,629,-2.7788314819335938
140.19,82.74628743132853,68.3067853012501,627,-2.8785035610198975
140.22,82.7636196555084,68.26760780213836,625,-2.974278211593628
140.25,82.77978923552058,68.23372188961248,621,-3.0660293102264404
140.28,82.79220536842479,68.2086315212017,625,-3.1536338329315186
140.31,82.80030021958409,68.19575998580515,619,-3.2369725704193115
140.34,82.8076448378075,68.17382049433972,623,-3.315930128097534
140.37,82.81254793352083,68.14473995102732,624,-3.390394449234009
140.4,82.81201480652487,68.11671423458283,626,-3.4602599143981934
140.43,82.80656172208427,68.09822460916409,635,-3.525423765182495
140.46,82.79771403589933,68.0756741129176,630,-3.5857887268066406
140.49,82.78957216716653,68.06277873393726,629,-3.641261339187622
140.52,82.77862971897629,68.07134355176413,627,-3.6917521953582764
140.55,82.7732069680702,68.08912405914778,630,-3.737175703048706
140.58,82.76894639422919,68.1054649575831,631,-3.777451276779175
140.61,82.76241898352073,68.11997805611905,631,-3.812502145767212
140.64000000000001,82.75620593402884,68.13629631693158,636,-3.842256784439087
140.67000000000002,82.7525999228647,68.1521268653395,638,-3.8666481971740723
140.70000000000002,82.74956652863217,68.16779910726758,646,-3.885610818862915
140.73,82.74305959822392,68.1876546075831,649,-3.8990769386291504
140.76,82.73834013364943,68.21252681738453,649,-3.9069840908050537
140.79,82.73568925140415,68.23665922464441,648,-3.909292459487915
140.82,82.7334893393347,68.25875118250207,644,-3.905996322631836
140.85,82.7319961493912,68.28332420319327,641,-3.897095203399658
140.88,82.73005305762032,68.31056214503005,640,-3.8825693130493164
140.91,82.72748553419025,68.33745164546714,642,-3.8623909950256348
140.94,82.72077375374144,68.35871796260582,640,-3.8365416526794434
140.97,82.71813754452452,68.3715582302416,634,-3.8050191402435303
141.0,82.7194036342502,68.39280587594514,636,-3.767829179763794
141.03,82.71511060212354,68.42364654296685,638,-3.724984645843506
141.06,82.70625169887889,68.4673406689911,636,-3.6765031814575195
141.09,82.69777549357319,68.5039845620813,639,-3.6224093437194824
141.12,82.6933277787042,68.52314666839956,640,-3.562732696533203
141.15,82.69753099657433,68.52571422617879,646,-3.497509717941284
141.18,82.70636940183492,68.52459367905553,640,-3.42678165435791
141.21,82.71353444690806,68.5267004395451,645,-3.3505966663360596
141.24,82.72094032732309,68.5254868125762,642,-3.269010066986084
141.27,82.7242087210443,68.51852577786212,633,-3.182084321975708
141.3,82.72781241254344,68.51008923665077,629,-3.08988881111145
141.33,82.73691371411527,68.49865017029671,634,-2.9925003051757812
141.36,82.74930060764561,68.47259046291515,632,-2.890003204345703
141.39000000000001,82.75967484277389,68.43291602384059,628,-2.7824902534484863
141.42000000000002,82.76703012027741,68.40046072818546,627,-2.6700620651245117
141.45000000000002,82.77146710731446,68.38009174054108,630,-2.552825450897217
141.48,82.77689646042718,68.36341758835357,633,-2.430896043777466
141.51,82.77928391111072,68.34978792338109,630,-2.3043956756591797
141.54,82.78246102537484,68.34357914728221,636,-2.173448324203491
141.57,82.78291945878883,68.33989233010061,637,-2.036543130874634
141.6,82.78016538909675,68.32966248828029,639,-1.8563646078109741
141.63,82.77817319431016,68.31329726082124,642,-1.6599624156951904
141.66,82.77849356752574,68.29285002322955,643,-1.465540885925293
141.69,82.77695999819852,68.26580270651809,644,-1.2732535600662231
141.72,82.77190251193711,68.24050640823096,647,-1.083217740058899
141.75,82.76240850716407,68.2211703011219,645,-0.8955561518669128
141.78,82.75102409959284,68.19213465556949,638,-0.7103945016860962
141.81,82.73262644644076,68.15850053714776,642,-0.5278620719909668
141.84,82.71637259517637,68.12256958354854,644,-0.3480887711048126
141.87,82.6987486808196,68.09089748158158,639,-0.17120495438575745
141.9,82.68105119528028,68.05774628403621,636,0.0026592761278152466
141.93,82.66174586731184,68.0406046805637,630,0.1733749508857727
141.96,82.6358221004425,68.04206249230147,630,0.34081465005874634
141.99,82.61224461791095,68.05435841235791,632,0.5048530697822571
142.02,82.58746199093301,68.06179594909145,629,0.6653671860694885
142.05,82.56225042358665,68.08380887957622,629,0.8222361207008362
142.08,82.53758734898958,68.11146794887152,636,0.9753413796424866
142.11,82.51862578471406,68.14032571325596,636,1.1245671510696411
142.14000000000001,82.50215220982989,68.17358675604007,636,1.269801378250122
142.17000000000002,82.49456134777998,68.2028019988669,638,1.4109352827072144
142.20000000000002,82.50194478509037,68.23384576046418,639,1.5478640794754028
142.23,82.51298206791616,68.27056274244148,646,1.6804871559143066
142.26,82.52823753733448,68.30310793383636,644,1.8087151050567627
142.29,82.54231073724648,68.3222953442597,639,1.9330952167510986
142.32,82.55534200755346,68.34547538027816,642,2.0799028873443604
142.35,82.5661946079067,68.36422725244503,646,2.257047176361084
142.38,82.57257946808889,68.38473955907448,649,2.433270215988159
142.41,82.57568404894988,68.40299620658676,648,2.607903480529785
142.44,82.58017025596084,68.42007589431927,647,2.7807273864746094
142.47,82.58959827702564,68.45196429985505,642,2.9515223503112793
142.5,82.60051171133182,68.49590388592559,650,3.1200692653656006
142.53,82.60827317689994,68.53093218172882,648,3.286149740219116
142.56,82.61002167147362,68.56597942035957,644,3.4495458602905273
142.59,82.60713889118972,68.5870049583262,644,3.6100409030914307
142.62,82.61104463188266,68.59959362294633,647,3.7674174308776855
142.65,82.61944906025431,68.60382852631997,649,3.9214510917663574
142.68,82.62481233784105,68.60192222502651,650,4.027989387512207
142.71,82.63025309162046,68.58908461625772,647,4.058120250701904
142.74,82.63055660347716,68.56082442987925,646,4.07941198348999
142.77,82.62852657174875,68.53817620165078,645,4.095536708831787
142.8,82.62502749221169,68.51709071138659,644,4.106828212738037
142.83,82.62095236048353,68.48700755009472,648,4.1133246421813965
142.86,82.62245152620795,68.45569104250954,658,4.115025520324707
142.89000000000001,82.62035261745456,68.42252796714118,660,4.111935138702393
142.92000000000002,82.62068280065138,68.38944782636722,656,4.104068279266357
142.95000000000002,82.62013584028328,68.35286092032145,653,4.091464519500732
142.98,82.61922412259966,68.31501960830244,652,4.0742316246032715
143.01,82.62013788331096,68.28544003237454,653,4.052878379821777
143.04,82.62299200192429,68.25427993062743,653,4.030422687530518
143.07,82.6283741430765,68.23561916864026,645,4.015960216522217
143.1,82.63780067812283,68.23102413482098,647,4.010461807250977
143.13,82.6455933682455,68.22958703361232,644,4.007455348968506
143.16,82.65847716700854,68.22213490813309,640,4.004895210266113
143.19,82.67032267694745,68.2193860381453,644,4.002457618713379
143.22,82.67484062364356,68.21768461010063,644,4.00006628036499
143.25,82.68196301809589,68.21303134015507,646,3.9976749420166016
143.28,82.6985753846622,68.20204464171358,637,3.9952433109283447
143.31,82.71000726406123,68.19527249585121,635,3.9927265644073486
143.34,82.71624575131207,68.19032640156408,632,3.9900732040405273
143.37,82.72589048731732,68.18116560070557,629,3.9872186183929443
143.4,82.73661199770689,68.15926621051592,628,3.984074831008911
143.43,82.73871858115048,68.15367979121869,629,3.9805173873901367
143.46,82.7404680117089,68.1556060072847,624,3.976360321044922
143.49,82.73920474240848,68.159267955769,623,3.9713127613067627
143.52,82.73941734009628,68.16053304896795,621,3.9649171829223633
143.55,82.73797839580122,68.15853382587073,621,3.9564692974090576
143.58,82.73742327531359,68.15045625942389,621,3.9449868202209473
143.61,82.7390177859494,68.14697676303228,624,3.929356813430786
143.64000000000001,82.73546210348673,68.14190634035006,622,3.908679962158203
143.67000000000002,82.73008199048536,68.13604773032647,629,3.882495403289795
143.70000000000002,82.72147258175265,68.14081395553329,631,3.850679874420166
143.73,82.71479155230689,68.134561332873,634,3.813241720199585
143.76,82.70888075040068,68.13185121009637,635,3.77022385597229
143.79,82.70103412887221,68.13148238513641,635,3.7216756343841553
143.82,82.69231992198846,68.13741962690864,641,3.6676526069641113
143.85,82.69076701321987,68.13679084497224,632,3.6082146167755127
143.88,82.68997377914155,68.13852614455959,632,3.543426036834717
143.91,82.69344709273446,68.15090169778749,633,3.473357677459717
143.94,82.69493985360363,68.1644863443997,635,3.3980844020843506
143.97,82.69459734948461,68.17469030136377,636,3.3176891803741455
144.0,82.69463408612431,68.19099905702633,634,3.232259750366211
144.03,82.69434583819063,68.20805529719246,629,3.141892910003662
144.06,82.69519586756826,68.21354053762228,631,3.04669189453125
144.09,82.698110583023,68.2205655540774,632,2.946768045425415
144.12,82.69638353960028,68.22509537499538,631,2.842238664627075
144.15,82.68984967179745,68.22061287787693,628,2.733229398727417
144.18,82.67910241004328,68.21681479388009,628,2.619873046875
144.21,82.66859885718189,68.21798765146323,632,2.5023086071014404
144.24,82.6573466353106,68.21131110004346,631,2.380683660507202
144.27,82.64881991546847,68.18699050094213,626,2.2551493644714355
144.3,82.64005070315889,68.1485627856702,630,2.1258161067962646
144.33,82.63070520698089,68.11125397334736,635,1.9845309257507324
144.36,82.62276442667951,68.07621627820264,637,1.7959195375442505
144.39000000000001,82.61677880434507,68.0461772854989,634,1.6050739288330078
144.42000000000002,82.60616516132295,68.02744172988693,633,1.4168401956558228
144.45000000000002,82.59277730375815,68.01762145491423,642,1.2313294410705566
144.48,82.58407788941157,68.00536220061696,645,1.0486518144607544
144.51,82.58197433719452,67.98160915599487,651,0.8689187169075012
144.54,82.57351014323137,67.96655982059106,650,0.6922432780265808
144.57,82.5661685588258,67.95322625795656,649,0.5187399983406067
144.6,82.56332050046062,67.94041138391452,651,0.3485250473022461
144.63,82.56035419966753,67.93038789106858,647,0.18171539902687073
144.66,82.55969848825681,67.92375189150526,646,0.018428726121783257
144.69,82.56320123990933,67.92102778010265,648,-0.14121738076210022
144.72,82.56904857674019,67.91532052499734,641,-0.2971060872077942
144.75,82.5766520572056,67.90070063999232,638,-0.4491218626499176
144.78,82.5808199311902,67.88616322813215,644,-0.5971512794494629
144.81,82.58188165774733,67.86953492376995,637,-0.7410835027694702
144.84,82.58403053317821,67.85899789770455,636,-0.8808110356330872
144.87,82.58851323656157,67.84736241514078,637,-1.0162310600280762
144.9,82.59220829949167,67.83920979787064,643,-1.147247314453125
144.93,82.59591310897522,67.84878011183783,645,-1.2737687826156616
144.96,82.59983698955239,67.87403771592776,648,-1.3957113027572632
144.99,82.59685492340049,67.92152967106705,646,-1.5129971504211426
145.02,82.59560952154305,67.9727958965132,645,-1.6255548000335693
145.05,82.59711556837843,68.02446794287049,650,-1.7333203554153442
145.08,82.59996270802789,68.07110216707895,646,-1.8362563848495483
145.11,82.60167928565862,68.11876182770452,650,-1.9351850748062134
145.14000000000001,82.59859639108463,68.16783868697604,645,-2.0509064197540283
145.17000000000002,82.59410681753731,68.2070101283755,646,-2.1994054317474365
145.20000000000002,82.59188859476521,68.24677434101687,644,-2.3470559120178223
145.23,82.59002832866449,68.29345929814163,645,-2.4920756816864014
145.26,82.5849571072926,68.34089736033766,645,-2.6342756748199463
145.29,82.57832809059425,68.37603907746545,647,-2.773469924926758
145.32,82.5693497025452,68.40528346323342,642,-2.909473180770874
145.35,82.56501150860188,68.43144711190936,636,-3.0421013832092285
145.38,82.56471964387232,68.45334006033616,631,-3.1711699962615967
145.41,82.56900515918949,68.47196466038935,637,-3.2964954376220703
145.44,82.57183942059027,68.49542479853314,640,-3.417894124984741
145.47,82.56868793706144,68.52290859655156,639,-3.535183906555176
145.5,82.5665684597392,68.54566999269122,636,-3.6481852531433105
145.53,82.56639721517853,68.56396654024881,642,-3.756722927093506
145.56,82.56939886059821,68.57113268624799,641,-3.860625743865967
145.59,82.57978508970001,68.5625513147019,644,-3.959322452545166
145.62,82.596889624413,68.55142739768013,645,-4.009482383728027
145.65,82.61708243555881,68.54585555817664,641,-4.012213706970215
145.68,82.63574606115316,68.53755386136758,643,-4.010141372680664
145.71,82.6497159756695,68.52137866940627,642,-4.007608890533447
145.74,82.65831963212545,68.51012092012519,642,-4.005126953125
145.77,82.66407634397925,68.49825052340705,642,-4.002708435058594
145.8,82.67509632204656,68.48621432188618,640,-4.000313758850098
145.83,82.6872086797075,68.46723429142932,637,-3.9979031085968018
145.86,82.69730693695705,68.44271240068248,632,-3.9954352378845215
145.89000000000001,82.70506404880257,68.42503513354978,632,-3.992863416671753
145.92000000000002,82.70889809850308,68.41199095567514,626,-3.9901323318481445
145.95000000000002,82.70637673537175,68.40527341391696,625,-3.987168788909912
145.98,82.70511857748113,68.39504915948515,625,-3.9838714599609375
146.01,82.70466634472588,68.38231335405467,626,-3.980091094970703
146.04,82.70709088609962,68.36716867513378,628,-3.975597858428955
146.07,82.71348987475882,68.34042210648417,627,-3.970024347305298
146.1,82.72025634155015,68.29987887746321,634,-3.962780714035034
146.13,82.72818019370052,68.25566880287845,642,-3.9529571533203125
146.16,82.73806056116443,68.22018497500726,644,-3.9393365383148193
146.19,82.74353394404265,68.22028638619612,643,-3.9206793308258057
146.22,82.74620347339295,68.22406330008387,643,-3.89614200592041
146.25,82.74265573338982,68.22802664756165,639,-3.865382194519043
146.28,82.74011358648336,68.23387600533479,635,-3.8283262252807617
146.31,82.74320672537664,68.23868444501748,643,-3.784979820251465
146.34,82.75061304771529,68.25604689786533,637,-3.7353668212890625
146.37,82.7553531927444,68.28337989462678,638,-3.6795198917388916
146.4,82.74888191968596,68.31228006461646,645,-3.617478609085083
146.43,82.74521549171118,68.34895887154474,644,-3.5492899417877197
146.46,82.74913767437698,68.38546505559135,648,-3.475008726119995
146.49,82.75636438533155,68.41874014681278,648,-3.394695997238159
146.52,82.75968209321368,68.44651374334714,645,-3.3084206581115723
146.55,82.76296311363178,68.46665209470629,644,-3.2162559032440186
146.58,82.7607582688974,68.47327564690596,637,-3.1182827949523926
146.61,82.75953250588378,68.47368701967683,633,-3.01458740234375
146.64000000000001,82.75679103371772,68.48014712233957,635,-2.9052624702453613
146.67000000000002,82.7547586269042,68.48333780537662,633,-2.7904062271118164
146.70000000000002,82.74972233190199,68.47720411610264,635,-2.6701250076293945
146.73,82.7467240018105,68.4665151127914,634,-2.544529914855957
146.76,82.74565190849738,68.44902188654777,635,-2.4137399196624756
146.79,82.7483023983304,68.42736150739115,628,-2.277881622314453
146.82,82.74813207480159,68.40817972737018,630,-2.137061595916748
146.85,82.74085570711647,68.40132341976604,636,-1.9836814403533936
146.88,82.73622208060202,68.40159089968266,635,-1.780993103981018
146.91,82.73436326691625,68.40636341839544,638,-1.5756196975708008
146.94,82.73220942024888,68.40844056764254,638,-1.3720628023147583
146.97,82.72908687222956,68.40914104993549,641,-1.1704494953155518
147.0,82.72832826125148,68.41509528237162,647,-0.9709104299545288
147.03,82.72286281431164,68.42400684488487,644,-0.7735805511474609
147.06,82.71645777898011,68.42502822930068,647,-0.5785984396934509
147.09,82.71653154528919,68.41014491103611,649,-0.38610541820526123
147.12,82.71749883701331,68.38577638778118,653,-0.19624486565589905
147.15,82.71669633769422,68.3600023943151,652,-0.00916161946952343
147.18,82.7188257760231,68.33132865554549,653,0.17499953508377075
147.21,82.72227040146454,68.30077854234915,658,0.3560955226421356
147.24,82.72587032501777,68.2691606356521,652,0.5339857935905457
147.27,82.72582027347964,68.23561446026373,647,0.7085320353507996
147.3,82.72278557243791,68.20157906929846,643,0.8795992732048035
147.33,82.72229089703902,68.1595723074603,648,1.0470553636550903
147.36,82.71972576481816,68.10319784660787,646,1.2107720375061035
147.39000000000001,82.71510481151334,68.04673380276581,637,1.3706247806549072
147.42000000000002,82.71209230071302,67.98681473121123,635,1.5264931917190552
147.45000000000002,82.71233311448015,67.93084002683442,633,1.6782615184783936
147.48,82.71052236132255,67.89366774138738,633,1.8258278369903564
147.51,82.71149602798978,67.86346057152069,637,1.9711990356445312
147.54,82.7112518420965,67.83693503185701,638,2.155946969985962
147.57,82.70815529077309,67.81869646802815,643,2.355278968811035
147.6,82.70396463529784,67.82254147523004,635,2.5539684295654297
147.63,82.70191863933235,67.84469665077293,633,2.751756191253662
147.66,82.70079879273858,67.88157957955886,636,2.9483964443206787
147.69,82.70022277519398,67.92360432106977,635,3.1436431407928467
147.72,82.70082757117991,67.94328588655587,636,3.337247133255005
147.75,82.69942347052702,67.96054204876013,637,3.528958320617676
147.78,82.69767467032463,67.9943827539232,632,3.7185254096984863
147.81,82.69802566214689,68.02301829049537,628,3.905695676803589
147.84,82.69352659470293,68.048245774843,629,4.042210102081299
147.87,82.68562406081367,68.07590754093323,633,4.102725982666016
147.9,82.68068716706469,68.11642835339276,641,4.15740442276001
147.93,82.67667384794935,68.15481545407361,642,4.207143306732178
147.96,82.66753437032807,68.19252289710535,636,4.251883029937744
147.99,82.65462253405009,68.22984712154543,640,4.29157018661499
148.02,82.64790245090771,68.2523399660151,642,4.326162338256836
148.05,82.63958338331162,68.27141023599746,641,4.355627536773682
148.08,82.63590758532239,68.28456501455776,642,4.379946231842041
148.11,82.63521957898469,68.28025056916164,638,4.399108409881592
148.14000000000001,82.63540322197923,68.27934838669125,640,4.413114547729492
148.17000000000002,82.63133816847434,68.29673281962904,642,4.42197322845459
148.20000000000002,82.62994662722575,68.31145418765136,645,4.42570161819458
148.23,82.6274422081154,68.31889946750346,648,4.424325942993164
148.26,82.62192770910002,68.32740631593855,649,4.417880058288574
148.29,82.61586989128074,68.33461568351731,655,4.406404495239258
148.32,82.6162102521062,68.33311996236074,662,4.3899455070495605
148.35,82.61665179022296,68.32953997097287,662,4.368556499481201
148.38,82.616350906774,68.31680188567816,656,4.3422956466674805
148.41,82.61780443245725,68.30498339559168,662,4.311227321624756
148.44,82.61865399341531,68.30496940986406,666,4.275420188903809
148.47,82.62351228281528,68.31954067333189,670,4.234950542449951
148.5,82.62622386542974,68.33486911267866,673,4.189896583557129
148.53,82.63121679661202,68.35153117499367,666,4.140346050262451
148.56,82.63781249813259,68.37387742429007,671,4.086405277252197
148.59,82.64190538975619,68.4017496610776,675,4.029973983764648
148.62,82.64272090732015,68.42323214999755,665,4.001096725463867
148.65,82.64673177276076,68.43817081821486,659,3.996273994445801
148.68,82.65020636792134,68.45796577958906,655,3.993535041809082
148.71,82.65592256764408,68.49101855752858,651,3.9908089637756348
148.74,82.66450934375156,68.54085308582573,647,3.9878993034362793
148.77,82.67349119827664,68.58189763785929,646,3.9847068786621094
148.8,82.68513743606368,68.60691672459289,639,3.981102466583252
148.83,82.69348903433196,68.62221284063746,635,3.9768946170806885
148.86,82.6995735190387,68.63535982816134,632,3.9717845916748047
148.89000000000001,82.70110487354387,68.64968739890844,631,3.965296506881714
148.92000000000002,82.70196746984094,68.66014288977355,630,3.9566919803619385
148.95000000000002,82.7085090802054,68.65572196894844,633,3.9449331760406494
148.98,82.71410211144811,68.63698335913357,631,3.928844690322876
149.01,82.71498912769066,68.61362715535915,632,3.907487630844116
149.04,82.71583303776059,68.58668539303673,630,3.8803982734680176
149.07,82.72116838978457,68.56517264928358,629,3.847461462020874
149.1,82.72826055165916,68.54159026616097,636,3.8086934089660645
149.13,82.73628872921013,68.5202807376763,624,3.7641420364379883
149.16,82.7444774532438,68.49561547163744,632,3.7138640880584717
149.19,82.75298325694432,68.46757910553866,634,3.6579203605651855
149.22,82.7603472245139,68.44422357194128,636,3.596378803253174
149.25,82.76608011339977,68.4322868960658,641,3.529310703277588
149.28,82.7722819070579,68.41696106326583,643,3.456794261932373
149.31,82.78008242503704,68.40426674028805,643,3.3789126873016357
149.34,82.78334180061667,68.38826493696993,640,3.2957541942596436
149.37,82.78002835915092,68.368095195159,637,3.207413911819458
149.4,82.78105844908951,68.35862419077475,633,3.113992214202881
149.43,82.78141819892923,68.36263903566609,634,3.015597343444824
149.46,82.78088187693254,68.36048334038709,636,2.912344217300415
149.49,82.77974386622896,68.35637257156938,638,2.8043529987335205
149.52,82.77407585923143,68.34758219537306,646,2.691751480102539
149.55,82.76807899451893,68.3150239944184,645,2.5746729373931885
149.58,82.76144175323819,68.28335288291292,639,2.4532577991485596
149.61,82.7506354527893,68.2568506438093,637,2.327652931213379
149.64000000000001,82.73995658936151,68.22461962629815,641,2.1980087757110596
149.67000000000002,82.72484333472133,68.18715911690974,638,2.0638957023620605
149.70000000000002,82.71475683346502,68.14480182941449,642,1.8957034349441528
149.73,82.70899749670477,68.110967570451,646,1.7008651494979858
149.76,82.7019643387426,68.06919625539126,649,1.5082857608795166
149.79,82.69401651566393,68.02848898350835,650,1.318259358406067
149.82,82.68321993527675,67.99768810227006,652,1.13089919090271
149.85,82.66935193437438,67.96276850801793,653,0.9463207721710205
149.88,82.65565107338831,67.9197104002265,651,0.7646422386169434
149.91,82.64349371396816,67.88953408802548,656,0.5859828591346741
149.94,82.63675588053263,67.85935297661018,658,0.41046297550201416
149.97,82.63677117333599,67.81563205167699,658,0.23820355534553528
150.0,82.63722330928265,67.77593882436948,657,0.06932562589645386
