t,x,y,mass,phi_center
0.0,79.99998365885519,79.99998365885519,394,0.5329999923706055
0.03,80.0000016810298,80.00000976658768,394,0.53302001953125
0.06,79.99999632516148,80.00002103112044,394,0.5331567525863647
0.09,79.9999980452665,80.00004076450112,394,0.5335148572921753
0.12,80.00000258031311,80.00006265518238,394,0.5341874361038208
0.15,80.00000195484832,80.00007855900077,394,0.5352568030357361
0.18,79.99999870974604,80.00009088519633,394,0.536794900894165
0.21,80.0000001564023,80.00010697183292,394,0.5388649702072144
0.24,79.99999955202776,80.00012018633322,394,0.5415220856666565
0.27,80.00000326702104,80.00013708265855,394,0.5448135137557983
0.3,79.9999950723276,80.00014154005703,394,0.5487801432609558
0.33,79.99999784884491,80.0001566026232,394,0.5534560084342957
0.36,80.00000172109284,80.00017256547116,394,0.5588698387145996
0.39,80.00000359904668,80.00018654651082,394,0.5650451183319092
0.42,80.0000053209953,80.0002005584854,394,0.5720003843307495
0.45,79.9999987478234,80.00020671968205,394,0.5797500610351562
0.48,79.99999898244151,80.00022043741333,394,0.5883044600486755
0.51,79.99999913882849,80.00023523340207,394,0.5976702570915222
0.54,80.00000015661038,80.00025239330432,394,0.6078508496284485
0.5700000000000001,79.99999694533254,80.00026724228194,394,0.6188465356826782
0.6,79.99999858974186,80.00028928066791,394,0.6306547522544861
0.63,79.9999989811336,80.00031279492264,394,0.6432706117630005
0.66,79.99999725581247,80.00033717244123,394,0.6566863059997559
0.6900000000000001,79.99999666624538,80.00036573837473,394,0.6708922982215881
0.72,80.0000019027134,80.00040304929172,394,0.6858764290809631
0.75,80.00000107929463,80.00043701739284,394,0.7016250491142273
0.78,79.99999852607155,80.00047167109926,394,0.7181223630905151
0.81,80.00000058810508,80.00051322945163,394,0.735351026058197
0.84,80.0000021443648,80.00055659549076,394,0.7532921433448792
0.87,80.000007346159,80.00060596505274,394,0.7719252109527588
0.9,80.00000155711128,80.00064682742722,394,0.7912283539772034
0.93,80.00000195365153,80.00069660852844,394,0.8111785650253296
0.96,79.99999986116369,80.0007465117224,394,0.83175128698349
0.99,80.00000461048049,80.00080592450591,394,0.8529211282730103
1.02,79.9999983942341,80.00085680393641,394,0.8746615648269653
1.05,80.00000033693546,80.00091823420948,394,0.896945059299469
1.08,80.00000125206573,80.00098063662199,394,0.9197431206703186
1.11,80.00000061693773,80.0010432359657,394,0.9430265426635742
1.1400000000000001,79.9999985427899,80.00110576979334,394,0.9667652249336243
1.17,80.0000006193447,80.00117368894514,394,0.9909284710884094
1.2,80.00000246410082,80.00124216253639,394,1.0154849290847778
1.23,79.99999885481019,80.00130602723452,394,1.0404024124145508
1.26,80.0000018312802,80.00137713353051,394,1.0656485557556152
1.29,79.99999477309377,80.001438810493,394,1.0911903381347656
1.32,80.00000252840194,80.00151586193438,394,1.1169943809509277
1.35,80.00000079063908,80.00158397388927,394,1.14302659034729
1.3800000000000001,79.99999882215299,80.00165238635668,394,1.1692532300949097
1.41,79.99999875495537,80.00172315426505,394,1.195639729499817
1.44,79.99999668302874,80.00179248160288,394,1.222151279449463
1.47,80.0000000200152,80.00186774263567,394,1.248753309249878
1.5,80.00000111033722,80.00194135781967,394,1.2754110097885132
1.53,80.00000049462876,80.00215778249682,404,1.3020896911621094
1.56,79.99999743031024,80.00253400589426,426,1.32875394821167
1.59,79.99999634301344,80.00261061425415,426,1.3553690910339355
1.62,79.99999429345726,80.00268660436366,426,1.3819001913070679
1.6500000000000001,80.00000128380749,80.00292902590556,434,1.4083125591278076
1.68,79.99999852617671,80.00300651715638,434,1.434571623802185
1.71,79.99999986436991,80.00308876980758,434,1.4606430530548096
1.74,80.00000144065649,80.0031786113936,434,1.4864927530288696
1.77,80.00000333185258,80.00330782081343,435,1.5120867490768433
1.8,80.00000048715975,80.00338974828588,435,1.5373917818069458
1.83,80.00000592174479,80.00347648293679,435,1.5623725652694702
1.86,79.99999624220953,80.00355130350023,435,1.58699369430542
1.8900000000000001,80.00000279758491,80.00352018915336,427,1.6112183332443237
1.92,79.99999870196187,80.00364696631576,427,1.6350089311599731
1.95,80.00000335339939,80.00393455082504,427,1.6583282947540283
1.98,79.99999654977658,80.00452707757886,427,1.6811389923095703
2.0100000000000002,79.9999973320207,80.00485288054465,429,1.7034043073654175
2.04,80.00000297545058,80.00518547528011,443,1.7250887155532837
2.07,79.99999946043899,80.00530461234096,443,1.746159315109253
2.1,80.00000270509913,80.00571210298217,443,1.7665845155715942
2.13,79.9999987662355,80.00670749376991,443,1.7863364219665527
2.16,80.00000200614183,80.00697319028288,443,1.805391788482666
2.19,80.00000111363059,80.00723822732417,443,1.8237342834472656
2.22,80.00000412742797,80.00732908645926,443,1.8413584232330322
2.25,80.0000005500795,80.0050513599659,413,1.858276128768921
2.2800000000000002,80.00000140345713,80.0049977026195,411,1.8745290040969849
2.31,79.99999730137372,80.00506817369248,411,1.890205979347229
2.34,79.99999998263296,80.00549319622182,423,1.905476450920105
2.37,79.99999955984191,80.00562364099815,427,1.9206469058990479
2.4,80.00000159973511,80.00575333562608,429,1.9362848997116089
2.43,80.00000077434505,80.00608304505607,441,1.9535166025161743
2.46,79.9999994918296,80.00621617679691,443,1.9748879671096802
2.49,79.99999716198559,80.00629599178127,443,2.006866931915283
2.52,79.99999949480419,80.00638113201495,443,2.059361219406128
2.5500000000000003,79.99999803219515,80.00646368637237,443,2.1245720386505127
2.58,79.99999721023693,80.00654908110066,443,2.1910674571990967
2.61,80.00000199150557,80.00658085597773,443,2.2569706439971924
2.64,80.00000281309863,80.00561893035271,443,2.3221137523651123
2.67,80.00000261999445,80.00517099604737,443,2.3864474296569824
2.7,80.00000244820708,80.00526204432347,443,2.4499268531799316
2.73,79.99999958411034,80.00564217328666,443,2.5125060081481934
2.7600000000000002,79.99999911116342,80.00630245341256,443,2.5741350650787354
2.79,80.00000080950524,80.0070996782572,443,2.6347646713256836
2.82,80.00000234091121,80.00739843300042,443,2.694342613220215
2.85,80.00000255981848,80.00746826016143,443,2.7528178691864014
2.88,80.00000642153988,80.00753192159414,443,2.810136079788208
2.91,79.99999827306421,80.00758448159755,443,2.8662452697753906
2.94,79.9999980782898,80.0065203248722,432,2.9210915565490723
2.97,79.9999946323229,80.00635500250927,429,2.9746217727661133
3.0,80.00000061199657,80.00633453577107,429,3.0267837047576904
3.0300000000000002,80.00000179029512,80.00591280995708,429,3.0775249004364014
3.06,80.00000648187702,80.00584247388863,429,3.126793622970581
3.09,80.00000064486493,80.0059252113939,429,3.1745405197143555
3.12,79.99999665767041,80.0060524360484,429,3.2207162380218506
3.15,79.99999895296267,80.00629837419847,429,3.265273094177246
3.18,79.99999785590774,80.00695195913437,429,3.3081655502319336
3.21,79.99999724866862,80.00786564697316,429,3.349348306655884
3.24,80.00000271565239,80.00809399883042,429,3.3887786865234375
3.27,79.99999567600186,80.0081445277302,429,3.4264163970947266
3.3000000000000003,79.99999970402826,80.00821570313481,429,3.46222186088562
3.33,80.00000105633796,80.00832702003,429,3.496159076690674
3.36,80.00000023403732,80.00823846629586,425,3.528193473815918
3.39,79.99999896757922,80.00682957713832,415,3.558292865753174
3.42,79.99999637277932,80.00737911933459,413,3.5864269733428955
3.45,80.00000510726291,80.00760421546886,413,3.6125690937042236
3.48,79.9999966903511,80.00771765892961,413,3.6366937160491943
3.5100000000000002,79.99999839290425,80.00783432590791,413,3.6587796211242676
3.54,80.00000047730433,80.00778847825909,413,3.6788079738616943
3.5700000000000003,79.99999860228847,80.00759721630577,412,3.696763515472412
3.6,79.9999984623122,80.00656583113896,406,3.7126362323760986
3.63,80.00000201192935,80.00540571524904,401,3.7264206409454346
3.66,79.9999992526865,80.005493298656,401,3.7381157875061035
3.69,79.9999969472449,80.0056741206352,399,3.7477240562438965
3.72,80.00000501602152,80.00584386803482,399,3.7552530765533447
3.75,80.00000136953108,80.00601391306078,399,3.760714530944824
3.7800000000000002,79.99999940668587,80.00625242735113,399,3.764124631881714
3.81,80.00000120828494,80.00642622911234,391,3.7655029296875
3.84,79.99999512139179,80.00688085309216,393,3.7648727893829346
3.87,80.00000031181959,80.00718277359374,393,3.7622623443603516
3.9,79.99999478903347,80.00763197736416,407,3.757702350616455
3.93,79.99999811647353,80.00710773200025,403,3.7512283325195312
3.96,79.99999685435662,80.00658687379538,399,3.7428786754608154
3.99,79.9999990994592,80.00679268399507,399,3.7326953411102295
4.0200000000000005,79.99999974828891,80.0070095594205,399,3.720723867416382
4.05,80.00000320482819,80.00726985541424,399,3.7070131301879883
4.08,80.00000363028207,80.00758867335942,399,3.6916143894195557
4.11,79.99999825553384,80.00796432869966,405,3.6745831966400146
4.14,80.00000131199599,80.0081393059105,411,3.6559762954711914
4.17,79.99999859520358,80.00861372087356,419,3.6358540058135986
4.2,79.99999875371826,80.00972747216572,429,3.614274740219116
4.23,80.00000333308537,80.01096834949655,429,3.5912981033325195
4.26,80.00000315994366,80.01135395192485,429,3.566983222961426
4.29,79.99999655771168,80.01151959217557,429,3.541388511657715
4.32,79.99999985605706,80.01169537034477,429,3.514571189880371
4.3500000000000005,80.00000402001217,80.01076395191087,428,3.486588716506958
4.38,80.00000380349512,80.00917968466865,420,3.4574992656707764
4.41,79.99999964536494,80.00944644031826,421,3.4273602962493896
4.44,79.99999973503196,80.00968828087512,421,3.396230697631836
4.47,80.00000407408822,80.00993851601082,419,3.3641715049743652
4.5,80.00000179648637,80.01016416336611,417,3.3312456607818604
4.53,80.00000202166974,80.01060550993523,427,3.297518253326416
4.5600000000000005,79.99999607073698,80.01082099110623,427,3.263056516647339
4.59,80.00000469661354,80.01112912871491,427,3.2279281616210938
4.62,79.99999450301192,80.01133895752001,427,3.1922037601470947
4.65,79.9999996218574,80.01185074041963,445,3.1559553146362305
4.68,80.00000346249418,80.01211001101994,449,3.1192567348480225
4.71,79.99999890032947,80.01232717631461,449,3.0821826457977295
4.74,79.99999974619577,80.0126078459019,449,3.0448100566864014
4.7700000000000005,79.99999443607292,80.0132174289159,449,3.007216453552246
4.8,79.99999726867952,80.01402445573534,449,2.969480514526367
4.83,79.999999743207,80.01445668073276,451,2.9316818714141846
4.86,79.9999981683758,80.01510575090767,451,2.89389705657959
4.89,79.99999770205653,80.01327491810524,435,2.8561995029449463
4.92,79.99999727311487,80.01412161659931,437,2.8186604976654053
4.95,79.99999897263551,80.01456481309822,427,2.781348943710327
4.98,79.99999659919905,80.01553820178204,429,2.7443301677703857
5.01,80.00000239512856,80.01628460946394,429,2.7076680660247803
5.04,80.0000060859703,80.0169573051501,427,2.671424150466919
5.07,79.99999953324404,80.01552121844757,421,2.635657548904419
5.1000000000000005,80.00000193645097,80.01527446702322,415,2.6004257202148438
5.13,80.00000252380859,80.01623931196805,413,2.5657832622528076
5.16,80.00000701914202,80.01653600819961,413,2.5317840576171875
5.19,79.99999651829572,80.01695493305387,413,2.498478889465332
5.22,80.0000024777001,80.01620063862146,407,2.465916156768799
5.25,80.00000156505416,80.01275470297352,397,2.4341423511505127
5.28,79.99999470013893,80.01303253267156,397,2.4032015800476074
5.3100000000000005,80.0000029732331,80.01312583304697,411,2.3731348514556885
5.34,79.99999890671329,80.01321807314146,409,2.343980550765991
5.37,80.0000030547539,80.01352687507823,409,2.31577467918396
5.4,80.00000069523843,80.01386348576348,409,2.2885518074035645
5.43,80.00000312391124,80.0142550597276,409,2.262342929840088
5.46,80.00000137263277,80.01473134308004,409,2.237177610397339
5.49,80.00000106718724,80.01542985337821,409,2.2130815982818604
5.5200000000000005,79.99999692770074,80.01683649671993,409,2.1900746822357178
5.55,79.99999997924019,80.01888288247959,409,2.1681675910949707
5.58,80.00000283374212,80.02052264060599,410,2.1473498344421387
5.61,79.99999774896165,80.02207234932978,410,2.127573013305664
5.64,79.99999831285815,80.02231359590691,400,2.108712673187256
5.67,79.99999903727661,80.02115698854263,391,2.0905025005340576
5.7,80.00000060361228,80.02061622099922,387,2.0724034309387207
5.73,80.00000445763779,80.02143339268201,385,2.0532987117767334
5.76,79.99999544070289,80.02269584661384,385,2.0306413173675537
5.79,79.99999967702256,80.02304856710478,385,1.9979413747787476
5.82,79.99999839435625,80.02239850671928,403,1.9450644254684448
5.8500000000000005,80.0000045758854,80.02308423283898,403,1.8804618120193481
5.88,80.00000079581159,80.02386314148842,397,1.8167182207107544
5.91,80.00000457307357,80.02388570792768,383,1.7559436559677124
5.94,79.99999978528851,80.02478135868999,383,1.6982523202896118
5.97,79.99999902279725,80.02525465931825,377,1.6435916423797607
6.0,80.00000387538815,80.02579884932628,377,1.59189772605896
6.03,80.0000034694497,80.02584041859161,363,1.543108582496643
6.0600000000000005,80.00000352112174,80.0266060308435,360,1.4971665143966675
6.09,79.99999785340938,80.02753637991339,366,1.4540159702301025
6.12,80.00000382731743,80.02830358387033,372,1.413604497909546
6.15,80.00000169313594,80.02906521667936,378,1.3758817911148071
6.18,79.99999623105867,80.030151282305,378,1.3407994508743286
6.21,79.99999585032927,80.03231835730051,378,1.308310866355896
6.24,80.00000403720911,80.03426246525233,378,1.2783712148666382
6.2700000000000005,79.99999512040887,80.03450111176018,370,1.2509371042251587
6.3,79.99999931500365,80.03503906189913,366,1.2259650230407715
6.33,79.999995074376,80.03401886534529,358,1.2034133672714233
6.36,80.00000626622939,80.03040374574644,354,1.1832412481307983
6.390000000000001,79.99999869122774,80.03064105957134,352,1.165407657623291
6.42,80.0000005992365,80.03140341717128,352,1.1498726606369019
6.45,80.0000040130834,80.03219734006979,352,1.1365963220596313
6.48,79.99999903282612,80.03303010522349,352,1.12553870677948
6.51,80.00000128378709,80.03398867512233,352,1.1166605949401855
6.54,80.00000036546457,80.03510297751848,358,1.109922170639038
6.57,79.99999668851304,80.03622495653552,358,1.1052842140197754
6.6000000000000005,79.9999990152918,80.03670794838618,352,1.102706789970398
6.63,79.9999940124205,80.03683010804419,344,1.1021502017974854
6.66,79.99999517040625,80.03709415541296,344,1.1035743951797485
6.69,79.9999988607827,80.03798192763857,344,1.1069387197494507
6.72,80.00000137793073,80.03982502776717,344,1.1122024059295654
6.75,79.99999428679735,80.04103156876094,346,1.1193238496780396
6.78,80.00000157405978,80.04192998516382,352,1.1282614469528198
6.8100000000000005,79.99999862122392,80.0422443734046,350,1.1389721632003784
6.84,79.99999144935177,80.04025232326823,346,1.1514127254486084
6.87,79.99999822167443,80.04015567275567,345,1.1655386686325073
6.9,80.0000028716999,80.04084153034633,347,1.1813045740127563
6.93,79.9999969670919,80.04168346488946,351,1.1986638307571411
6.96,80.00000535583321,80.04258272298863,353,1.2175689935684204
6.99,80.00000257080922,80.04335168283895,357,1.2379709482192993
7.0200000000000005,80.00000281619052,80.0445862489006,357,1.2598193883895874
7.05,80.00000512515608,80.04698987379125,357,1.2830634117126465
7.08,80.00000250006919,80.04862848923013,357,1.3076494932174683
7.11,79.99999725594942,80.04976790693257,361,1.3335238695144653
7.140000000000001,79.99999587454234,80.05044681423104,371,1.3606312274932861
7.17,79.99999852607098,80.04839703459186,366,1.3889148235321045
7.2,80.00000022015739,80.04614725732456,360,1.4183160066604614
7.23,80.00000553958515,80.04574986746451,358,1.4487755298614502
7.26,79.99999897395384,80.0449752409837,346,1.480232834815979
7.29,79.99999107561356,80.04413075923118,335,1.51262629032135
7.32,79.99999630521052,80.04330060766033,329,1.5458927154541016
7.3500000000000005,80.00000022484215,80.04305396970632,327,1.5799678564071655
7.38,80.00000073235468,80.04297766481707,325,1.6147866249084473
7.41,80.00000287814451,80.0423788767568,309,1.6502829790115356
7.44,79.99999942125581,80.04249138389628,309,1.6863899230957031
7.47,80.000001219465,80.04312062273492,309,1.7230401039123535
7.5,80.0000016070553,80.0450575381637,317,1.7601664066314697
7.53,80.00000123438447,80.04614949969582,317,1.7977067232131958
7.5600000000000005,79.99999329756632,80.04714729358658,317,1.835618495941162
7.59,80.00000214554882,80.04671084002207,307,1.8739490509033203
7.62,80.00000532697945,80.04815136884973,309,1.9131473302841187
7.65,80.00000383598251,80.05098203101062,311,1.9555710554122925
7.68,79.9999969175548,80.05356680289634,311,2.0126700401306152
7.71,80.00000012501158,80.0553423639345,311,2.1020314693450928
7.74,80.0000036018817,80.0555896022937,307,2.2014689445495605
7.7700000000000005,80.00000210462032,80.05111645297374,305,2.302149772644043
7.8,79.99999839826985,80.0463743463911,299,2.403715133666992
7.83,79.99999669581102,80.04423243981712,321,2.506063938140869
7.86,80.00000047048248,80.04525283582608,321,2.609091281890869
7.890000000000001,80.00000113460138,80.04665316390495,320,2.7126851081848145
7.92,79.99999791895375,80.0500924201587,309,2.8167262077331543
7.95,80.00000111434588,80.05152415117045,313,2.921088695526123
7.98,80.00000402538244,80.05222579509146,313,3.0256407260894775
8.01,80.00000152962899,80.05072905129349,321,3.1302449703216553
8.040000000000001,80.00000291926997,80.05243625855687,323,3.2347586154937744
8.07,79.99999696989029,80.05447221748788,323,3.339036226272583
8.1,80.00000126844091,80.05481094688818,323,3.4429280757904053
8.13,79.99999735395545,80.05463264259497,321,3.5462818145751953
8.16,79.9999941102351,80.05069085879265,315,3.6489434242248535
8.19,79.99999951997515,80.04621629552736,313,3.7507548332214355
8.22,79.99999877947229,80.04554749505272,305,3.8515586853027344
8.25,80.00000213675935,80.04509501905335,299,3.950993776321411
8.28,79.99999373285914,80.04479628428375,299,4.010221481323242
8.31,79.99999974514017,80.04224139582794,287,4.016282081604004
8.34,79.99999627500164,80.0404635946488,287,4.0163655281066895
8.370000000000001,80.0000048677085,80.03870826266682,287,4.015471935272217
8.4,80.00000409054552,80.03699390672799,287,4.014381408691406
8.43,79.99999984065876,80.03503939763159,287,4.013240337371826
8.46,79.99999736803167,80.03382255035051,301,4.012078762054443
8.49,80.00000582053354,80.03239902093786,303,4.010904788970947
8.52,79.99999235871644,80.03227986719565,307,4.0097198486328125
8.55,79.99999728377573,80.03305346059018,312,4.008525371551514
8.58,80.0000087838997,80.03347035124439,311,4.007321834564209
8.61,79.9999981093493,80.03383083618797,313,4.00610876083374
8.64,79.99999248598468,80.03338581573242,313,4.004883766174316
8.67,80.00000094039477,80.03288400277825,315,4.003645420074463
8.700000000000001,80.00000424144307,80.03166369323853,311,4.002390384674072
8.73,80.00000632177962,80.03128143191873,311,4.001116752624512
8.76,79.9999929238487,80.03112920975947,311,3.999818801879883
8.790000000000001,79.99999741046277,80.03090233054793,305,3.99849271774292
8.82,79.99999922469846,80.03068644271688,299,3.9971323013305664
8.85,79.99999617946861,80.03022485823453,293,3.9957315921783447
8.88,80.00000150839243,80.03012483833568,289,3.994281530380249
8.91,79.99999619251646,80.03002897681407,289,3.9927730560302734
8.94,79.99999273511013,80.02992769949594,291,3.9911937713623047
8.97,79.99999813932237,80.02991146362672,301,3.9895288944244385
9.0,80.00000281827967,80.02914463936136,301,3.987759828567505
9.03,79.99999884353606,80.02822334132688,301,3.9858627319335938
9.06,79.99999577843015,80.02928297888418,301,3.9838061332702637
9.09,79.9999917626331,80.02972113928521,307,3.981548309326172
9.120000000000001,80.00000051070741,80.02919004967606,307,3.979032278060913
9.15,80.0000012632617,80.02766843584344,303,3.9761791229248047
9.18,80.0000019593395,80.02238434430119,299,3.9728760719299316
9.21,80.0000007485579,80.0191499908903,293,3.968960762023926
9.24,80.00000027412496,80.01797905535082,291,3.9641952514648438
9.27,79.99999958768726,80.01730817755288,291,3.958240032196045
9.3,80.00000777517809,80.0161923753531,285,3.9506309032440186
9.33,79.99999324991008,80.01655543017364,285,3.9407951831817627
9.36,80.00000032904697,80.01728530876771,286,3.9281363487243652
9.39,79.99999700885512,80.01722529248475,286,3.9121689796447754
9.42,80.00000248531143,80.01786825206324,286,3.8926048278808594
9.450000000000001,79.99999704620326,80.01824797378106,286,3.8693253993988037
9.48,80.00000245755763,80.01939123822861,280,3.8423080444335938
9.51,79.9999967809484,80.02100558723801,278,3.8115649223327637
9.540000000000001,80.00000616717281,80.02270829360764,280,3.7771191596984863
9.57,79.9999992964123,80.02733749300236,286,3.739001512527466
9.6,79.99999689521303,80.02894812881617,286,3.697246551513672
9.63,79.99999762219754,80.03033712559953,286,3.651893377304077
9.66,79.99999822211394,80.0318994275407,292,3.6029858589172363
9.69,79.99999919815046,80.03294999246651,298,3.5505735874176025
9.72,79.99999988658514,80.03426868377322,300,3.4947102069854736
9.75,80.0000040713481,80.03314882822072,298,3.4354538917541504
9.78,79.99999817294247,80.03019723566929,298,3.3728690147399902
9.81,79.99999992154113,80.02909499191536,294,3.3070228099823
9.84,79.99999978876143,80.02602996167121,288,3.237989664077759
9.870000000000001,79.99999885789549,80.02170741587827,282,3.1658475399017334
9.9,79.99999932364013,80.02082527313584,282,3.090679168701172
9.93,80.00000264399809,80.02056658859097,282,3.0125722885131836
9.96,80.00000194733299,80.02134420481767,282,2.9316189289093018
9.99,79.99999794704134,80.02313291908403,282,2.8479156494140625
10.02,79.99999674302214,80.02565539091428,282,2.761564016342163
10.05,79.99999783947975,80.02951318092234,270,2.6726701259613037
10.08,79.99999734817155,80.03256130099483,270,2.581343650817871
10.11,80.00000530613677,80.03584317004731,270,2.487698793411255
10.14,80.00000118852145,80.03724234872152,282,2.3918545246124268
10.17,80.00000481562718,80.03949614399896,280,2.293931722640991
10.200000000000001,80.00000049586178,80.03865527886717,279,2.194054126739502
10.23,80.00000322171184,80.03908452028692,277,2.0920941829681396
10.26,79.99999890107829,80.03883971811214,277,1.975706696510315
10.290000000000001,80.00000363216563,80.03965670113743,279,1.8176432847976685
10.32,80.00000883858611,80.04205002622082,300,1.6589306592941284
10.35,79.9999964564186,80.04462794918436,315,1.503663420677185
10.38,80.00000270896406,80.04521836497761,318,1.3519079685211182
10.41,79.99999701146378,80.04572364773679,314,1.2037242650985718
10.44,80.00000143893374,80.04599421327079,312,1.0591777563095093
10.47,79.9999987592655,80.0466465145692,306,0.9183380007743835
10.5,79.99999921767721,80.04819822894268,302,0.781277060508728
10.53,80.00000144650002,80.05019413343007,315,0.648068904876709
10.56,80.00000258507208,80.0525401063932,315,0.5187897682189941
10.59,79.99999296143439,80.05172315699376,302,0.3935179114341736
10.620000000000001,79.99999390957665,80.05199845482929,308,0.2723335027694702
10.65,80.00000370978572,80.05181316685659,308,0.15531793236732483
10.68,80.00000182141713,80.0485923281867,296,0.042553264647722244
10.71,80.00000062604467,80.04883112206753,296,-0.06587845832109451
10.74,79.99999663479976,80.04956514380058,296,-0.16989588737487793
10.77,79.99999791558238,80.05219900490918,296,-0.2694208025932312
10.8,79.99999581929237,80.05518943167623,296,-0.3643800616264343
10.83,79.99999758109696,80.0570023762649,296,-0.4547060430049896
10.86,79.99999865739497,80.06010238698092,296,-0.5403366088867188
10.89,80.00000052984305,80.05572371460391,285,-0.6212151646614075
10.92,80.00000437346894,80.05785242156733,289,-0.6972907185554504
10.950000000000001,80.0000028884407,80.05791386222691,290,-0.7685176134109497
10.98,80.00000319742092,80.05598756783137,292,-0.8348561525344849
11.01,79.99999962577932,80.05290341156676,287,-0.8962737321853638
11.040000000000001,79.99999632340214,80.05257310922813,295,-0.9527466297149658
11.07,79.99999873256081,80.05355656637731,283,-1.0042603015899658
11.1,79.9999999115195,80.05610235174015,275,-1.0508086681365967
11.13,79.99999548030104,80.05493777087665,271,-1.0923943519592285
11.16,79.9999938463638,80.05144811189004,271,-1.129028081893921
11.19,80.00000029656238,80.04609581288793,253,-1.1607282161712646
11.22,80.00000279617986,80.04479261819077,255,-1.187520146369934
11.25,80.00000012965039,80.04438443829069,267,-1.2094367742538452
11.28,79.99999715968333,80.04440825039288,265,-1.226517915725708
11.31,80.0000037546816,80.04628158306146,265,-1.2388092279434204
11.34,79.99999711448,80.04747896794554,265,-1.2463631629943848
11.370000000000001,79.99999702321391,80.04862896817436,271,-1.2492387294769287
11.4,79.99999984900208,80.05043094467716,281,-1.2474995851516724
11.43,79.99999921598334,80.05145230073902,283,-1.241215705871582
11.46,80.00000582071908,80.05158228102447,281,-1.2304625511169434
11.49,79.9999963541895,80.05221928849409,277,-1.2153209447860718
11.52,79.9999972544045,80.05294945344667,277,-1.195877194404602
11.55,80.00000298794619,80.05367760278283,273,-1.172222375869751
11.58,80.00000072017563,80.05551904935255,269,-1.1444536447525024
11.61,79.99999933894567,80.05607050105047,265,-1.112671971321106
11.64,79.99999886336876,80.05707970952982,265,-1.0769832134246826
11.67,79.99999747278697,80.05776791249781,265,-1.0374971628189087
11.700000000000001,80.00000383458747,80.05979477097502,267,-0.9943275451660156
11.73,79.99999744193723,80.06239219099533,267,-0.9475913047790527
11.76,79.99999993276097,80.06712429185876,267,-0.8974077105522156
11.790000000000001,80.00000118656001,80.06709932645101,261,-0.8438981175422668
11.82,80.00000270430422,80.0675497341178,259,-0.7871853709220886
11.85,79.9999984454862,80.06430250698872,255,-0.7273936867713928
11.88,80.00000593769613,80.05841333320701,253,-0.6646479368209839
11.91,79.99999831729868,80.05857309952744,239,-0.5990739464759827
11.94,79.99999403213715,80.06135772654517,239,-0.5307976603507996
11.97,79.99999585585462,80.06451028127326,243,-0.4599452316761017
12.0,80.0000022614976,80.06674868981806,245,-0.3866426646709442
12.030000000000001,79.99999968993335,80.06803207305195,247,-0.3110155463218689
12.06,79.9999993319444,80.06870624746638,247,-0.23318906128406525
12.09,80.00000196590393,80.0701795451717,247,-0.15328781306743622
12.120000000000001,79.99999974841218,80.07338781338457,249,-0.07143566757440567
12.15,80.00000296975841,80.07570550509774,255,0.012244214303791523
12.18,80.00000173858022,80.0771447655483,251,0.09762958437204361
12.21,79.99999749310828,80.08123334691456,251,0.1845991611480713
12.24,80.00000138470422,80.08620770705134,255,0.2730327248573303
12.27,80.00000335343947,80.09068935749038,255,0.36281126737594604
12.3,79.99999857968446,80.0950073234882,255,0.4538169503211975
12.33,79.99999759151761,80.09790619853106,247,0.5459333062171936
12.36,79.99999529595544,80.09782929249258,243,0.6390452980995178
12.39,79.9999986805441,80.09821962568894,243,0.7330393195152283
12.42,80.00000449408836,80.09889096003918,241,0.8278032541275024
12.450000000000001,80.00000513041198,80.10264195474059,229,0.9232264757156372
12.48,80.00000319096395,80.10580569176035,229,1.0192004442214966
12.51,80.00000295476015,80.10743450334373,227,1.1156176328659058
12.540000000000001,80.00000308612921,80.10681392883225,229,1.2123724222183228
12.57,80.00000012192126,80.10660594291524,229,1.309361219406128
12.6,79.99999903929006,80.10191677785737,231,1.406481385231018
12.63,80.0000041823055,80.09876372676038,230,1.5036321878433228
12.66,79.99999952681218,80.09725719990121,232,1.6007144451141357
12.69,80.00000492978651,80.09215575547864,234,1.6976310014724731
12.72,79.9999974066993,80.08501435794304,230,1.794290542602539
12.75,80.00000130021331,80.07739729115471,228,1.890764594078064
12.780000000000001,80.00000371013058,80.07115145501399,228,1.9930483102798462
12.81,80.00000234108397,80.06537031479041,228,2.1379733085632324
12.84,80.00000036318141,80.0615768170444,232,2.296337127685547
12.870000000000001,79.9999961378283,80.05930236523008,240,2.4568469524383545
12.9,80.00000826793794,80.0542365735786,240,2.619337320327759
12.93,80.0000024325877,80.04914935946933,230,2.783681631088257
12.96,80.00000244313792,80.0421919589518,229,2.949747323989868
12.99,80.00000272095629,80.04084807727736,229,3.1173954010009766
13.02,79.99999791900343,80.04158864911832,229,3.286482095718384
13.05,79.99999495525962,80.03819384813023,230,3.4568583965301514
13.08,80.00000485409004,80.03443625971498,227,3.628370523452759
13.11,80.00000319173141,80.02028595782731,207,3.8008601665496826
13.14,80.00000856901826,80.01314899607003,209,3.9736697673797607
13.17,80.00000186409932,80.00510347754765,203,4.058322906494141
13.200000000000001,79.99999118000987,79.99646415686264,203,4.11060094833374
13.23,80.00000384317359,79.98791065015277,203,4.161340713500977
13.26,79.99999652967867,79.9854845461572,209,4.210728168487549
13.290000000000001,80.00000150748357,79.98315060127983,213,4.258655548095703
13.32,79.99999695998625,79.98412960522427,214,4.305018901824951
13.35,80.00000223699438,79.98309998897571,216,4.3497233390808105
13.38,80.00000269623439,79.98063296290033,218,4.392679214477539
13.41,80.0000000290955,79.9772436928254,216,4.433804035186768
13.44,80.00000321503964,79.97821469960594,216,4.473019599914551
13.47,79.99999872512063,79.9815361638054,218,4.510255813598633
13.5,80.00000038963607,79.98118047284551,210,4.545444965362549
13.530000000000001,79.9999959107201,79.98316036659445,208,4.578522682189941
13.56,79.99999314876993,79.98373406120828,212,4.6094279289245605
13.59,79.99999743758707,79.9849640788174,210,4.638103008270264
13.620000000000001,80.0000021783474,79.98549779770846,208,4.664493083953857
13.65,80.00000702386852,79.98419036493203,194,4.688546180725098
13.68,80.0000116868783,79.98655884364966,210,4.710213661193848
13.71,79.99999637060641,79.98495423219315,205,4.729449272155762
13.74,79.99999690606352,79.9837896657253,219,4.74621057510376
13.77,80.00000345499916,79.98039151569965,213,4.760459899902344
13.8,80.00000361254742,79.97857446516294,209,4.772159576416016
13.83,80.00000176315302,79.97499326794552,209,4.781278610229492
13.86,80.00000231677929,79.9726769717089,211,4.787787437438965
13.89,79.99999779561827,79.97229308981687,211,4.791660308837891
13.92,80.00000219541896,79.97292190672812,211,4.792875289916992
13.950000000000001,80.00000239995309,79.97379968542887,211,4.791411399841309
13.98,80.000007562484,79.9724371095416,199,4.787254333496094
14.01,79.99999966196556,79.97578861606252,199,4.780392646789551
14.040000000000001,80.00000795929728,79.97993772979123,199,4.770815372467041
14.07,80.00000330159808,79.98615810090345,199,4.758519172668457
14.1,79.99999688066626,79.99264492629247,201,4.743499755859375
14.13,79.99999844823625,79.99662207599614,196,4.725757122039795
14.16,79.99999715689071,79.99923518575189,193,4.705293655395508
14.19,80.00001037929661,80.00285286815844,191,4.682114124298096
14.22,80.000000906977,80.00812364707387,199,4.656227111816406
14.25,80.00000925575753,80.01437582028531,199,4.627641201019287
14.280000000000001,80.00000402601928,80.01967498798064,199,4.596369743347168
14.31,80.00000659876576,80.0217938565981,196,4.5624260902404785
14.34,80.0000017085806,80.02133831113896,192,4.525828838348389
14.370000000000001,80.0000059875628,80.02506291813755,191,4.486597061157227
14.4,79.99999628528046,80.03017817145313,190,4.444751262664795
14.43,79.99999815287562,80.0328336355549,192,4.400318622589111
14.46,79.9999952423967,80.03544030383586,192,4.353325843811035
14.49,80.00000135240523,80.0372759237815,192,4.303805351257324
14.52,79.99999827700601,80.04069510186639,189,4.251792907714844
14.55,79.99999820869579,80.04374933841316,177,4.197327136993408
14.58,80.0000023209949,80.04511340021553,175,4.140451431274414
14.61,80.00000675828542,80.04654170553643,175,4.081239700317383
14.64,79.99999886328989,80.04640392260868,173,4.022892951965332
14.67,79.99999881744466,80.0469025766796,175,3.999793291091919
14.700000000000001,80.00000008400642,80.05413404284973,175,3.99645733833313
14.73,79.99999643959431,80.05967433350106,173,3.994586229324341
14.76,80.00000456004642,80.06368208444354,173,3.992759943008423
14.790000000000001,79.99999868329017,80.06532853603714,173,3.9908673763275146
14.82,80.00000284750433,80.06499364537517,157,3.988877296447754
14.85,80.00000361012165,80.06325766875248,149,3.9867587089538574
14.88,80.00000184734186,80.06331842842602,149,3.984471559524536
14.91,80.00000229000337,80.0623657331218,151,3.981964111328125
14.94,80.00000824769879,80.06009423989232,151,3.979163885116577
14.97,80.00001105858867,80.0569580198589,151,3.9759693145751953
15.0,79.99999615863267,80.05450787924792,151,3.9722321033477783
15.030000000000001,79.99999825114475,80.05018175580534,151,3.967736005783081
15.06,79.9999953820046,80.04809022204289,145,3.9621598720550537
15.09,79.99999390386982,80.04396947555988,145,3.955044984817505
15.120000000000001,80.00000305304343,80.03893022160787,151,3.945781946182251
15.15,80.00000186289209,80.0340947003169,149,3.9336767196655273
15.18,80.00000266702891,80.02904785700429,147,3.918102502822876
15.21,79.99999985953309,80.02869882370422,143,3.8986446857452393
15.24,79.99999920374124,80.0358323196626,137,3.8751158714294434
15.27,79.9999982580409,80.03626004958194,139,3.8474652767181396
15.3,79.99999211554815,80.03605189821569,143,3.815695285797119
15.33,79.99999850790117,80.03553141043831,143,3.779822587966919
15.36,79.99999833703106,80.03171017874588,141,3.739870071411133
15.39,79.9999971500706,80.02674074650145,144,3.695864200592041
15.42,79.99999936918168,80.02039791908932,144,3.6478350162506104
15.450000000000001,80.00000113321566,80.01330888394303,144,3.5958170890808105
15.48,79.99999999025435,80.00634083731299,144,3.539849042892456
15.51,80.00000511237737,80.00292213290848,148,3.4799740314483643
15.540000000000001,79.99999859123294,79.99947106904285,148,3.4162404537200928
15.57,79.99999864182747,79.9958854674097,150,3.348700523376465
15.6,80.00000019773339,79.99379774264999,150,3.277411699295044
15.63,80.00000525363653,79.99137613754212,152,3.2024362087249756
15.66,79.9999985660161,79.9850240827597,152,3.1238415241241455
15.69,79.9999965775147,79.97802173421047,157,3.0416994094848633
15.72,80.00000230233256,79.97392781495883,149,2.956087827682495
15.75,80.00000275324125,79.97935578216642,157,2.8670895099639893
15.780000000000001,79.99999915086488,79.98292610498511,159,2.7747910022735596
15.81,80.00000106465644,79.98434447652156,157,2.679285764694214
15.84,80.00000246632239,79.98528066893289,161,2.5806708335876465
15.870000000000001,79.99999792002151,79.98730055684928,163,2.4790492057800293
15.9,79.99999732283213,79.99264282271093,163,2.3745293617248535
15.93,80.0000024325592,79.99925827905888,161,2.2672228813171387
15.96,80.00000653008283,80.00437767813273,165,2.157231569290161
15.99,80.00000273815279,79.99700357942548,153,2.0430779457092285
16.02,79.9999987170756,79.9880358194508,153,1.8920799493789673
16.05,79.99999850184001,79.99363120706155,153,1.720583438873291
16.080000000000002,79.99999826939025,80.00097135506168,153,1.5518742799758911
16.11,79.99999885929851,80.00697131296612,152,1.3861885070800781
16.14,80.00000140639358,80.00919321899981,151,1.2235913276672363
16.17,79.99999908610856,80.00556384508283,149,1.0641533136367798
16.2,80.00000278313937,79.99852475998215,147,0.9079495072364807
16.23,80.00000356348525,79.99989544752754,153,0.7550595998764038
16.26,79.99999502945387,80.00814074017894,150,0.6055675745010376
16.29,80.00000753698589,80.02904150293375,148,0.4595603942871094
16.32,80.00000434327832,80.0520081300933,140,0.3171272575855255
16.35,79.99999988720538,80.06687207726588,140,0.17835913598537445
16.38,80.00000005882627,80.07792695116886,142,0.043347880244255066
16.41,80.00000386813485,80.08606702245349,142,-0.08781428635120392
16.44,79.99999773359752,80.09178668150908,156,-0.21503537893295288
16.47,80.00000470795348,80.09281870448595,156,-0.3382241129875183
16.5,80.00000401835698,80.08778346802828,154,-0.45729050040245056
16.53,80.0000072075984,80.08120627379901,160,-0.5721462368965149
16.56,80.00000245488887,80.08466820798694,162,-0.6827055811882019
16.59,80.00000350208961,80.08424523613837,162,-0.7888879776000977
16.62,80.00000428024003,80.08376429504605,162,-0.8906195163726807
16.65,80.00000229505774,80.08734283380126,157,-0.9878326654434204
16.68,79.99999820022697,80.0976735597422,149,-1.080466628074646
16.71,80.00000469308004,80.10425745687932,149,-1.1684666872024536
16.740000000000002,79.99999809411683,80.10880694753982,145,-1.2517852783203125
16.77,79.99999984300344,80.1133889760476,143,-1.3303800821304321
16.8,80.00000711353064,80.11670890676488,154,-1.4042160511016846
16.830000000000002,79.99999949972107,80.12126364472472,152,-1.4732630252838135
16.86,80.00000875314811,80.12523079670775,154,-1.5374985933303833
16.89,79.99999388249579,80.12695595889787,156,-1.596904993057251
16.92,80.00000527566473,80.13167086351761,153,-1.6514711380004883
16.95,80.00000347708644,80.13297262924326,152,-1.7011921405792236
16.98,80.00000659543875,80.13366141102415,153,-1.746069073677063
17.01,80.00000579074232,80.12932893433685,154,-1.7861136198043823
17.04,79.99999878487986,80.12543201827985,155,-1.8213539123535156
17.07,80.0000013118254,80.12678717713014,155,-1.8518563508987427
17.1,80.00001005811576,80.13183955081226,155,-1.8777605295181274
17.13,80.00000467548313,80.14289348493988,157,-1.8993208408355713
17.16,80.0000090671907,80.15013277286653,169,-1.9169161319732666
17.19,80.00000678511113,80.15544492146358,169,-1.9309895038604736
17.22,80.00000113878278,80.16195395090072,171,-1.941920518875122
17.25,80.00000114557908,80.1667447949623,169,-1.9498673677444458
17.28,80.00000443984347,80.1706593487011,169,-1.9546159505844116
17.31,80.00000401684294,80.17406061723027,169,-1.9554647207260132
17.34,80.00000580533964,80.17986041968602,167,-1.9512436389923096
17.37,80.0000025293617,80.19056798906524,168,-1.9406794309616089
17.400000000000002,80.0000003335995,80.19904704035498,172,-1.92316734790802
17.43,80.00000407791883,80.20489059553248,172,-1.899214267730713
17.46,80.00001109192955,80.21069455635869,172,-1.8698471784591675
17.490000000000002,80.00000390523986,80.21748740989905,164,-1.8358536958694458
17.52,80.00000168863342,80.23007592538467,164,-1.7976428270339966
17.55,80.0000018705006,80.24447292279203,164,-1.755409836769104
17.580000000000002,80.00000661025004,80.25865740487758,164,-1.7092708349227905
17.61,80.00000390932408,80.2675319965259,162,-1.6593198776245117
17.64,80.00000170535662,80.2753296232954,162,-1.6056486368179321
17.67,80.00000581691613,80.28310169510833,163,-1.5483505725860596
17.7,80.00000105603769,80.28934055031465,159,-1.4875221252441406
17.73,80.00000391562966,80.29438078698496,157,-1.4232635498046875
17.76,80.0000024501866,80.29619431236307,157,-1.3556790351867676
17.79,79.99999874801462,80.2967738260457,159,-1.2848769426345825
17.82,79.99999946530632,80.2983975008315,159,-1.2109696865081787
17.85,80.00000694880293,80.30112086212601,159,-1.1340731382369995
17.88,80.00000386264384,80.3043538692265,161,-1.054305911064148
17.91,80.00000002376215,80.30848659842994,163,-0.9717893600463867
17.94,79.99999845796617,80.30996011355914,163,-0.8866472840309143
17.97,80.00000127879446,80.31165970607118,163,-0.799005389213562
18.0,80.00000815151756,80.31451463874373,161,-0.7089908123016357
18.03,79.99999799912689,80.31789344405263,161,-0.6167321801185608
18.06,79.99999767324907,80.3202407808974,161,-0.522358775138855
18.09,80.0000079674666,80.32252413379624,161,-0.42600083351135254
18.12,80.00000473281673,80.32659101075254,161,-0.327788770198822
18.150000000000002,80.00000055772304,80.33467907722974,163,-0.22785313427448273
18.18,80.00000008671938,80.3454723150455,163,-0.12632443010807037
18.21,79.99999744541832,80.35878258325396,167,-0.02333281934261322
18.240000000000002,80.00001000920855,80.36977745104166,167,0.08099200576543808
18.27,80.00000378729163,80.38240372070075,169,0.18652096390724182
18.3,80.0000027938317,80.39814280911153,169,0.2931256592273712
18.330000000000002,80.00000012586965,80.4144541895793,169,0.4006785452365875
18.36,79.99999533386661,80.43220888451023,173,0.5090530514717102
18.39,80.00000123894156,80.4486161749101,170,0.6181236505508423
18.42,79.99999729590063,80.46435972006896,169,0.727765679359436
18.45,80.0000000654385,80.47746291029296,159,0.8378556370735168
18.48,79.99999588285337,80.49604279452801,163,0.9482713341712952
18.51,79.99999336522919,80.5079135000431,169,1.0588914155960083
18.54,80.00000691425949,80.51766123516222,167,1.169596552848816
18.57,79.99999075870181,80.52888880551896,167,1.2802678346633911
18.6,79.99999692239433,80.53903542877006,167,1.3907885551452637
18.63,79.99999419929841,80.55266743788695,172,1.5010429620742798
18.66,79.9999948677743,80.56208260274556,172,1.610917329788208
18.69,80.00000178748785,80.55967763191641,170,1.720299243927002
18.72,80.00000734515937,80.54790587895795,172,1.829093337059021
18.75,80.0000058096326,80.53631456374762,174,1.938063383102417
18.78,79.99999860740292,80.52583746115818,174,2.0725581645965576
18.81,79.99999976625948,80.52318389780969,166,2.2410194873809814
18.84,79.99999813202808,80.51817331180142,158,2.4122509956359863
18.87,80.00000467565039,80.50646181035049,150,2.5854809284210205
18.900000000000002,80.00000171772082,80.48917928253377,148,2.7605597972869873
18.93,80.00000598231132,80.47259911444394,150,2.937331438064575
18.96,80.00000740497356,80.45626276193286,158,3.1156349182128906
18.990000000000002,79.99999447058386,80.44123317501736,156,3.295304536819458
19.02,79.99999569320374,80.4259115847323,156,3.4761693477630615
19.05,80.00000515668243,80.41265672446292,156,3.658052444458008
19.080000000000002,79.9999866118988,80.40336094998204,158,3.840773582458496
19.11,80.00000425580753,80.39008800794787,158,4.013565540313721
19.14,80.00000388777613,80.3736002737729,156,4.082913875579834
19.17,79.99999682225092,80.34876429546227,163,4.143754959106445
19.2,79.99999962414593,80.32479158631396,163,4.202852249145508
19.23,80.00000903499456,80.3003211107649,165,4.2601213455200195
19.26,79.9999933279676,80.27363353184424,167,4.3154473304748535
19.29,79.99999823930685,80.25381185988167,163,4.368720531463623
19.32,80.00000535740146,80.23155203802278,160,4.419839859008789
19.35,80.00000192532094,80.21012295737779,160,4.468710422515869
19.38,79.99999724159949,80.18924148621697,158,4.515243053436279
19.41,79.9999968108834,80.18092413367522,158,4.559354782104492
19.44,80.00000094268512,80.19037818812728,178,4.600968360900879
19.47,80.00000481151672,80.18983968176468,173,4.640013694763184
19.5,79.99999754105708,80.19018059050535,173,4.6764235496521
19.53,80.00000085519613,80.18851350670829,171,4.71013879776001
19.56,80.00000482707438,80.18154278564242,171,4.741102695465088
19.59,79.9999955693747,80.1766929552277,171,4.769266128540039
19.62,79.99999708139664,80.17368398513146,173,4.794584274291992
19.650000000000002,79.99999497545365,80.17002050451939,175,4.817016124725342
19.68,80.00000087446548,80.17395019873334,175,4.836524486541748
19.71,80.00000140620845,80.18187728639577,187,4.853079795837402
19.740000000000002,79.99999730000964,80.1904979324116,186,4.866654396057129
19.77,79.99999930567726,80.19134951246298,186,4.877226829528809
19.8,80.00000232841724,80.18851518071736,184,4.884779453277588
19.830000000000002,80.00000025023591,80.19668787421422,182,4.889297962188721
19.86,79.9999997249257,80.20386397620966,184,4.890772819519043
19.89,80.0000061753816,80.21025633106026,184,4.889199256896973
19.92,79.99999709537516,80.21594484615743,184,4.884573936462402
19.95,79.99999670400832,80.21838214211037,185,4.8769001960754395
19.98,80.00000089645451,80.22008711059621,187,4.866184711456299
20.01,79.99999940023764,80.22400898712758,185,4.852436542510986
20.04,80.00000133398797,80.22866381802585,185,4.835669994354248
20.07,80.00000397553595,80.23022396789021,187,4.815901279449463
20.1,79.99999621524216,80.23163002775001,188,4.793151378631592
20.13,79.99999874004982,80.23498543509076,190,4.767443656921387
20.16,79.99999996880781,80.24277416020871,190,4.738805294036865
20.19,79.99999807497024,80.25271872633287,190,4.707268238067627
20.22,80.00000387360198,80.26305836818646,191,4.6728644371032715
20.25,80.0000001260423,80.27231370867207,191,4.635631084442139
20.28,80.00000601132226,80.27948636720842,193,4.595607280731201
20.31,80.00000284732776,80.2863315034068,193,4.552835941314697
20.34,80.00000262468973,80.29412182961012,192,4.507361888885498
20.37,80.00000002663252,80.3049374495076,185,4.459230422973633
20.400000000000002,80.00000311517536,80.31697475306684,184,4.408488750457764
20.43,80.00000499471389,80.33005085574268,181,4.355187892913818
20.46,79.99999480196733,80.34132865198707,177,4.299380302429199
20.490000000000002,79.99999596990499,80.35124179828667,174,4.241118431091309
20.52,79.99999749550891,80.35808930195002,161,4.180455684661865
20.55,79.99999106531143,80.36035493245849,167,4.11745023727417
20.580000000000002,79.99999718464495,80.35620819274372,165,4.052410125732422
20.61,80.00000435136852,80.35480726788259,171,4.003717422485352
20.64,80.00000689432785,80.35630883076406,175,3.9955809116363525
20.67,80.00000046785361,80.36292784369081,177,3.993332624435425
20.7,79.99999880040457,80.37086220806252,171,3.991405725479126
20.73,80.00000134558144,80.37807906349117,171,3.989414691925049
20.76,80.00000315150928,80.38053479952859,173,3.9873030185699463
20.79,80.00000380533147,80.38129811019508,175,3.985029458999634
20.82,79.99999822180116,80.38183577845,175,3.9825427532196045
20.85,79.99999396836911,80.3809805313713,176,3.9797723293304443
20.88,79.99999651400371,80.38271149303628,174,3.976619243621826
20.91,80.00000156503432,80.37928158600627,183,3.972939968109131
20.94,79.99999859186866,80.3743562423758,180,3.9685232639312744
20.97,79.99999569152736,80.37187171885255,180,3.9630544185638428
21.0,79.99999660667793,80.3734423689972,180,3.9560787677764893
21.03,80.00000179904883,80.37646710368007,172,3.946984052658081
21.06,79.99999716475583,80.37293907105892,165,3.9350547790527344
21.09,79.99999917837779,80.36194420086652,163,3.919628620147705
21.12,79.99998831891892,80.3477381745618,161,3.9002537727355957
21.150000000000002,80.00000051856318,80.34290288116054,159,3.876721143722534
21.18,79.99999146022544,80.34249916132008,165,3.8489725589752197
21.21,80.00000622567131,80.35249824098089,159,3.8170084953308105
21.240000000000002,79.99999018774176,80.35186594542225,151,3.780848264694214
21.27,79.99999898029621,80.34576762241082,153,3.7405169010162354
21.3,79.99999722655366,80.34610001192972,151,3.696042776107788
21.330000000000002,80.00000137960502,80.346641887682,152,3.6474595069885254
21.36,80.00000443861865,80.34727154766175,150,3.594802141189575
21.39,79.99999587187922,80.34992054542766,152,3.538112163543701
21.42,79.9999936610683,80.34923038172883,152,3.4774327278137207
21.45,80.00000070622141,80.35056773730022,154,3.412811756134033
21.48,80.00000466453882,80.36047825036002,156,3.344301223754883
21.51,79.99999915205012,80.36416857642332,160,3.271955728530884
21.54,79.99999682656954,80.37158119878742,162,3.195835590362549
21.57,79.99999739973644,80.37562983213887,164,3.116004467010498
21.6,80.0000000263489,80.38279205660864,162,3.032531261444092
21.63,79.99999974148336,80.39020168044927,160,2.945488929748535
21.66,79.99999798581331,80.40014910785557,158,2.854954957962036
21.69,80.0000034580278,80.41484614946346,158,2.7610116004943848
21.72,80.00000283503425,80.4301183272478,160,2.6637465953826904
21.75,79.99999685894275,80.43456147992168,158,2.56325101852417
21.78,80.00000153668041,80.42988288697414,156,2.4596219062805176
21.81,79.9999987495588,80.42107366012065,152,2.3529605865478516
21.84,80.00000510075576,80.42009426975558,152,2.243373394012451
21.87,79.9999951707041,80.41105359675326,154,2.1309263706207275
21.900000000000002,80.00000241788666,80.4131353130559,156,2.011094093322754
21.93,80.00000104044227,80.41553511064063,158,1.846420168876648
21.96,79.99999877443425,80.42756152563553,158,1.6732726097106934
21.990000000000002,79.99999936915312,80.4366642843432,161,1.5029346942901611
22.02,79.99999811971904,80.44613900701998,164,1.335495948791504
22.05,80.00000880681436,80.44355028196617,160,1.1710203886032104
22.080000000000002,80.000002947471,80.42556623969438,162,1.0095765590667725
22.11,80.0000042377263,80.41441713629659,156,0.8512386679649353
22.14,79.99999916998199,80.40566138163126,156,0.6960853934288025
22.17,80.00000329854956,80.3989056326633,156,0.5441997647285461
22.2,80.00000072703209,80.39783007181988,162,0.3956676125526428
22.23,80.00000862131685,80.40632722280769,166,0.25057774782180786
22.26,79.99999839712433,80.4155347315319,168,0.10902057588100433
22.29,80.00000232670698,80.4188796168673,160,-0.02891220524907112
22.32,79.99999727741668,80.42011592815037,160,-0.1631283462047577
22.35,80.00000311185043,80.42075376649365,163,-0.2935355007648468
22.38,80.0000021028891,80.40744177635986,161,-0.4200417101383209
22.41,79.99999413804804,80.38929345426841,171,-0.5425559282302856
22.44,79.99999637493889,80.36735313279338,170,-0.6609885692596436
22.47,79.99999339728046,80.35137192246818,174,-0.7752522826194763
22.5,79.99999402581402,80.33682319055491,175,-0.885265052318573
22.53,79.99999805372616,80.32819636900449,173,-0.9909509420394897
22.56,79.99999313577142,80.32256668693498,191,-1.092240333557129
22.59,80.00000023329389,80.31579402387148,193,-1.189069390296936
22.62,79.99999603709827,80.30622414621597,195,-1.281380295753479
22.650000000000002,80.00000077924784,80.29606864569875,195,-1.3691211938858032
22.68,80.00000387666483,80.2884790822509,195,-1.4522461891174316
22.71,80.0000015429674,80.28160788547619,196,-1.5307154655456543
22.740000000000002,80.00000221209044,80.27645481550113,198,-1.6044944524765015
22.77,80.00000046386678,80.27222281725913,197,-1.6735551357269287
22.8,79.99999813236079,80.27527570408073,195,-1.7378755807876587
22.830000000000002,79.99999626362299,80.2844420233156,193,-1.7974457740783691
22.86,79.99999856451079,80.29878948723216,193,-1.8523097038269043
22.89,79.99999369176534,80.31861200248518,195,-1.9028352499008179
22.92,79.99999717103923,80.33663761851194,201,-1.9512426853179932
22.95,80.00000465430382,80.34533398720099,203,-2.008683204650879
22.98,80.00000338065647,80.3534321930002,201,-2.0937249660491943
23.01,79.99999632176596,80.36903015492429,204,-2.1854193210601807
23.04,80.00000416846359,80.38731344859642,204,-2.27364444732666
23.07,79.99999933629827,80.40377493402377,203,-2.357882022857666
23.1,79.99999676888982,80.4175183061384,201,-2.437997341156006
23.13,80.00000283373075,80.42594238154726,206,-2.513866662979126
23.16,79.99999500483239,80.43172346136136,204,-2.5853686332702637
23.19,80.00000461469799,80.43344191228427,208,-2.6523849964141846
23.22,79.99999920170342,80.43348361837603,209,-2.7148001194000244
23.25,80.00000454035722,80.42878829508565,209,-2.772501230239868
23.28,80.00000078473343,80.42817254543861,208,-2.8253796100616455
23.31,79.9999988897958,80.42869837435765,208,-2.8733303546905518
23.34,80.00000244799897,80.4358112409276,206,-2.916253089904785
23.37,80.00000368508981,80.4511073137503,203,-2.9540510177612305
23.400000000000002,80.00000168853656,80.46758098832547,198,-2.98663067817688
23.43,80.00000606967286,80.48048142873718,193,-3.013902425765991
23.46,79.99999826863012,80.48815793900813,191,-3.035778522491455
23.490000000000002,79.9999932641164,80.49539607560807,189,-3.0521745681762695
23.52,80.00000092860947,80.50230032132059,192,-3.063009738922119
23.55,79.99999972597175,80.51229783572093,190,-3.0682055950164795
23.580000000000002,80.00000297330719,80.51468068140136,186,-3.0676870346069336
23.61,79.99999736217138,80.51727768379038,186,-3.061382532119751
23.64,80.00000309329229,80.52559556399211,182,-3.0492234230041504
23.67,79.99999954912404,80.53695447441595,182,-3.0311455726623535
23.7,79.99999640045394,80.55086655233525,182,-3.007089138031006
23.73,80.00000302742993,80.55597411448622,181,-2.976998805999756
23.76,80.00000057855024,80.55951816911697,180,-2.940823793411255
23.79,80.00000182125126,80.56096895391283,180,-2.8985178470611572
23.82,80.0000043140475,80.56138153608613,178,-2.850041151046753
23.85,79.99999808390011,80.56743552687756,180,-2.795358419418335
23.88,80.00000508406143,80.56642926812076,180,-2.7344417572021484
23.91,80.00000175785577,80.56801968702607,180,-2.6672699451446533
23.94,79.9999955801574,80.5729470267894,180,-2.59382963180542
23.97,80.0000018109081,80.58333444255413,180,-2.5141143798828125
24.0,79.99999587878598,80.59455539478253,175,-2.4281256198883057
24.03,80.0000058313559,80.60752790293618,173,-2.3358726501464844
24.060000000000002,79.99999536892743,80.6225573030361,171,-2.2373714447021484
24.09,80.00000325499107,80.63331762767163,167,-2.1326024532318115
24.12,79.99999694040898,80.63472108635078,161,-2.017730712890625
24.150000000000002,79.99999947934383,80.63508776787683,161,-1.8556255102157593
24.18,80.00000057740705,80.63373770755469,163,-1.6792340278625488
24.21,80.0000063478802,80.63187710444875,165,-1.5020781755447388
24.240000000000002,80.00000191458467,80.63093861923781,165,-1.3243014812469482
24.27,79.99999923249429,80.63498571406333,171,-1.146012544631958
24.3,80.00000212342977,80.6350736227854,175,-0.9673268795013428
24.330000000000002,80.0000020230549,80.63849775317856,175,-0.7883663773536682
24.36,80.00000348542648,80.64322355938292,175,-0.609258770942688
24.39,79.9999972624547,80.64524615359882,177,-0.43013638257980347
24.42,79.99999750566514,80.63666527257378,179,-0.2511357367038727
24.45,80.0000027400751,80.62557116680765,181,-0.0723964124917984
24.48,80.0000074358859,80.61527396451794,181,0.10593922436237335
24.51,79.99999289343876,80.60911133001935,179,0.2837267220020294
24.54,80.00000081945518,80.61130241129878,179,0.4608200192451477
24.57,79.99999602156484,80.61615437521286,179,0.6370721459388733
24.6,79.99999606586708,80.62160041485602,179,0.8123354315757751
24.63,79.99999113365156,80.62833208430632,181,0.9864619970321655
24.66,79.99999034792957,80.6446869589731,182,1.1593046188354492
24.69,80.00000084542313,80.66067217995686,176,1.3307158946990967
24.72,79.9999989299852,80.66291246737698,173,1.5005501508712769
24.75,80.00001395109855,80.66286982564733,173,1.668662667274475
24.78,80.00000551013645,80.66502740849117,173,1.8349218368530273
24.810000000000002,79.99999549168685,80.6722272624113,171,2.0041983127593994
24.84,80.00000606616128,80.67716658602626,179,2.2224724292755127
24.87,80.00000423955846,80.68061224105817,176,2.44928240776062
24.900000000000002,79.9999999132274,80.66821895599494,184,2.6784281730651855
24.93,80.00000790927908,80.65448269600314,188,2.9096896648406982
24.96,80.000000693997,80.63433387096201,194,3.1428415775299072
24.990000000000002,79.9999998550203,80.60814295689534,192,3.377652406692505
25.02,80.00000125153477,80.57889123351757,188,3.6138834953308105
25.05,79.99999715166443,80.55157309654928,183,3.851289749145508
25.080000000000002,80.00000075154126,80.52871401184115,178,4.052698612213135
25.11,80.00000245264053,80.51549927414288,180,4.168814659118652
25.14,80.00000343415009,80.51189904208518,182,4.2816243171691895
25.17,79.99999499234889,80.50801742447945,185,4.391252040863037
25.2,80.00000606777891,80.50654231265963,189,4.497549057006836
25.23,79.99999584679006,80.49277534803079,193,4.600378036499023
25.26,80.0000000221328,80.48043394083575,195,4.69960880279541
25.29,80.00001010205966,80.48357407015051,199,4.795121669769287
25.32,79.99999817728764,80.4907830003076,201,4.886803150177002
25.35,79.99999837036381,80.49122083854466,207,4.974550247192383
25.38,79.99999620392538,80.49618867956373,211,5.058266639709473
25.41,79.99999963618698,80.51091633467233,213,5.137864589691162
25.44,79.999998008402,80.53777213500472,211,5.213263988494873
25.47,79.99999779279648,80.56449342354087,209,5.284390449523926
25.5,80.00000292281618,80.59000769086072,205,5.351180076599121
25.53,79.99999591280056,80.61031482708663,201,5.413573741912842
25.560000000000002,79.99999360012393,80.62307735118438,203,5.471517086029053
25.59,79.9999991782564,80.64032793614722,203,5.524965286254883
25.62,80.00000274497656,80.65909739296275,205,5.573880195617676
25.650000000000002,80.00000451292587,80.66897018393935,209,5.618229866027832
25.68,80.00000494473832,80.67789021501052,209,5.657986164093018
25.71,80.00000165268308,80.68473051585643,216,5.693130016326904
25.740000000000002,80.00000338532492,80.69119691743855,216,5.72364616394043
25.77,80.00000265745865,80.69725423253287,216,5.749526023864746
25.8,80.00000036798639,80.70442586161442,216,5.770766258239746
25.830000000000002,80.00000414531505,80.71103740600496,216,5.787369728088379
25.86,80.00000183783168,80.7159311158265,217,5.79934549331665
25.89,80.0000038783684,80.71841806415854,217,5.806705951690674
25.92,80.00000375161206,80.72144073351235,217,5.809469223022461
25.95,80.00000101362392,80.72556421072187,217,5.80765962600708
25.98,79.99999906569204,80.73348762205133,214,5.801306247711182
26.01,79.99999391592456,80.7411529942633,213,5.790441513061523
26.04,79.99999564535483,80.7454242729335,211,5.775103569030762
26.07,80.0000008951577,80.75283028668348,215,5.755335330963135
26.1,80.00000376889635,80.76199183040964,215,5.731180667877197
26.13,80.00000206137103,80.77647027266522,207,5.702688694000244
26.16,79.99999943040574,80.79530068004263,205,5.669909477233887
26.19,80.00000053391116,80.81839434586026,197,5.632896900177002
26.22,79.99999932836059,80.83443504843864,197,5.5917067527771
26.25,80.00000312021403,80.84386339268427,191,5.5463948249816895
26.28,79.99999684411836,80.8514830834668,191,5.497021198272705
26.310000000000002,79.99999476964523,80.85513116371538,187,5.443645000457764
26.34,80.00000714518112,80.85689788996905,190,5.386327743530273
26.37,79.99999915077072,80.85898222495283,188,5.325131416320801
26.400000000000002,79.9999959651066,80.85986603273318,184,5.2601213455200195
26.43,79.99999951295739,80.85930971737488,184,5.19136381149292
26.46,80.00000374463761,80.85616591926697,179,5.118927955627441
26.490000000000002,80.00000310441312,80.85695891884794,183,5.042886734008789
26.52,80.00000242467488,80.86069374056865,182,4.963313579559326
26.55,79.9999994938516,80.86329011158638,182,4.88028621673584
26.580000000000002,80.00000189349562,80.86105163651686,180,4.793883323669434
26.61,79.99999812633398,80.8529282506174,178,4.704188823699951
26.64,79.99999935799642,80.84950710009441,178,4.611288070678711
26.67,80.00000974611696,80.85873267096719,185,4.515269756317139
26.7,79.999995932951,80.87244357816664,187,4.416226387023926
26.73,79.99998978625126,80.87770576595199,183,4.31425142288208
26.76,80.00000000110848,80.88008567742179,181,4.20944356918335
26.79,79.99999866103099,80.88469340862096,181,4.101905345916748
26.82,80.00000408909268,80.89141414073802,183,4.000842094421387
26.85,79.99999908863545,80.89950971015298,187,3.975221872329712
26.88,80.0000037393447,80.90927707695707,185,3.9645416736602783
26.91,80.0000058450354,80.90951996741299,185,3.953669309616089
26.94,80.0000007171749,80.91327809613063,191,3.9398796558380127
26.97,79.99999235705712,80.91866604368138,191,3.9216766357421875
27.0,79.99999960794418,80.92668158177851,187,3.8982057571411133
27.03,80.00000283035968,80.9288964723653,184,3.8691368103027344
27.060000000000002,80.00000544312023,80.93934639666668,180,3.8344037532806396
27.09,79.99999928057707,80.93746768883429,178,3.7940194606781006
27.12,79.99999762925117,80.93993782245951,176,3.7480099201202393
27.150000000000002,80.00000422033928,80.94396183333546,184,3.6964056491851807
27.18,79.9999993939111,80.9498763474631,198,3.63924241065979
27.21,79.99999633034918,80.94970456343019,204,3.576558828353882
27.240000000000002,79.99999912224368,80.95676200740424,204,3.5083987712860107
27.27,79.99999941578434,80.96975731245897,204,3.434812307357788
27.3,80.00000293674746,80.9777289325155,202,3.3558547496795654
27.330000000000002,80.00000092424999,80.9860348649557,201,3.2715883255004883
27.36,80.00000008768826,80.99620933787702,199,3.1820826530456543
27.39,80.0000038040096,81.00201821415116,201,3.087415933609009
27.42,80.00000061576374,80.99939808734806,199,2.9876739978790283
27.45,79.99999735583373,80.99667293448552,197,2.882950782775879
27.48,79.9999971476506,80.99070126134312,191,2.7733469009399414
27.51,79.99999691413086,80.98127835803248,191,2.6589713096618652
27.54,80.00000438337317,80.97024550761252,185,2.5399398803710938
27.57,80.00000022753869,80.96141806632612,185,2.4163765907287598
27.6,80.0000081005811,80.96920214465598,185,2.288412094116211
27.63,80.00000213823023,80.97732208320039,185,2.1561713218688965
27.66,79.9999975905394,80.97735635727987,183,2.016531229019165
27.69,80.00000162657554,80.97725818635757,183,1.829683780670166
27.72,80.00000176031195,80.98242819774482,183,1.6333398818969727
27.75,80.00000273238643,80.99962917795415,179,1.4392025470733643
27.78,80.00000732771669,81.03356160694982,174,1.2473995685577393
27.810000000000002,80.00000506798453,81.05635555850235,168,1.058048129081726
27.84,80.00000338381119,81.07352718975976,166,0.8712700009346008
27.87,80.00000097964985,81.09111731516731,164,0.6871896982192993
27.900000000000002,79.99999609683988,81.10096667285002,164,0.5059341192245483
27.93,79.99999727656369,81.11840308896487,170,0.32763102650642395
27.96,80.00000130700907,81.13608053738093,170,0.15240895748138428
27.990000000000002,80.00000373385785,81.13747119856393,167,-0.019603479653596878
28.02,79.99999920744138,81.14007015825139,169,-0.188278466463089
28.05,80.00000375906097,81.14361531957677,169,-0.35348930954933167
28.080000000000002,80.0000063476602,81.13843332853635,177,-0.5151112079620361
28.11,79.99998882468616,81.1309640148529,181,-0.6730207800865173
28.14,80.00000457998813,81.11815304495978,184,-0.8270955681800842
28.17,79.999997773351,81.10131066856997,186,-0.9772145748138428
28.2,79.99999306183284,81.08698464440536,182,-1.1232578754425049
28.23,79.9999959432058,81.08239340163743,180,-1.2651079893112183
28.26,79.99999858633286,81.07490370026476,184,-1.4026492834091187
28.29,79.99999525083217,81.0537174599827,192,-1.535768985748291
28.32,79.99999537043628,81.02974926220192,196,-1.664357304573059
28.35,79.99999876086153,81.01023544531728,198,-1.7883106470108032
28.38,79.99999420412266,80.99008882715025,200,-1.9077850580215454
28.41,79.99999691763293,80.96913734295006,206,-2.0377659797668457
28.44,80.00000695350894,80.95626152581973,213,-2.206960678100586
28.47,80.00000434435763,80.95194161317774,217,-2.3767316341400146
28.5,79.99999553629297,80.94159506281899,215,-2.5444583892822266
28.53,79.99999898046524,80.92958393769233,216,-2.709902763366699
28.560000000000002,79.99999922022583,80.91588434043491,219,-2.872828245162964
28.59,79.99999705007934,80.89319938075893,218,-3.033000946044922
28.62,79.99999821915796,80.86724745033132,222,-3.1901869773864746
28.650000000000002,80.0000010086354,80.8487237821916,226,-3.344156503677368
28.68,79.99999431921628,80.83809743508576,229,-3.494680166244507
28.71,79.99999026077023,80.8281147811291,225,-3.6415319442749023
28.740000000000002,79.9999984878054,80.82416458189705,225,-3.7844882011413574
28.77,80.00000153218834,80.8203009130276,227,-3.923314332962036
28.8,80.00000159146678,80.81232149115404,225,-4.020402908325195
28.830000000000002,79.99999947963913,80.8050207905594,227,-4.039683818817139
28.86,80.00000125885019,80.80493447465092,229,-4.047161102294922
28.89,80.00000080821033,80.80990257810535,225,-4.048458099365234
28.92,79.99999673377137,80.81234935942496,228,-4.0448784828186035
28.95,80.00000104651976,80.81598526161132,231,-4.0376200675964355
28.98,80.00000016836186,80.82061506716992,234,-4.028804779052734
29.01,80.00000247598535,80.83088175163994,232,-4.021224021911621
29.04,80.00000348219451,80.84462369751915,232,-4.015984535217285
29.07,79.99999337488927,80.85549241272771,232,-4.0122270584106445
29.1,79.99999902761387,80.86105211056885,225,-4.009111404418945
29.13,79.99999838401686,80.86897478106002,226,-4.006285667419434
29.16,79.99999885835618,80.88234824114895,226,-4.003607273101807
29.19,79.99999811740896,80.9007996136549,226,-4.000998497009277
29.22,79.99999919762556,80.9211528792299,222,-3.9983997344970703
29.25,79.99999555024665,80.93075323077127,219,-3.995757579803467
29.28,80.0000025073006,80.93868132326104,219,-3.9930145740509033
29.310000000000002,79.99999682906687,80.95068183836476,217,-3.9901044368743896
29.34,80.00000427741553,80.96555796927632,215,-3.9869401454925537
29.37,80.00000133094792,80.98163637197854,213,-3.983400583267212
29.400000000000002,80.00000174710918,80.99845877194574,219,-3.9793052673339844
29.43,80.00000147322339,81.01090455044951,219,-3.974369525909424
29.46,80.00000489195313,81.0213545805251,217,-3.9681315422058105
29.490000000000002,80.00000271362335,81.03289859754443,216,-3.9598445892333984
29.52,80.00000143853998,81.04377322662017,212,-3.9483890533447266
29.55,79.99999571997525,81.05178900681896,212,-3.932380437850952
29.580000000000002,80.00000121114145,81.04635857781547,213,-3.910604238510132
29.61,79.99999824259237,81.0430663890847,213,-3.8823933601379395
29.64,79.99999931688754,81.03821321735276,213,-3.847534656524658
29.67,79.99999917422835,81.03630121192067,208,-3.8059892654418945
29.7,80.00000416434463,81.03487082183881,208,-3.7577574253082275
29.73,79.99999983121586,81.02846221230261,208,-3.702847719192505
29.76,80.00000389965835,81.011269066193,206,-3.6412718296051025
29.79,80.00000164552682,80.9899932908456,200,-3.5730466842651367
29.82,80.00000217005197,80.97224329551634,200,-3.4981930255889893
29.85,80.00000389290634,80.95404541705386,202,-3.4167351722717285
29.88,80.00000320953606,80.92972079801015,202,-3.328702449798584
29.91,80.00000213041204,80.91036331268457,196,-3.2341291904449463
29.94,80.00000172479503,80.88311009219579,204,-3.133053779602051
29.97,80.0000036429028,80.85400738787845,206,-3.025521993637085
30.0,80.00000461349198,80.8235801194746,206,-2.9115846157073975
30.03,80.00000048630235,80.79396876359309,209,-2.7912981510162354
30.060000000000002,79.99999962540313,80.77073731423143,207,-2.664726495742798
30.09,79.999997484819,80.75532258326416,207,-2.5319395065307617
30.12,79.9999974050824,80.75036379115377,207,-2.3930134773254395
30.150000000000002,79.99999852055676,80.75096544727415,206,-2.248032569885254
30.18,80.00000196473387,80.75512111630141,206,-2.0969583988189697
30.21,80.00000251038578,80.76101380557981,206,-1.9180107116699219
30.240000000000002,79.99999934196278,80.76659653541253,214,-1.701228380203247
30.27,79.99999468214111,80.76439970250804,214,-1.4849097728729248
30.3,80.00000575857821,80.76903697957427,212,-1.2695611715316772
30.330000000000002,79.99999975578837,80.77451023904446,212,-1.0552960634231567
30.36,79.99999344453033,80.77551679110267,214,-0.8422354459762573
30.39,80.00000333346219,80.77981585188094,212,-0.6305068135261536
30.42,80.00000465516092,80.78323667671019,213,-0.42024365067481995
30.45,80.00000107155354,80.7868203214503,215,-0.2115844488143921
30.48,80.0000092240789,80.78400406096405,213,-0.004671886563301086
30.51,80.00000336037819,80.77450384130105,207,0.20034751296043396
30.54,80.00000514479855,80.77309180060287,204,0.4033237397670746
30.57,79.99999419522554,80.78775348612835,196,0.6041032671928406
30.6,80.00000391616236,80.81130760639176,194,0.8025285601615906
30.63,80.00001138446325,80.82357450798527,188,0.9984400272369385
30.66,80.00000389151215,80.84344407768272,198,1.1916769742965698
30.69,80.00000045939554,80.86180872948269,200,1.3820781707763672
30.72,80.0000041013589,80.8773271983474,199,1.569483995437622
30.75,80.00000021702405,80.8974029600479,203,1.7537356615066528
30.78,80.00000509702892,80.9145574773433,207,1.9351069927215576
30.810000000000002,80.00000310989402,80.9314589576891,209,2.150094985961914
30.84,80.0000004248228,80.9543872908819,212,2.3896536827087402
30.87,79.9999968001384,80.98650887161538,210,2.6306278705596924
30.900000000000002,80.00000414086277,81.01130911584077,216,2.872728109359741
30.93,80.00000395285441,81.02378920360665,214,3.11568021774292
30.96,79.99999684722897,81.02953603123795,214,3.359203815460205
30.990000000000002,80.0000057938829,81.0327817832956,220,3.603013038635254
31.02,79.99999731692083,81.02858006764076,229,3.846817970275879
31.05,80.00000176697525,81.03142832606275,233,4.05380916595459
31.080000000000002,79.99999800514182,81.03615227167765,237,4.173722743988037
31.11,79.99999746187446,81.02988192339538,239,4.288963317871094
31.14,80.00000035103182,81.01863618344511,242,4.399629592895508
31.17,80.00000063514052,81.01039737917121,246,4.505580425262451
31.2,79.99999994226393,81.01504874277158,240,4.606683731079102
31.23,80.00000405088502,81.01718116826082,236,4.702817916870117
31.26,80.00000182646794,81.01178769887979,234,4.793871879577637
31.29,80.00000066373677,81.00285138414516,234,4.879741668701172
31.32,79.99999927415087,80.9957518115091,236,4.960331439971924
31.35,79.99999742523146,80.9881555621929,238,5.035552024841309
31.38,80.0000067249754,80.97916029985795,238,5.105320930480957
31.41,79.9999980053361,80.96947068081998,239,5.16956090927124
31.44,80.00000446840657,80.96553665624761,241,5.228203773498535
31.470000000000002,79.99999977318666,80.96734578468063,243,5.281184196472168
31.5,80.00000204978053,80.96830632212772,241,5.328446388244629
31.53,79.99999938640995,80.97325399528133,241,5.369938850402832
31.560000000000002,79.9999990409845,80.98543860595136,239,5.405616283416748
31.59,80.00000398819981,81.00326088400386,237,5.435439109802246
31.62,80.00000078436058,81.01718572077179,235,5.459376335144043
31.650000000000002,79.99999713777964,81.0321883271744,232,5.47740364074707
31.68,79.99999577629077,81.04508840361923,232,5.489504337310791
31.71,80.00000022524969,81.06015338334069,232,5.495669841766357
31.740000000000002,80.00000014145162,81.07329052339837,230,5.495902061462402
31.77,80.00000186846137,81.08640597668024,231,5.490207195281982
31.8,79.99999596072249,81.09807437830835,233,5.478602409362793
31.830000000000002,79.99999877490595,81.11409271987588,235,5.461111068725586
31.86,80.00000009107828,81.13218541567358,233,5.437765121459961
31.89,79.99999545591982,81.15318143524193,235,5.408603191375732
31.92,80.00000564925466,81.16914013935963,233,5.3736724853515625
31.95,80.0000031656091,81.18899221792256,227,5.333027362823486
31.98,80.00000112427252,81.20947305138505,221,5.286728858947754
32.01,80.00000354591452,81.23534720260743,219,5.234847545623779
32.04,80.00000531996841,81.25966182541654,221,5.177456855773926
32.07,79.99999962375097,81.28233589061874,221,5.114641189575195
32.1,80.00000237228939,81.297000588568,223,5.046489238739014
32.13,80.00000144709446,81.30522960383024,223,4.97309684753418
32.160000000000004,80.00000094175812,81.30680103660171,223,4.894566059112549
32.19,79.9999983550152,81.29894856475886,223,4.81100606918335
32.22,80.00000113036774,81.28837274285578,223,4.722529411315918
32.25,80.00000117717124,81.275134759899,219,4.629255771636963
32.28,80.00000331189317,81.26348922530757,218,4.531309127807617
32.31,80.00000487105157,81.24830596062851,222,4.4288177490234375
32.34,79.9999992006098,81.23231646578466,222,4.321914196014404
32.37,79.99999774314483,81.21134795760196,218,4.210735321044922
32.4,80.00000254718334,81.18386956960784,218,4.095422267913818
32.43,80.00000180454472,81.16423669417418,212,3.9924356937408447
32.46,80.00000225690377,81.15666821995171,213,3.966642141342163
32.49,79.99999921206846,81.15689977622675,211,3.9490034580230713
32.52,79.99999519449946,81.16118364416661,211,3.9274520874023438
32.55,79.99999271861826,81.17238886336749,212,3.8993918895721436
32.58,79.99999871500785,81.18342655075074,214,3.8640735149383545
32.61,79.99999986548852,81.1894955062053,210,3.821366548538208
32.64,80.000000386078,81.18775175162796,204,3.7712669372558594
32.67,79.99999506778728,81.18618379972057,204,3.7137861251831055
32.7,79.99999556658474,81.19086573595776,208,3.648937225341797
32.730000000000004,80.00000129401823,81.20501317498658,209,3.5767383575439453
32.76,80.0000048427573,81.21806057591719,212,3.4972143173217773
32.79,80.00000500782534,81.23183352187046,214,3.4103949069976807
32.82,80.00000282704057,81.23933364765163,220,3.316317558288574
32.85,80.00000445150107,81.24642085615876,224,3.215026378631592
32.88,80.00000246497163,81.25140948188579,238,3.1065733432769775
32.910000000000004,79.999996447999,81.26205152355357,240,2.991018772125244
32.94,79.99999987130347,81.26527152156984,244,2.868431329727173
32.97,79.99999891271239,81.25462075528118,244,2.7388885021209717
33.0,79.99999935408957,81.24186043743626,244,2.60247802734375
33.03,80.00000073581518,81.22628213133628,244,2.459296464920044
33.06,79.99999739657261,81.20607317776559,239,2.309450626373291
33.09,80.00000173268029,81.19772506908468,243,2.153045654296875
33.12,79.99999974656004,81.19103315327361,243,1.983275294303894
33.15,79.99999744314522,81.18786725758169,239,1.7616722583770752
33.18,79.99999730896778,81.19741126393073,237,1.5366322994232178
33.21,80.00000364604631,81.21287844670057,236,1.3123629093170166
33.24,80.00000194605542,81.2367789997859,231,1.0890169143676758
33.27,79.99999237805194,81.27868791220223,231,0.8667532205581665
33.3,79.99999624668015,81.32434394133568,219,0.6457364559173584
33.33,79.99999204985035,81.36490040425397,217,0.4261358082294464
33.36,79.99999848469541,81.40894549730852,216,0.2081240713596344
33.39,79.99999813655445,81.45170825578711,216,-0.008123062551021576
33.42,79.99999560184811,81.50069590030883,218,-0.22242699563503265
33.45,79.99999979030183,81.56130794457852,218,-0.4346059560775757
33.480000000000004,80.00000120012112,81.621549550399,220,-0.6444756984710693
33.51,79.99999765745451,81.69183810477931,222,-0.8518502712249756
33.54,79.9999979843831,81.78056573977436,222,-1.0565431118011475
33.57,80.00000252225696,81.8560260718891,214,-1.2583684921264648
33.6,79.9999969656409,81.91559282676678,208,-1.4571433067321777
33.63,79.99999642388694,81.94932478517647,208,-1.6526870727539062
33.660000000000004,80.00000419810203,81.96663407960511,204,-1.8448375463485718
33.69,79.99999827526685,81.99343820783847,206,-2.0443549156188965
33.72,79.9999996423886,82.00821339930958,202,-2.291215658187866
33.75,80.00000008415716,82.01219874966947,200,-2.5411081314086914
33.78,80.00000369578015,82.0218332084634,198,-2.792293071746826
33.81,79.99999987212536,82.02671279908891,200,-3.044480085372925
33.84,80.00000571060599,82.03380255897223,205,-3.297374725341797
33.87,80.00000923276863,82.04402106899472,207,-3.5506792068481445
33.9,79.99999729565243,82.03442340406892,214,-3.804091691970825
33.93,79.9999985003004,82.01839021330325,222,-4.037405490875244
33.96,80.00000261001098,82.01003548647462,224,-4.16807746887207
33.99,80.00000181621945,82.00454020961651,227,-4.293239116668701
34.02,80.0000005050537,81.9996732954794,233,-4.413607120513916
34.05,79.99999295749444,81.97533368334398,235,-4.529036521911621
34.08,80.00000045730204,81.94234980024088,237,-4.639394760131836
34.11,79.9999963630787,81.90364203796429,234,-4.744556427001953
34.14,80.00000024682153,81.86781290983963,236,-4.844403266906738
34.17,79.99999423830863,81.83184879937627,240,-4.938828468322754
34.2,79.99999529796678,81.79731310440994,241,-5.027728080749512
34.230000000000004,80.00000054128404,81.76888287331984,245,-5.111009120941162
34.26,79.99999448218556,81.74636052835054,247,-5.188582897186279
34.29,79.99999595480283,81.72419737965957,249,-5.260370254516602
34.32,79.99999817183331,81.69261153203651,255,-5.326296329498291
34.35,80.00000150521555,81.65365558771536,258,-5.386294841766357
34.38,80.000002015211,81.61667130993433,259,-5.440308570861816
34.410000000000004,79.99999837336078,81.57707006007006,257,-5.488288879394531
34.44,79.99999304120374,81.53789450770513,261,-5.53019905090332
34.47,80.00000249183739,81.50839010571957,261,-5.566011905670166
34.5,80.00000167151818,81.48340631773806,263,-5.595706462860107
34.53,79.99999704336697,81.46124994832289,261,-5.619274139404297
34.56,79.99999549514895,81.44520381212575,259,-5.636712074279785
34.59,79.99999926011837,81.4341006024263,255,-5.6480278968811035
34.62,80.00000033210354,81.42285463551394,253,-5.653235912322998
34.65,80.00000334506657,81.4093953987656,251,-5.652357578277588
34.68,80.00000319960152,81.39548944775463,247,-5.645423412322998
34.71,79.9999968664033,81.38435491719802,247,-5.6324687004089355
34.74,79.99999473747276,81.37484078178633,250,-5.6135334968566895
34.77,80.00000103366501,81.36962533917763,252,-5.588665008544922
34.800000000000004,80.00000351090706,81.36665086400043,252,-5.557916164398193
34.83,80.0000044095874,81.36198485819425,246,-5.521345138549805
34.86,80.00000599563789,81.34982572129832,250,-5.479013919830322
34.89,80.00000182280803,81.34402168401671,252,-5.430991172790527
34.92,80.00000183809796,81.33914499942182,252,-5.377352714538574
34.95,80.00000028175111,81.33947722515146,252,-5.318178653717041
34.980000000000004,79.99999698771352,81.344107539061,252,-5.253555774688721
35.01,79.99999680036734,81.34754136790549,254,-5.183574199676514
35.04,79.9999983154213,81.35317605963351,260,-5.108333110809326
35.07,79.9999980392532,81.35304579974284,266,-5.027934551239014
35.1,79.9999973820182,81.3526907797698,268,-4.9424872398376465
35.13,80.00000285419166,81.35358797402266,269,-4.852105140686035
35.160000000000004,80.00000055100621,81.35618434421627,262,-4.756908893585205
35.19,80.00000163214594,81.36275817674044,262,-4.6570234298706055
35.22,80.00000562363566,81.36823216367387,263,-4.552578926086426
35.25,79.99999941041447,81.37050669279769,257,-4.443711280822754
35.28,80.00000088210858,81.37454031981952,260,-4.330563068389893
35.31,80.00000010004366,81.37941048597399,260,-4.213277816772461
35.34,80.00000320413729,81.38299567884894,262,-4.092010498046875
35.37,79.99999726965574,81.3861162930822,262,-3.988142728805542
35.4,80.00000128308797,81.38473265776004,266,-3.9611964225769043
35.43,79.99999887806959,81.37198973813454,253,-3.939460515975952
35.46,80.00000126588058,81.35821474420389,253,-3.9126200675964355
35.49,80.00000000399925,81.34056532021337,251,-3.8788001537323
35.52,79.99999846283241,81.32300172244007,247,-3.8376598358154297
35.550000000000004,79.99999672394124,81.30192288503312,251,-3.7891781330108643
35.58,79.9999936688259,81.29177381297247,251,-3.7333719730377197
35.61,80.00000327703287,81.2864981272955,251,-3.670260429382324
35.64,79.9999993091849,81.28686112546173,249,-3.5998618602752686
35.67,80.00000092761437,81.28363562293511,248,-3.5221962928771973
35.7,79.99999725470701,81.2755453107106,247,-3.4372875690460205
35.730000000000004,79.99999934600713,81.26991867628819,244,-3.3451647758483887
35.76,79.99999662385031,81.26872991264759,244,-3.245863914489746
35.79,79.9999910861087,81.2724453237824,246,-3.1394283771514893
35.82,80.00000056968281,81.27501774386502,250,-3.0259077548980713
35.85,80.00000452312521,81.2781603988258,252,-2.905360698699951
35.88,80.0000038356315,81.28911409014897,246,-2.7778544425964355
35.910000000000004,79.99999880489453,81.30613620499547,247,-2.6434643268585205
35.94,80.0000003942033,81.32812546956963,251,-2.502274990081787
35.97,79.9999940620639,81.35893169427202,247,-2.354379892349243
36.0,80.00000289580495,81.39047200092625,243,-2.199880599975586
36.03,80.00000146234615,81.41724996388986,241,-2.0376174449920654
36.06,80.00000036673016,81.44931500108636,235,-1.8280258178710938
36.09,80.00000172229619,81.49326465536184,233,-1.6026592254638672
36.12,80.00000719930014,81.52694773215,229,-1.3779503107070923
36.15,80.00000142906592,81.55248007951802,229,-1.154052734375
36.18,80.00000500356035,81.58352142749487,236,-0.9311149716377258
36.21,80.00000427708684,81.61903849996547,236,-0.7092915773391724
36.24,80.0000004203921,81.65379424024732,235,-0.4887434244155884
36.27,80.00000293060117,81.68095905011764,235,-0.2696360647678375
36.300000000000004,79.99999586026499,81.70650940874853,241,-0.05213947966694832
36.33,79.9999978814496,81.73949182414651,233,0.16357319056987762
36.36,80.00000104481394,81.78874662536418,233,0.37732601165771484
36.39,80.00000006739192,81.847985028599,229,0.5889402627944946
36.42,79.99999166852615,81.90558478376738,229,0.7982349395751953
36.45,79.99999585681233,81.95376553587208,235,1.0050276517868042
36.480000000000004,79.99999494750111,81.99420882161458,245,1.2091357707977295
36.51,79.99999546961428,82.04990106924775,239,1.4103765487670898
36.54,79.99999431029723,82.11087893475676,248,1.6085683107376099
36.57,80.00000393125863,82.14814659841679,243,1.8035337924957275
36.6,80.00000121399151,82.15841213304968,249,1.9986764192581177
36.63,79.99998890151964,82.166793451196,249,2.2426412105560303
36.660000000000004,79.99999577456207,82.17962512383009,253,2.4948415756225586
36.69,79.99999682245712,82.18214893123877,257,2.748582363128662
36.72,79.99999862397034,82.16266754972047,261,3.0035665035247803
36.75,79.99999821995763,82.11778069014639,263,3.259493589401245
36.78,80.00000030538479,82.0626392846272,263,3.516059160232544
36.81,80.00000238788365,82.01926331388906,261,3.7729532718658447
36.84,79.99999884667798,81.97267793048212,262,4.021267414093018
36.87,80.00000482274258,81.92982523433817,260,4.158104419708252
36.9,80.00000585823291,81.88722609915497,260,4.287606716156006
36.93,79.99999668184488,81.85007342826816,265,4.412374973297119
36.96,80.00000255549706,81.81202399224132,265,4.532256126403809
36.99,79.99999552480092,81.7769486704183,265,4.6471123695373535
37.02,80.00000100992001,81.73778349188052,271,4.7568135261535645
37.050000000000004,79.99999910687335,81.69578821632282,270,4.861238956451416
37.08,80.00000532214916,81.65727209975093,272,4.960277557373047
37.11,80.00000266849386,81.62291676241354,273,5.053827285766602
37.14,80.00000072476485,81.59869355078938,274,5.141791820526123
37.17,80.0000048125906,81.57922029550151,276,5.224085807800293
37.2,80.0000082614646,81.56198480845545,277,5.300629615783691
37.230000000000004,80.00000566847275,81.54271198140319,277,5.371349811553955
37.26,80.00000159069306,81.52598557231873,282,5.436182975769043
37.29,79.99999772740053,81.51375412865389,278,5.495071887969971
37.32,79.99999701567097,81.50478091050365,273,5.547966003417969
37.35,79.99999775108306,81.49237868793952,269,5.594829082489014
37.38,79.99999898615904,81.48491464958043,269,5.635631561279297
37.410000000000004,80.00000885687692,81.48073269400867,269,5.670356273651123
37.44,80.00000372309559,81.48443991235042,269,5.698994159698486
37.47,80.00000409481133,81.49521931103558,269,5.721546649932861
37.5,80.00000251723026,81.51625017832271,271,5.738022327423096
37.53,79.99999869474887,81.54584700155527,271,5.748439311981201
37.56,80.00000377721393,81.57732478279938,269,5.752823352813721
37.59,80.00000351175468,81.60644251554122,267,5.751205921173096
37.62,79.99999493111956,81.62785835438603,268,5.743629455566406
37.65,79.99999457564009,81.64394481764538,266,5.730142116546631
37.68,79.9999982295143,81.66430240939958,266,5.710798740386963
37.71,80.00000265893044,81.68553460919297,262,5.685659885406494
37.74,79.99999896449145,81.70386027175935,259,5.654792308807373
37.77,79.99999940046237,81.72649566532027,259,5.618269920349121
37.800000000000004,80.00000236731755,81.74828893718166,259,5.576169490814209
37.83,79.99999809942784,81.76696660795632,261,5.5285749435424805
37.86,79.9999992035197,81.78247094668573,261,5.475573539733887
37.89,79.99999717081968,81.79464186068057,264,5.417256832122803
37.92,79.9999903762264,81.79953597840357,265,5.353723526000977
37.95,80.00000481638321,81.80342245859319,265,5.285074710845947
37.980000000000004,80.00000244871663,81.80642725340743,263,5.211417198181152
38.01,79.9999997377954,81.81337668316287,264,5.132862567901611
38.04,80.00000027941603,81.81748696393215,264,5.049526691436768
38.07,79.99999692110971,81.8328241050411,261,4.961531162261963
38.1,79.99999453139837,81.8463525838117,259,4.869000434875488
38.13,80.00000447158278,81.86355014846286,259,4.772064685821533
38.160000000000004,80.00000712377069,81.87969927743305,259,4.670858860015869
38.19,79.99999827143624,81.89546596725842,257,4.565520286560059
38.22,79.99999501353453,81.91406399570586,257,4.456188678741455
38.25,80.00000512323501,81.93632603387547,256,4.3430070877075195
38.28,80.00000371495736,81.9526416133542,258,4.226119518280029
38.31,80.00000053023102,81.97567458281405,260,4.105669975280762
38.34,79.99999724462036,82.00665985540533,260,3.994450092315674
38.37,79.99999757946445,82.04219286255415,257,3.964569091796875
38.4,80.00000439521301,82.06083600834813,249,3.9444777965545654
38.43,79.99999717220742,82.06604007285162,245,3.9204299449920654
38.46,79.99999777168578,82.05514531838834,249,3.890103578567505
38.49,79.9999969294248,82.04744576593755,250,3.8529930114746094
38.52,79.99999954880812,82.04663963028048,244,3.809051036834717
38.550000000000004,80.0000006988404,82.0397593821526,254,3.758301258087158
38.58,80.00000273636732,82.03330828632036,253,3.7007744312286377
38.61,79.99999656985555,82.02992307580975,258,3.6365015506744385
38.64,80.00000147512014,82.02704157216098,258,3.5655150413513184
38.67,79.99999827106295,82.0221609211062,260,3.487847089767456
38.7,80.00000171165146,82.00740026333624,260,3.403533935546875
38.730000000000004,79.99999879531832,82.00143200927067,262,3.312614679336548
38.76,79.99999740202199,81.99895971980825,262,3.215134382247925
38.79,80.00000004742711,81.99664808609351,260,3.1111435890197754
38.82,80.00000197262747,82.00384812182035,262,3.000701665878296
38.85,79.99999434859349,82.01060750719678,264,2.8838722705841064
38.88,80.0000002513769,82.01279959645657,265,2.7607264518737793
38.910000000000004,80.00000548958944,82.02380725205079,267,2.6313421726226807
38.94,79.99999349815323,82.05480283801764,267,2.495806932449341
38.97,79.99999758610404,82.09604729429243,261,2.354217290878296
39.0,80.00000045046215,82.14561737120442,263,2.206677198410034
39.03,79.99999649621888,82.20489354889538,265,2.0525317192077637
39.06,79.99999485198673,82.25393835552543,271,1.8561410903930664
39.09,79.99999904826066,82.29056147415483,267,1.638768196105957
39.12,80.00000171335111,82.33188106442505,262,1.4224302768707275
39.15,80.00000376371601,82.37481592177534,265,1.2072901725769043
39.18,79.99999634200864,82.42841982984432,257,0.993480384349823
39.21,80.0000019860834,82.4761149616962,261,0.7811412811279297
39.24,79.99999802047589,82.50528619305463,260,0.5704207420349121
39.27,80.00000131630595,82.53417694568746,258,0.3614731729030609
39.300000000000004,80.00000493298799,82.55423091950351,256,0.1544581949710846
39.33,80.00000421782835,82.56637739987217,257,-0.050460368394851685
39.36,80.00000139641558,82.58158259480216,253,-0.25311556458473206
39.39,80.0000027326564,82.57813160727028,253,-0.4533381760120392
39.42,79.99999995727804,82.56063958672338,255,-0.6509578824043274
39.45,79.99999991980529,82.5362637738702,253,-0.8458043932914734
39.480000000000004,80.00000197204164,82.50123267449234,255,-1.0377085208892822
39.51,79.99999685708434,82.46542494912686,257,-1.2265026569366455
39.54,80.00000093842479,82.42317722564943,259,-1.4120210409164429
39.57,79.99999935391563,82.37355486394604,261,-1.5941011905670166
39.6,79.9999960938016,82.32991998054223,265,-1.772585153579712
39.63,79.99999690893468,82.29845522076297,261,-1.948046326637268
39.660000000000004,80.00000060961446,82.27163510894474,259,-2.159975051879883
39.69,80.00000295343145,82.24094406242668,265,-2.392549991607666
39.72,80.00000039046417,82.20480442735544,265,-2.625891923904419
39.75,80.00000139594904,82.17350707608372,265,-2.8597159385681152
39.78,80.00000202810406,82.14949071972913,267,-3.0937466621398926
39.81,79.99999735944981,82.12344461397552,274,-3.327702760696411
39.84,80.00000011884862,82.1066856564335,282,-3.561297655105591
39.87,79.99999620324539,82.08936199348636,290,-3.794241189956665
39.9,80.00000515684359,82.06569016181844,294,-4.0176825523376465
39.93,79.99999909349349,82.03752128784004,294,-4.130214691162109
39.96,79.99999444582421,82.00488470141914,292,-4.234091281890869
39.99,79.9999995445071,81.97276673971837,292,-4.333073139190674
40.02,79.99999945506657,81.93735190359507,300,-4.427020072937012
40.050000000000004,80.00000749096503,81.9000040885696,304,-4.515801906585693
40.08,80.00000451731614,81.86361630579705,304,-4.599301815032959
40.11,80.00000286895799,81.83057867199376,300,-4.6774139404296875
40.14,79.99999315456009,81.80356870682255,303,-4.7500457763671875
40.17,79.99999705622183,81.77941401439858,302,-4.81711483001709
40.2,80.00000251238312,81.76292158366802,300,-4.878551006317139
40.230000000000004,80.00000125007301,81.7434511526985,304,-4.934296131134033
40.26,80.00000385051634,81.72792188342034,304,-4.9842987060546875
40.29,80.00000027878932,81.71531341504894,302,-5.028519153594971
40.32,79.99999560629811,81.70453763516417,302,-5.066926956176758
40.35,80.00000377234021,81.69220719490973,300,-5.099499702453613
40.38,80.0000028955493,81.67792752886527,302,-5.126224517822266
40.410000000000004,80.00000262369589,81.66031456198071,305,-5.147097110748291
40.44,79.99999632502005,81.64953602959744,301,-5.162120342254639
40.47,80.00000007365247,81.6514540362106,303,-5.1713056564331055
40.5,79.99999764457635,81.65211959809183,305,-5.174670219421387
40.53,80.00000091096082,81.64957221959833,303,-5.172239303588867
40.56,80.00000562051206,81.65327276281114,301,-5.164042949676514
40.59,79.99999742111763,81.65919989677829,301,-5.150118827819824
40.62,79.99999831603726,81.66224829738293,297,-5.130509376525879
40.65,80.00000511384229,81.66746157233165,295,-5.1052656173706055
40.68,80.00000010148574,81.67544698723192,299,-5.074442386627197
40.71,79.99999156110121,81.68489676647887,297,-5.038101673126221
40.74,80.000001045015,81.69386967786042,299,-4.99630880355835
40.77,79.99999248520304,81.70564196378601,299,-4.9491376876831055
40.800000000000004,80.00000009354609,81.71910871146369,304,-4.896665096282959
40.83,80.00000181347818,81.73380541868998,306,-4.838974475860596
40.86,80.00000517147674,81.75321919237791,304,-4.776153564453125
40.89,80.0000027831286,81.77491215008672,306,-4.708297252655029
40.92,79.99999812999809,81.79859668556088,306,-4.63550329208374
40.95,80.00000454114047,81.81712970970659,302,-4.5578765869140625
40.980000000000004,79.9999995245682,81.84121107476244,300,-4.475526332855225
41.01,80.00000220179005,81.86488639685847,298,-4.38856840133667
41.04,79.999996679185,81.8874060250482,296,-4.297122001647949
41.07,80.0000071027128,81.90100293579486,292,-4.201310634613037
41.1,80.00000827280692,81.89427570133613,293,-4.101267337799072
41.13,80.00000086744603,81.88812613661796,281,-4.004391193389893
41.160000000000004,80.00000598138926,81.89037844351327,281,-3.9782254695892334
41.19,79.99999384033093,81.89520417815817,281,-3.968292713165283
41.22,80.00000184174561,81.90135435086765,286,-3.957961320877075
41.25,80.00000705406924,81.90827685678215,285,-3.944305181503296
41.28,79.99999410174027,81.90908106329121,291,-3.9254658222198486
41.31,79.99999494797277,81.911108213968,293,-3.9002304077148438
41.34,80.00000509539281,81.91586627353438,299,-3.8680989742279053
41.37,80.00000263201744,81.9212588238345,297,-3.8289618492126465
41.4,79.99999809316435,81.92783962290454,298,-3.7828142642974854
41.43,80.00000829236896,81.93347098618682,298,-3.7296650409698486
41.46,80.00000261586109,81.93472080200331,298,-3.669525623321533
41.49,80.00000204072063,81.93769626851766,299,-3.602410078048706
41.52,80.00000013749785,81.94203374858859,297,-3.5283355712890625
41.550000000000004,79.99999848436923,81.95472842575852,287,-3.4473228454589844
41.58,80.00000457424404,81.97850964453161,289,-3.359396457672119
41.61,80.00000350871547,82.00606469583836,284,-3.2645866870880127
41.64,80.00000419442617,82.03364098423822,286,-3.162928581237793
41.67,80.00000293176117,82.0602169598995,282,-3.054464101791382
41.7,79.99999606622141,82.08985399257598,282,-2.9392433166503906
41.730000000000004,79.99999380106716,82.12428091709282,280,-2.81732439994812
41.76,80.00000079968919,82.17699430509845,274,-2.6887757778167725
41.79,79.99999630558959,82.2345743345284,274,-2.5536744594573975
41.82,79.99999322086386,82.28099566995893,278,-2.4121060371398926
41.85,80.000004774599,82.32013644459423,274,-2.2641654014587402
41.88,79.99999820425268,82.36486445435227,274,-2.109882354736328
41.910000000000004,80.00000397514505,82.40794933203196,280,-1.9310524463653564
41.94,80.00000106186424,82.45404795783166,277,-1.7103403806686401
41.97,80.00000013354187,82.49940136238801,277,-1.4897116422653198
42.0,79.99999833088418,82.54607706660639,279,-1.2699390649795532
42.03,80.00000141921069,82.5923553290278,277,-1.0511566400527954
42.06,80.0000027852536,82.63194124227157,274,-0.8335049748420715
42.09,80.00000359831766,82.65725854169396,269,-0.617131233215332
42.12,79.99999569411438,82.66985818761883,271,-0.4021872878074646
42.15,80.00000156290962,82.67109694353931,273,-0.18882928788661957
42.18,80.00000328470172,82.66312236394714,277,0.02278251014649868
42.21,79.99999909963954,82.65765803191695,273,0.23248371481895447
42.24,79.99999913096622,82.65657971597675,275,0.4401061236858368
42.27,80.00000236459987,82.65716033557045,281,0.6454787850379944
42.300000000000004,80.00000208139477,82.64724967769686,283,0.8484285473823547
42.33,80.00000086333799,82.62474975103719,286,1.048781394958496
42.36,80.00000256293828,82.59946525246181,296,1.2463626861572266
42.39,79.99999795202564,82.5768380933994,301,1.44099760055542
42.42,79.99999829227299,82.56011564817352,302,1.6325132846832275
42.45,79.99999631850484,82.54712814080452,304,1.8207449913024902
42.480000000000004,80.00000446719221,82.52667647541159,318,2.0107827186584473
42.51,80.00000219812652,82.49498173807031,312,2.249931812286377
42.54,80.0000028759376,82.46244973348239,308,2.495293617248535
42.57,80.0000066047124,82.41803272070706,310,2.741971015930176
42.6,80.0000062821356,82.3610516408049,309,2.9896771907806396
42.63,79.99999838500712,82.30316561396927,308,3.2381179332733154
42.660000000000004,80.00000408487946,82.24574535989888,310,3.4869959354400635
42.69,79.99998993289762,82.19106016736342,309,3.736008405685425
42.72,80.00000081523717,82.14111048231958,312,3.9843010902404785
42.75,79.99999843377384,82.0960200334219,316,4.127171039581299
42.78,79.99999785653951,82.06331999214821,312,4.249270915985107
42.81,79.99999959271919,82.04302363231396,312,4.3666815757751465
42.84,80.00000046690391,82.03202607014735,315,4.479253768920898
42.87,79.99999705692623,82.02812105589544,316,4.586846351623535
42.9,79.9999952597553,82.0179479319712,314,4.689327239990234
42.93,79.99999930968515,82.00354132903857,317,4.786575794219971
42.96,79.99999715645643,81.99352976704091,317,4.878479480743408
42.99,79.99999677757317,81.98480629298341,319,4.964933395385742
43.02,80.00000631981827,81.9767803206049,316,5.045842170715332
43.050000000000004,80.00000283356812,81.97163680677578,311,5.121119022369385
43.08,79.99999762421479,81.96288524822293,311,5.190685272216797
43.11,79.9999983490412,81.95389230609972,312,5.25446891784668
43.14,80.0000000967567,81.95016390667685,304,5.312410354614258
43.17,80.0000051775968,81.95277237639665,305,5.364461421966553
43.2,79.9999952488625,81.95504188702223,303,5.410583972930908
43.230000000000004,80.00000287630188,81.95629641232881,303,5.450752258300781
43.26,80.00000486383844,81.95530574407198,302,5.4849467277526855
43.29,79.99999347303452,81.95700390079303,308,5.513158798217773
43.32,79.99999681300861,81.96676485012317,304,5.535389423370361
43.35,79.99999562105295,81.9768665048353,306,5.551648139953613
43.38,80.00000060874041,81.98876417085965,308,5.561951160430908
43.410000000000004,79.99999914479957,81.98606931878359,302,5.566323757171631
43.44,79.99999967495896,81.98649989945447,304,5.564795017242432
43.47,79.9999996684749,81.99140377146416,302,5.557405471801758
43.5,79.99999901301247,82.00189248768645,302,5.5441999435424805
43.53,80.00000816535022,82.00993581547526,304,5.52523136138916
43.56,80.00000789599248,82.0186146357538,304,5.500558853149414
43.59,79.99999802673416,82.02426301775905,306,5.470249176025391
43.62,80.00000410148822,82.03183373700546,306,5.43437385559082
43.65,80.00000498276016,82.04161889716872,305,5.393011569976807
43.68,80.00000140720799,82.0546779353647,305,5.346245765686035
43.71,80.00000324355283,82.06234158963683,303,5.2941670417785645
43.74,80.00000295390157,82.06143468675242,306,5.236870765686035
43.77,80.00001428937173,82.05541835681119,307,5.174456596374512
43.800000000000004,80.00000336836752,82.06624397235242,300,5.107029914855957
43.83,80.00000306159862,82.09062238572628,301,5.034698963165283
43.86,80.00000213116552,82.11290640278979,300,4.957579612731934
43.89,80.00000701258534,82.12939282352251,297,4.875789165496826
43.92,79.99999960026231,82.15014423818266,293,4.789450645446777
43.95,80.00000848684562,82.16952191103385,295,4.698692321777344
43.980000000000004,80.00000120167935,82.18640483222751,300,4.603643417358398
44.01,80.0000070634951,82.21927530208708,294,4.5044403076171875
44.04,80.00000328362069,82.24989617191406,297,4.4012227058410645
44.07,80.00000248576195,82.27634142994779,295,4.294130802154541
44.1,80.00000995195965,82.29298208055759,290,4.183308124542236
44.13,80.0000065715634,82.30402041089467,288,4.068929672241211
44.160000000000004,80.0000066652136,82.31217085587548,286,3.9847049713134766
44.19,80.00000458617433,82.32580658160076,284,3.9653282165527344
44.22,80.0000071512677,82.3428741380238,284,3.9498038291931152
44.25,80.0000014470035,82.35405903100218,290,3.930682897567749
44.28,80.00000185297537,82.36842454129639,290,3.905789852142334
44.31,79.9999982248376,82.38457679396606,290,3.8743691444396973
44.34,79.99999934112641,82.39820618824164,288,3.8362648487091064
44.37,79.9999977791613,82.41072650083159,288,3.7914795875549316
44.4,80.0000009200367,82.41426436668081,287,3.7400383949279785
44.43,80.00000408223048,82.41473143352995,287,3.6819710731506348
44.46,80.00000033155104,82.41829605904788,289,3.6173086166381836
44.49,79.99999730926056,82.42249534474037,295,3.546086311340332
44.52,80.000005104931,82.43235653448724,301,3.4683423042297363
44.550000000000004,80.0000026145732,82.4319985648509,305,3.3841185569763184
44.58,79.9999964271836,82.44440945511495,300,3.2934622764587402
44.61,79.99999379892063,82.46308734807843,302,3.196424722671509
44.64,80.0000020335468,82.48688852767674,302,3.0930638313293457
44.67,79.99999598427445,82.51731712846654,306,2.9834420680999756
44.7,79.99999883544879,82.5454657067299,312,2.867626905441284
44.730000000000004,80.00000300372658,82.59032125648801,310,2.745692729949951
44.76,80.00000295059813,82.63885814298096,306,2.617719888687134
44.79,80.00000198295696,82.67663750239481,296,2.483798027038574
44.82,80.00000159039347,82.70307303977908,292,2.344024658203125
44.85,79.99999630333826,82.72298703047635,286,2.1985044479370117
44.88,80.00000566742496,82.7578878113685,284,2.046358108520508
44.910000000000004,80.00000028670868,82.79254214966639,286,1.8506853580474854
44.94,80.0000016715434,82.82446483036901,292,1.6360726356506348
44.97,79.99999638545523,82.84958236880004,283,1.4226269721984863
45.0,80.00000029949732,82.87095245209184,277,1.2105028629302979
45.03,79.9999995990412,82.86937439516909,277,0.9998310208320618
45.06,80.00000206823655,82.86160404041435,281,0.79075026512146
45.09,80.00000063189724,82.84270041795907,291,0.5834058523178101
45.12,79.99999946448217,82.8139912424382,289,0.37794792652130127
45.15,79.99999790157679,82.78403362889375,279,0.17453104257583618
45.18,80.00000070354263,82.77207288475263,279,-0.02668737806379795
45.21,80.00000391557539,82.76629425831204,281,-0.22554774582386017
45.24,80.00000263422766,82.75929227428907,287,-0.42188921570777893
45.27,80.00000524899899,82.7497489229196,294,-0.6155506372451782
45.300000000000004,80.00001145413599,82.72104026960022,299,-0.8063713908195496
45.33,80.00000268197616,82.68202337440002,295,-0.994191586971283
45.36,80.00000490133962,82.64403229354144,298,-1.1788532733917236
45.39,80.00000061011662,82.61354187137638,299,-1.3601999282836914
45.42,79.99999981943617,82.58560992530519,303,-1.5380780696868896
45.45,79.99999663599003,82.55876568691181,303,-1.7123363018035889
45.480000000000004,80.00000714681411,82.51627742769567,311,-1.882893443107605
45.51,79.99999645566605,82.4554030158865,306,-2.067404270172119
45.54,80.00000315224639,82.39940391922376,308,-2.292982339859009
45.57,79.99999387454599,82.35553293179173,308,-2.519820213317871
45.6,80.00000042296526,82.31634388119663,317,-2.7470133304595947
45.63,79.99999788678967,82.27839589208907,321,-2.9742836952209473
45.660000000000004,79.99999839765935,82.24664458789833,327,-3.2013463973999023
45.69,80.00000394379212,82.22569122235886,333,-3.4279115200042725
45.72,79.99999532501828,82.20780203698297,335,-3.653681755065918
45.75,80.00000605107815,82.20078624551887,335,-3.878355026245117
45.78,79.99999357730464,82.18705203210607,335,-4.055640697479248
45.81,79.99999721152253,82.17328396457754,337,-4.154421329498291
45.84,80.00000466237587,82.16103372758865,337,-4.248044967651367
45.87,80.0000017257369,82.15112423467157,335,-4.336610317230225
45.9,79.99999835293784,82.14968600111241,345,-4.41998291015625
45.93,80.00000513801054,82.15971985478225,341,-4.498043060302734
45.96,80.00000131107767,82.17187606088287,347,-4.570683002471924
45.99,80.00000105229896,82.1841081506996,345,-4.6378092765808105
46.02,79.9999954157618,82.19896752307754,343,-4.699337482452393
46.050000000000004,80.00000174273518,82.21464166530367,347,-4.755194187164307
46.08,80.00000319774419,82.22694410034516,345,-4.80531644821167
46.11,80.00000511292946,82.22985625165362,343,-4.84965181350708
46.14,80.00000033466048,82.22754791940226,341,-4.888156414031982
46.17,80.00000199406,82.22350583293482,343,-4.920795917510986
46.2,80.00000434555439,82.21989415737167,341,-4.947546005249023
46.230000000000004,80.00000431243991,82.22258815605458,336,-4.9683918952941895
46.26,79.99999985480062,82.23001247466897,335,-4.983326435089111
46.29,80.00000496248535,82.23850108164916,334,-4.992349624633789
46.32,79.99999745991938,82.24633472010758,331,-4.995473861694336
46.35,80.00000588012925,82.25048655973865,332,-4.992720127105713
46.38,79.99999876821212,82.25805607628276,330,-4.984114170074463
46.410000000000004,80.00000639967223,82.26571817682708,327,-4.969691276550293
46.44,80.00000071696391,82.2795104617371,324,-4.949494361877441
46.47,80.0000045683925,82.28859019706013,324,-4.92357063293457
46.5,80.00000356188079,82.29882286142266,322,-4.891977787017822
46.53,80.00000993575529,82.31358757265576,323,-4.854775428771973
46.56,80.00000908486372,82.32460065754536,324,-4.812034606933594
46.59,80.00000529246111,82.33857558557727,323,-4.763829231262207
46.62,79.99999381752943,82.36015405134341,323,-4.710241317749023
46.65,79.99999870837362,82.39003571055801,321,-4.651359558105469
46.68,80.00000550175893,82.41480222351767,321,-4.587275981903076
46.71,80.00000362464559,82.43961552207072,323,-4.51809024810791
46.74,80.00000377715146,82.4616315455523,317,-4.443906307220459
46.77,79.99999765617797,82.47743455653153,318,-4.364831447601318
46.800000000000004,80.00000404213313,82.49001715645232,312,-4.280979156494141
46.83,79.99999356440125,82.49642452094827,312,-4.192465782165527
46.86,80.00000608928232,82.51187092043709,312,-4.099417209625244
46.89,80.00000308028832,82.52955323902394,314,-4.007898330688477
46.92,79.9999960556344,82.54860567522323,321,-3.981928825378418
46.95,79.99999535485237,82.57001789181197,323,-3.973781108856201
46.980000000000004,80.00000197321663,82.59025023810906,323,-3.965857744216919
47.01,79.99999463205225,82.6198154992457,325,-3.955625295639038
47.04,79.99999727772621,82.64621942264519,315,-3.94136643409729
47.07,79.99999582996685,82.67145647970676,315,-3.921483039855957
47.1,80.00000604566374,82.69155730402171,311,-3.8949193954467773
47.13,79.99999570684534,82.70733624638834,315,-3.8612775802612305
47.160000000000004,79.99999496496937,82.71939686197551,313,-3.8204879760742188
47.19,79.99999825589529,82.71895529624656,315,-3.772561550140381
47.22,79.99999555751751,82.70278626904123,315,-3.717520236968994
47.25,79.99999562529784,82.70014235942963,310,-3.6553874015808105
47.28,80.00000342814727,82.70346865616375,308,-3.5861880779266357
47.31,80.0000024274704,82.70354831761223,303,-3.509950876235962
47.34,79.99999863350958,82.71242165683661,301,-3.4267077445983887
47.37,79.99999830382478,82.74109267395188,301,-3.3364953994750977
47.4,80.00000269431533,82.77842648686895,303,-3.239356756210327
47.43,79.99999625806036,82.81141876589002,303,-3.1353418827056885
47.46,79.99999519849108,82.8506141789098,308,-3.024507761001587
47.49,80.00000085286209,82.8893421269811,306,-2.906919240951538
47.52,80.00000205706715,82.92022352240288,300,-2.7826480865478516
47.550000000000004,80.00000475236378,82.93131908856151,298,-2.651775360107422
47.58,79.99999376089254,82.94220853313489,302,-2.514389753341675
47.61,79.99999834610881,82.96635469688415,292,-2.3705897331237793
47.64,80.00000521190786,82.99693607784036,295,-2.22048020362854
47.67,79.99999770087449,83.03117881638259,293,-2.0636916160583496
47.7,80.0000029037852,83.07208563160977,290,-1.8672387599945068
47.730000000000004,79.99999904288664,83.11376736953795,292,-1.6459518671035767
47.76,80.00000577059936,83.1532983287951,292,-1.4254395961761475
47.79,79.99999801872816,83.17584401260596,292,-1.2058899402618408
47.82,80.00000367954829,83.19059325054644,292,-0.9874414205551147
47.85,79.99999885775878,83.20319880233203,293,-0.7702388763427734
47.88,80.00000116397227,83.20347741892024,292,-0.5544331669807434
47.910000000000004,79.99999748023419,83.19960483336197,292,-0.34017977118492126
47.94,79.99999418860888,83.17311197477967,299,-0.12763743102550507
47.97,80.0000064394481,83.14417140898185,303,0.08303137868642807
48.0,79.99999825563653,83.11237309182233,305,0.2916605770587921
48.03,80.00000154718937,83.09188638537204,304,0.4980813264846802
48.06,80.00000188268896,83.06920448474304,308,0.7021223902702332
48.09,80.00000359091183,83.04149597631971,314,0.9036116003990173
48.120000000000005,80.0000051673071,83.01060801125745,321,1.1023756265640259
48.15,80.00000219004772,82.98136189128111,323,1.2982416152954102
48.18,80.0000039363359,82.9410091164919,337,1.4910370111465454
48.21,80.00000528463394,82.9042193375682,338,1.6805901527404785
48.24,79.99999966399832,82.87523333873919,338,1.8667632341384888
48.27,80.00000211030972,82.86874157657223,334,2.0652871131896973
48.300000000000004,79.99999770970959,82.86115689738824,334,2.307344675064087
48.33,79.99999465716117,82.85843280919836,336,2.551466703414917
48.36,80.00000113578531,82.84245131660886,333,2.796708345413208
48.39,79.99999834446237,82.82101828609315,334,3.042780876159668
48.42,80.00000572180146,82.80429191359275,334,3.2893893718719482
48.45,80.00000699512154,82.78303185540479,330,3.5362355709075928
48.480000000000004,80.00000238935016,82.7642012240426,334,3.7830169200897217
48.51,80.0000022139814,82.74366994496319,336,4.020462512969971
48.54,79.99999695717119,82.71976596947287,340,4.146856307983398
48.57,79.99999510557618,82.69015098696364,345,4.265576362609863
48.6,79.99999602613511,82.65765515671552,343,4.379510879516602
48.63,79.99999814793239,82.62687806413618,343,4.4885077476501465
48.660000000000004,79.99999702371399,82.60221536615474,337,4.592429161071777
48.69,79.99999821615677,82.5797890047619,337,4.69114351272583
48.72,79.99999816333332,82.54877582320017,331,4.784529685974121
48.75,79.99999584147298,82.5211739388628,332,4.872474670410156
48.78,79.99999350467918,82.50177265808708,328,4.954874038696289
48.81,80.00000160163731,82.48596380165839,328,5.0316314697265625
48.84,79.99999842823311,82.46787041789192,332,5.102657318115234
48.870000000000005,80.00000324613129,82.45010170344027,331,5.167872428894043
48.9,79.99999983162975,82.44510172695637,329,5.227207660675049
48.93,80.00000875014817,82.44251914619673,324,5.280604839324951
48.96,79.99999853301034,82.44177411516897,322,5.32801628112793
48.99,80.00000337820335,82.44295904535863,320,5.3694071769714355
49.02,79.99999520193633,82.44320518184053,316,5.404751300811768
49.050000000000004,80.00000268382487,82.44289462885942,316,5.434030055999756
49.08,80.00000001089388,82.44308130004465,318,5.457237720489502
49.11,80.00000771617512,82.43559526943714,322,5.4743757247924805
49.14,79.99999963953665,82.43392702929432,320,5.48545503616333
49.17,79.99999781356314,82.43807987567435,321,5.4904937744140625
49.2,80.00000177250487,82.4480824972411,315,5.4895195960998535
49.230000000000004,79.99999961761803,82.45577392612489,317,5.482570648193359
49.26,79.99999976983518,82.46140151154889,320,5.469688892364502
49.29,79.99999705770661,82.46322551442184,320,5.450926303863525
49.32,79.99999604774338,82.45949075217614,316,5.426342487335205
49.35,80.0000042918317,82.46360004922607,320,5.396000385284424
49.38,80.000001281268,82.49442073277783,314,5.359971523284912
49.410000000000004,79.9999941424064,82.52604132828215,319,5.318335056304932
49.44,79.99999858081343,82.54798538007738,315,5.271172523498535
49.47,79.99999771917115,82.56576914214835,315,5.218574047088623
49.5,80.00000786629789,82.5779392151022,318,5.160636901855469
49.53,80.00000351453359,82.59642771432037,320,5.097461700439453
49.56,80.0000029282941,82.6215186164803,326,5.029152870178223
49.59,79.99999755001181,82.63954927224428,329,4.955820560455322
49.620000000000005,80.00000230165912,82.66217732398857,327,4.87758207321167
49.65,79.99999895853723,82.69120706372573,329,4.794557571411133
49.68,80.00000246060293,82.71361585956059,331,4.706872940063477
49.71,79.99999934465147,82.72834150455627,337,4.614656925201416
49.74,80.0000031544121,82.74383970846968,338,4.518043041229248
49.77,80.00000063336022,82.7839435246676,334,4.417168617248535
49.800000000000004,79.99999911215563,82.8316411336819,333,4.312175750732422
49.83,80.0000088439981,82.8729932389917,335,4.2032084465026855
49.86,79.99999862338568,82.89977677218093,327,4.090420722961426
49.89,79.99999900322187,82.91870704197466,328,3.9919772148132324
49.92,80.0000046546166,82.94607936054832,328,3.9686472415924072
49.95,80.00000164605837,82.98167318390051,330,3.95350980758667
49.980000000000004,80.00000388217201,83.0154076882806,326,3.935436725616455
50.01,79.99999655986133,83.05093436793284,326,3.911763906478882
50.04,79.99999576907841,83.09877877970688,322,3.8815064430236816
50.07,80.00000229697852,83.13804425183935,322,3.8444340229034424
50.1,79.99999676516762,83.17242192922606,325,3.8005425930023193
50.13,79.99999474215238,83.18781228151106,324,3.7498655319213867
50.160000000000004,79.99999439824849,83.19986879547102,324,3.6924405097961426
50.19,80.00000011552297,83.20315347902152,320,3.6283071041107178
50.22,80.00000223318938,83.20809758369981,322,3.557506561279297
50.25,79.99999885631455,83.21704822517482,326,3.4800825119018555
50.28,79.99999723909588,83.22034090716683,331,3.3960819244384766
50.31,79.99999779847509,83.22569184631077,332,3.3055570125579834
50.34,79.99999803933555,83.23773721741082,336,3.208564519882202
50.370000000000005,79.99999368161652,83.25758802231431,336,3.1051676273345947
50.4,79.99999793679133,83.27215611738647,344,2.995436429977417
50.43,80.00000618273114,83.29547506638994,343,2.879448175430298
50.46,80.00000507285128,83.31323916099707,339,2.757286787033081
50.49,79.99999382849927,83.33229326193194,335,2.6290433406829834
50.52,79.99999405779123,83.34714679499189,329,2.494816541671753
50.550000000000004,79.99999607830395,83.34898047871972,331,2.3547122478485107
50.58,79.99999974769479,83.36105074721763,327,2.208843231201172
50.61,79.9999957193405,83.36186229007735,325,2.0566654205322266
50.64,80.00000423591455,83.37414165218718,321,1.8638392686843872
50.67,80.00000630577476,83.383698868524,324,1.6484886407852173
50.7,80.00000444474585,83.39268750967152,327,1.4343085289001465
50.730000000000004,80.00000506400437,83.40708197140131,330,1.2214776277542114
50.76,80.00000453319242,83.41498194929653,329,1.0101314783096313
50.79,80.00000041867688,83.42615609992465,325,0.8004119396209717
50.82,79.99999700748302,83.4315387791249,331,0.5924680233001709
50.85,80.00000492300542,83.41708403169838,327,0.38645386695861816
50.88,80.00000137178266,83.40389525527026,318,0.18252772092819214
50.910000000000004,80.00000747976284,83.38809621946498,311,-0.01914895884692669
50.94,79.99999593948935,83.36920871687866,312,-0.21841247379779816
50.97,80.00000261588924,83.34161261594696,314,-0.415097713470459
51.0,79.99999868033885,83.31728419795841,320,-0.6090388894081116
51.03,79.99999928590823,83.2816936723092,320,-0.8000704050064087
51.06,80.00000004533386,83.22926362974042,318,-0.9880271553993225
51.09,80.00000284362292,83.18306376279925,318,-1.1727451086044312
51.120000000000005,80.0000072907086,83.15541302955415,317,-1.3540617227554321
51.15,79.99999604876625,83.1294516927756,323,-1.531816005706787
51.18,80.00000082323565,83.09358546612984,325,-1.7058497667312622
51.21,80.00000113393774,83.0673000844539,325,-1.8760586977005005
51.24,79.99999696368221,83.0405890186705,333,-2.057807207107544
51.27,80.00000125638662,83.01783406716329,335,-2.2822911739349365
51.300000000000004,80.00000320621491,82.9967261075557,342,-2.5081734657287598
51.33,80.00000482851082,82.97946398179063,346,-2.7342424392700195
51.36,80.00000877619465,82.96428867098346,349,-2.960204839706421
51.39,79.99999785905787,82.94964467843027,355,-3.1857614517211914
51.42,80.00000081271281,82.92809180872766,360,-3.4106061458587646
51.45,79.99999860461271,82.90222820209014,362,-3.6344246864318848
51.480000000000004,80.0000030740682,82.8769572070774,362,-3.8568973541259766
51.51,80.00000412997291,82.86360262912643,366,-4.043993949890137
51.54,80.00000073983684,82.85248729205156,367,-4.140773296356201
51.57,80.00000486550769,82.84166542704645,367,-4.23179292678833
51.6,80.00000136286185,82.81993097703277,368,-4.317522048950195
51.63,79.99999607414942,82.7929054692629,365,-4.397819995880127
51.660000000000004,79.9999987151441,82.76360265112778,361,-4.472560882568359
51.69,79.99999910566233,82.74365041371874,359,-4.541632652282715
51.72,80.00000530236808,82.72203576124303,357,-4.6049370765686035
51.75,80.00000227449259,82.70328746693332,359,-4.662389755249023
51.78,80.00000802343402,82.69141261286065,359,-4.713914394378662
51.81,79.99999624098935,82.6864110786672,362,-4.759451389312744
51.84,80.00000500024018,82.68459631371614,366,-4.798949718475342
51.870000000000005,80.00000309536952,82.69451029931699,368,-4.832372188568115
51.9,80.00000032141769,82.70392569422377,373,-4.859687328338623
51.93,80.00000018115522,82.72136112134423,375,-4.880876064300537
51.96,79.99999889066642,82.74888017533523,371,-4.895928382873535
51.99,79.99999817502918,82.77941343053374,365,-4.904843807220459
52.02,80.00000433827114,82.81605790702353,361,-4.907628059387207
52.050000000000004,79.99999619185915,82.85212583452649,361,-4.904296398162842
52.08,79.99999856785767,82.8950194444459,353,-4.894873142242432
52.11,79.99999650100918,82.93422104065726,357,-4.87938928604126
52.14,79.99999796004755,82.97305172291851,360,-4.857883453369141
52.17,80.00000440054542,83.0168703889375,361,-4.8304033279418945
52.2,80.00000691695932,83.0593108580055,356,-4.79700231552124
52.230000000000004,80.00000380853486,83.09602727744185,360,-4.757741451263428
52.26,80.00000228354133,83.12578541142862,358,-4.712689399719238
52.29,80.00000531432389,83.14850081163773,362,-4.661921977996826
52.32,79.99999660395142,83.16667035033201,360,-4.605525493621826
52.35,80.00000458670002,83.19182236178261,363,-4.5435919761657715
52.38,79.99999820925616,83.22183447610433,360,-4.476223945617676
52.410000000000004,80.0000006462669,83.24713422255495,356,-4.403530597686768
52.44,79.99999816452701,83.27213240407004,362,-4.325629711151123
52.47,79.99999779366541,83.30132990224226,362,-4.242644786834717
52.5,79.99999584814674,83.3366526394561,350,-4.154707431793213
52.53,79.99999764709797,83.35347776694894,349,-4.062024116516113
52.56,80.00000665165757,83.36553772805941,343,-3.9922311305999756
52.59,79.99999938105856,83.38044079523254,339,-3.979328155517578
52.620000000000005,79.99999474263608,83.39860713065488,341,-3.9719812870025635
52.65,79.99999570520006,83.41940798863453,341,-3.963613748550415
52.68,80.00000627921112,83.44628985323871,338,-3.9523234367370605
52.71,79.99999818867006,83.4623052275666,343,-3.93638014793396
52.74,80.00000318960869,83.47310271300826,346,-3.9142374992370605
52.77,80.0000011859925,83.48673674266891,348,-3.885014533996582
52.800000000000004,80.0000027659388,83.50600762898353,348,-3.8484432697296143
52.83,80.00000292859663,83.52666198146069,342,-3.804499626159668
52.86,80.00000920583224,83.52819407243044,351,-3.7532074451446533
52.89,80.00000335156447,83.51632574938264,349,-3.6945996284484863
52.92,80.00000566159805,83.50989918791743,346,-3.628711700439453
52.95,79.99999753781556,83.51465982408178,344,-3.5555837154388428
52.980000000000004,79.99999418490735,83.5181258803151,343,-3.47525954246521
53.01,80.00000648191696,83.51506938663992,339,-3.387789487838745
53.04,80.00000156961958,83.51247244958668,343,-3.2932279109954834
53.07,79.99999839131883,83.51973725066755,341,-3.191636800765991
53.1,80.00000390191745,83.53566768519268,337,-3.0830836296081543
53.13,80.0000028557919,83.5630894501163,341,-2.9676430225372314
53.160000000000004,80.00000170010495,83.5851387396566,347,-2.845396041870117
53.19,80.00000055710302,83.61047731508549,345,-2.716430187225342
53.22,79.9999974765476,83.63906475135636,347,-2.5808403491973877
53.25,80.00000459679632,83.67468484879655,348,-2.4387295246124268
53.28,80.00000419115756,83.7103606072903,350,-2.290207624435425
53.31,79.99999395394073,83.7376131667447,348,-2.135369062423706
53.34,80.00000200773637,83.75743233371188,344,-1.963511347770691
53.370000000000005,79.9999951494536,83.76128071672997,349,-1.7426574230194092
53.4,80.00000435881492,83.76859843840377,351,-1.5204881429672241
53.43,79.99999965748242,83.79175057001636,358,-1.2992438077926636
53.46,80.00000296994057,83.81000834150186,354,-1.0790640115737915
53.49,80.00000599481353,83.81587091883432,351,-0.8600936532020569
53.52,79.99999772531513,83.82026574699086,347,-0.6424837112426758
53.550000000000004,80.00000923209579,83.81934708685854,341,-0.4263897240161896
53.58,79.99999679164958,83.81070739502344,336,-0.21197184920310974
53.61,79.99999687354824,83.807797005844,330,0.0006057005375623703
53.64,80.00000775928585,83.8027974251514,327,0.21117423474788666
53.67,79.99999001369147,83.80119750708765,331,0.4195609986782074
53.7,79.99999486813927,83.79932263557049,335,0.6255899667739868
53.730000000000004,80.00000317657621,83.79962245533595,345,0.829083263874054
53.76,79.99999556531266,83.79218481267557,339,1.0298620462417603
53.79,80.00000410389814,83.76708492601668,345,1.2277483940124512
53.82,79.99999743353014,83.73636375242698,344,1.42256498336792
53.85,80.0000011678364,83.70792282230622,351,1.6141369342803955
53.88,80.00000854790879,83.67621356102553,341,1.8022947311401367
53.910000000000004,80.00000541878094,83.64472667245201,335,1.9897215366363525
53.94,80.00000293010963,83.6144706469274,336,2.224315643310547
53.97,80.00000023390638,83.57435849308715,343,2.468635320663452
54.0,79.99999340778832,83.53831662571204,349,2.714121103286743
54.03,80.0000006063616,83.50251756183333,351,2.960480213165283
54.06,80.00000877866403,83.47915018395003,348,3.2074148654937744
54.09,79.99999947068994,83.45442500691397,352,3.454622268676758
54.120000000000005,80.00000006512231,83.40907786842818,358,3.7017951011657715
54.15,79.99999654991116,83.36579873872672,356,3.9485888481140137
54.18,80.00000598075657,83.32454538554883,364,4.107030391693115
54.21,80.00000403841155,83.28319236093422,360,4.227372646331787
54.24,80.0000042790067,83.2486438518781,363,4.342875957489014
54.27,79.99999909012695,83.2210463702379,360,4.4533843994140625
54.300000000000004,79.99999852832994,83.19061316514029,354,4.558747291564941
54.33,80.00000446604004,83.16632769970161,354,4.658824443817139
54.36,80.00000088160803,83.1496242057162,353,4.75348424911499
54.39,80.00000039649535,83.14403969595358,350,4.842606067657471
54.42,80.00000170542847,83.14109735247507,352,4.9260759353637695
54.45,79.99999940400949,83.14782334071153,353,5.003790378570557
54.480000000000004,80.00000684994976,83.16084609640386,355,5.075653076171875
54.51,80.00000166977674,83.1769302477933,351,5.14157772064209
54.54,79.99999856398966,83.20519508889018,351,5.2014875411987305
54.57,80.00000451047936,83.24085014899262,349,5.255319595336914
54.6,79.99999985595709,83.28052308796606,345,5.303021430969238
54.63,79.99999927087724,83.3269387460841,350,5.3445515632629395
54.660000000000004,80.00000022123078,83.37706417946816,351,5.379880428314209
54.69,80.00000418158955,83.43031848935024,349,5.408988952636719
54.72,80.00000430188081,83.47817043312192,355,5.431867599487305
54.75,80.00000385491161,83.52099714821719,358,5.44851541519165
54.78,79.99999876954706,83.56226600930208,362,5.4589409828186035
54.81,80.00000359313952,83.60723960353027,364,5.463162422180176
54.84,80.00000235481336,83.6595206156179,368,5.461205005645752
54.870000000000005,80.00000191444803,83.70924755120146,372,5.45310115814209
54.9,80.00000098637658,83.74906543336657,367,5.438891887664795
54.93,79.99999449779274,83.79033396185682,373,5.418625354766846
54.96,79.9999979351018,83.82344395908753,375,5.392356872558594
54.99,79.99999988264481,83.84142384349836,375,5.36014986038208
55.02,80.00000397502576,83.84749034743867,375,5.322073936462402
55.050000000000004,80.00000200375088,83.8462704760584,369,5.278207302093506
55.08,79.99999623932096,83.85049576170582,373,5.228631973266602
55.11,80.0000036202539,83.84990772568234,370,5.173439025878906
55.14,80.00000594498749,83.84730519411647,378,5.112725734710693
55.17,79.99999929135052,83.84840285374227,383,5.046597480773926
55.2,79.99999920060327,83.85247991439844,379,4.975165367126465
55.230000000000004,79.99999834622989,83.86206527479177,381,4.898548126220703
55.26,79.99999934581285,83.87563676385972,386,4.816870212554932
55.29,79.999998319013,83.88356407845266,386,4.7302632331848145
55.32,80.0000041405704,83.8973325440323,381,4.638864994049072
55.35,79.9999997198915,83.91280263076722,377,4.54281759262085
55.38,80.0000002370566,83.93550540924844,377,4.442271709442139
55.410000000000004,79.9999998284924,83.96476031691084,376,4.337380886077881
55.44,80.00000367829897,83.99561415582944,374,4.2283034324646
55.47,79.99999588840724,84.03777219428731,374,4.1152024269104
55.5,79.9999945588125,84.07610334452424,377,4.004226207733154
55.53,80.00000339249424,84.11402301219589,378,3.971085548400879
55.56,79.99999952409516,84.14872902996143,382,3.9549028873443604
55.59,80.00000210711227,84.17163266748994,375,3.936342239379883
55.620000000000005,79.9999967456182,84.19442530751218,374,3.9121506214141846
55.65,80.00000004129882,84.2133190602819,372,3.8812215328216553
55.68,80.00000050845706,84.21831130579672,364,3.8433070182800293
55.71,79.99999724972426,84.21673608246273,360,3.79840350151062
55.74,79.99999475694209,84.22412575641967,351,3.7465479373931885
55.77,79.99999899524444,84.2261157320702,359,3.6877808570861816
55.800000000000004,80.00000376493331,84.23777855120113,358,3.6221485137939453
55.83,80.0000063253705,84.2535179981199,357,3.5497007369995117
55.86,79.99999765166739,84.25348450455284,352,3.4704902172088623
55.89,80.00000372876478,84.25641832503368,351,3.3845748901367188
55.92,80.00000460738286,84.26372280784955,349,3.292017698287964
55.95,79.99999890564102,84.2689373249575,349,3.1928865909576416
55.980000000000004,80.00000217967388,84.27880690435506,347,3.087254762649536
56.01,79.9999989774837,84.28832627038324,351,2.9752023220062256
56.04,79.99999250755036,84.30547615510478,351,2.8568148612976074
56.07,80.00000005473284,84.32278666299752,347,2.7321856021881104
56.1,79.99999486702671,84.34280969944827,339,2.6014139652252197
56.13,80.0000036752011,84.37140872710769,343,2.464606523513794
56.160000000000004,79.99999580321285,84.41011645481895,345,2.32187819480896
56.19,79.9999973628899,84.45102858022231,339,2.1733458042144775
56.22,80.00000444854957,84.4877989144363,337,2.0162906646728516
56.25,79.99999303108893,84.51394096425426,341,1.8093408346176147
56.28,79.99999871099624,84.5295384374791,340,1.5928797721862793
56.31,80.00000680184067,84.5302867295319,339,1.3776657581329346
56.34,80.00000661218236,84.53061205751357,344,1.1638418436050415
56.370000000000005,80.00000546392893,84.52673263961513,350,0.9515522718429565
56.4,80.00000369052195,84.50955064317183,353,0.7409487366676331
56.43,80.00000456662107,84.47302048135305,351,0.5321888327598572
56.46,79.9999962795275,84.44384071764013,354,0.32543498277664185
56.49,80.00000549233008,84.4141562803641,358,0.1208534985780716
56.52,80.00000516885203,84.38484011699914,342,-0.08138663321733475
56.550000000000004,79.99999286710334,84.35233988601378,342,-0.2811143398284912
56.58,80.00000177060367,84.3195259936093,346,-0.47815701365470886
56.61,80.00000059376379,84.29861575963177,344,-0.6723409295082092
56.64,80.00000199733894,84.28610522668414,349,-0.8634922504425049
56.67,79.99999677224852,84.24400351119742,345,-1.0514373779296875
56.7,80.0000061089253,84.18009291321391,347,-1.236004114151001
56.730000000000004,80.00000855844863,84.10983698598658,343,-1.4170207977294922
56.76,80.00000343970478,84.03981175155474,351,-1.5943182706832886
56.79,80.00000187347106,83.96658638842878,355,-1.767729640007019
56.82,80.00000489922878,83.90181545007555,359,-1.937605857849121
56.85,80.00000392365838,83.85808514620959,355,-2.1396594047546387
56.88,80.0000021904219,83.81902729770357,355,-2.3656413555145264
56.910000000000004,79.99999675138488,83.78012480694146,363,-2.5918784141540527
56.94,80.00000071751833,83.7492836971051,363,-2.8180346488952637
56.97,80.00000197205857,83.7307324130133,366,-3.0437986850738525
57.0,79.99999970590352,83.71225189920511,366,-3.268853187561035
57.03,80.000003131014,83.68706060969475,367,-3.4928743839263916
57.06,79.99999846013432,83.66806758139312,376,-3.715533971786499
57.09,79.9999991737448,83.65955901502711,383,-3.9364819526672363
57.120000000000005,80.00000363397402,83.65590246446862,378,-4.078785419464111
57.15,80.00000133071406,83.65128271852103,380,-4.171754837036133
57.18,79.99999974601882,83.6406116415931,386,-4.259274482727051
57.21,80.00000315703127,83.63950885698821,386,-4.341233730316162
57.24,80.00000248909598,83.65137361019606,383,-4.4174981117248535
57.27,79.9999997664147,83.6724472433065,384,-4.487947463989258
57.300000000000004,79.99999590487405,83.68593304627385,382,-4.552473545074463
57.33,80.00000795787825,83.69872949644696,382,-4.610983848571777
57.36,79.99999820310181,83.70583379945678,382,-4.663396835327148
57.39,80.0000059311671,83.70871449827543,382,-4.709641933441162
57.42,79.99999995307479,83.70673355569525,384,-4.749658584594727
57.45,79.99999971457362,83.71011267601592,386,-4.783398628234863
57.480000000000004,80.00000094717073,83.71433286658315,382,-4.810822010040283
57.51,79.99999853858262,83.7020767593302,375,-4.831901550292969
57.54,79.99999716184693,83.69072171999841,374,-4.84661865234375
57.57,79.99999957751217,83.68762842986219,373,-4.8549652099609375
57.6,80.00000454935974,83.70227509774325,371,-4.856942653656006
57.63,80.00000564531969,83.71910532597207,375,-4.852563858032227
57.660000000000004,80.00000233331002,83.74827512386578,375,-4.841852188110352
57.69,79.99999713146771,83.78077941582805,374,-4.8248419761657715
57.72,79.99999842343802,83.79726388843648,372,-4.801577568054199
57.75,79.99999754528976,83.82077795599736,372,-4.7721123695373535
57.78,79.99999679126748,83.85829975931378,369,-4.736511707305908
57.81,79.99999944277326,83.89978702282721,365,-4.694849014282227
57.84,79.99999950156999,83.94007301396778,367,-4.647206783294678
57.870000000000005,80.0000030730747,83.97380943929261,369,-4.593677043914795
57.9,80.00000180162952,84.00957603439575,367,-4.534359455108643
57.93,80.00000444315957,84.0484642825978,369,-4.469361782073975
57.96,80.00000858555822,84.0895972761233,369,-4.398798942565918
57.99,80.00000187824573,84.12152552188621,369,-4.32279109954834
58.02,79.99999560091646,84.15244544497722,367,-4.241466045379639
58.050000000000004,80.00000046087054,84.17855162316677,372,-4.154956817626953
58.08,80.00000584266697,84.18586972566672,372,-4.063465118408203
58.11,80.00000125190469,84.18073358728938,370,-3.9930198192596436
58.14,80.00000508801612,84.16845790012314,373,-3.979868173599243
58.17,80.00000121980318,84.15681371785432,367,-3.972543478012085
58.2,79.9999980632269,84.15088797538826,368,-3.964195728302002
58.230000000000004,80.0000000955093,84.15402290749014,363,-3.9528939723968506
58.26,80.00000288105448,84.16993267137431,367,-3.9368550777435303
58.29,80.00000077952824,84.1980627897295,361,-3.914464235305786
58.32,80.00000908160882,84.22439285791357,351,-3.8848023414611816
58.35,80.00000183114899,84.2334794242717,348,-3.8475966453552246
58.38,79.99999864629542,84.24039983891169,352,-3.802830457687378
58.410000000000004,80.0000018236048,84.25579500810888,352,-3.7505388259887695
58.44,79.99999516533758,84.28430865119716,348,-3.6907665729522705
58.47,80.00000343122616,84.30604514085152,352,-3.6235625743865967
58.5,80.00000605872012,84.32372708957253,358,-3.5489790439605713
58.53,79.99999680868193,84.35232316096753,360,-3.4670727252960205
58.56,79.99999973232319,84.3856819082992,366,-3.377904176712036
58.59,80.000007385097,84.40659645497527,363,-3.281538248062134
58.620000000000005,79.99999467074848,84.4170320100722,365,-3.1780450344085693
58.65,79.99999741761859,84.42791606910549,367,-3.067499876022339
58.68,79.99999431562412,84.44196407509152,365,-2.949983596801758
58.71,80.00000287769274,84.45077325220181,362,-2.8255844116210938
58.74,80.00000100261465,84.4403821217493,360,-2.694397449493408
58.77,80.00000033069797,84.42289140248762,355,-2.556525230407715
58.800000000000004,79.99999930616411,84.39384016035429,361,-2.4120774269104004
58.83,79.99999834093623,84.36306756618113,370,-2.2611701488494873
58.86,80.00000425578213,84.34735635074085,370,-2.103835105895996
58.89,79.99999474241798,84.31452003273282,376,-1.9193859100341797
58.92,79.99999964863385,84.28230435142417,382,-1.6957199573516846
58.95,80.00000056249469,84.24629914982529,390,-1.472434639930725
58.980000000000004,79.99999629554408,84.21563429935877,393,-1.250081181526184
59.01,79.99999321044224,84.1946945772356,392,-1.028803825378418
59.04,80.00000118303423,84.16953210176449,390,-0.808753490447998
59.07,80.00000038842457,84.17840850618208,396,-0.5900866985321045
59.1,79.99999780388045,84.20517420974991,399,-0.37296557426452637
59.13,80.00000212092756,84.22714087961815,393,-0.15755629539489746
59.160000000000004,80.00000796415847,84.24502796610861,395,0.05597088485956192
59.19,79.99999741473032,84.26888449430287,396,0.267442911863327
59.22,79.9999994611384,84.30139144775804,388,0.47668394446372986
59.25,79.99999801579634,84.32743226149358,382,0.6835160255432129
59.28,80.00000240095127,84.34333499036572,376,0.8877600431442261
59.31,79.99999846757927,84.35235892651633,378,1.0892363786697388
59.34,79.999999010193,84.35933338609195,374,1.2877657413482666
59.370000000000005,79.99999830128782,84.35434120310897,370,1.4831689596176147
59.4,80.00000203640352,84.34694846429765,369,1.6752692461013794
59.43,79.99999742325355,84.34571110761759,372,1.8639200925827026
59.46,80.00000659196904,84.3383192765065,372,2.064469337463379
59.49,80.00000260307161,84.33434790949853,378,2.30886173248291
59.52,80.00000164956633,84.32822147646786,368,2.5553221702575684
59.550000000000004,79.99999680606781,84.31903442962738,374,2.8028783798217773
59.58,80.00000288144594,84.30902136889677,368,3.0512285232543945
59.61,79.9999983729344,84.29661292411869,372,3.3000662326812744
59.64,79.99999699976688,84.2914469876737,374,3.5490779876708984
59.67,79.99999790703156,84.2918565722257,375,3.7979445457458496
59.7,80.00000018433565,84.27006565250484,371,4.030797481536865
59.730000000000004,80.00000187952448,84.23626501715151,372,4.157195091247559
59.76,80.00000054934901,84.20092374418746,371,4.27732515335083
59.79,80.00000458197681,84.18009341225333,373,4.392480373382568
59.82,79.99999475231344,84.17242344708939,375,4.502501487731934
59.85,79.99999726054412,84.17799872222369,375,4.607237339019775
59.88,80.00000033058899,84.17506429951132,377,4.7065510749816895
59.910000000000004,80.0000027572334,84.1618280738796,381,4.800310134887695
59.94,79.99999820234449,84.14703103831651,385,4.888395309448242
59.97,79.99999462419586,84.13016726946798,385,4.970693588256836
60.0,79.99999961304526,84.11566804406668,379,5.047103404998779
60.03,80.00000054380115,84.09819424046579,379,5.117530345916748
60.06,79.99999857000323,84.08894683999905,385,5.181887149810791
60.09,80.00000481211536,84.08785497196703,389,5.24009895324707
60.120000000000005,79.9999969130367,84.09290189261093,382,5.292098522186279
60.15,79.99999979404726,84.09138618682609,377,5.337832927703857
60.18,79.99999885316103,84.0935738590097,377,5.377258777618408
60.21,80.00000220314898,84.09681501922694,381,5.410344123840332
60.24,79.9999967420218,84.10589558493503,379,5.437065601348877
60.27,80.00000222376737,84.12616249289664,377,5.4574103355407715
60.300000000000004,79.99999963541997,84.16028308948356,379,5.47137451171875
60.33,79.99999713479437,84.1902872176197,380,5.478962421417236
60.36,79.99999874049544,84.22464043860249,384,5.480188846588135
60.39,79.99999510189124,84.26212244380814,388,5.475076198577881
60.42,79.9999967989469,84.29603522004709,384,5.463656902313232
60.45,79.9999967910609,84.33723202804671,390,5.445970058441162
60.480000000000004,80.0000000063141,84.39017215562905,391,5.4220662117004395
60.51,80.00000183907515,84.4522029925594,397,5.392002582550049
60.54,79.99999948102914,84.51090517750318,387,5.355848789215088
60.57,79.9999999029743,84.5552079181047,379,5.313683032989502
60.6,80.00000163416203,84.58946400797745,383,5.265590667724609
60.63,79.99999846233773,84.60924537277636,383,5.211667060852051
60.660000000000004,79.99999430583878,84.63213865998392,383,5.152015209197998
60.69,80.00000441448975,84.66154310456186,390,5.0867438316345215
60.72,80.00000742851546,84.6886338034694,400,5.0159711837768555
60.75,79.99999008341828,84.7063199961917,407,4.939818859100342
60.78,80.00000096171384,84.72351876784799,407,4.858418941497803
60.81,80.00000463961997,84.74093250644471,409,4.771907806396484
60.84,80.00000216472742,84.74665467937083,412,4.680426120758057
60.870000000000005,79.9999992114581,84.75593255692434,406,4.584122180938721
60.9,80.00000112435741,84.76373327492679,401,4.48314905166626
60.93,80.00000298874797,84.75765358518738,399,4.377658843994141
60.96,80.00000459496869,84.74596501239414,394,4.26781702041626
60.99,80.00000124930915,84.74249239742858,394,4.1537861824035645
61.02,80.000005108008,84.75191910587776,394,4.03614616394043
61.050000000000004,80.00000596482339,84.7641074630031,394,3.97592830657959
61.08,80.00000233737757,84.77331614505216,392,3.95733642578125
61.11,79.9999954754724,84.78266667363422,390,3.9379353523254395
61.14,80.00000521157958,84.80125353899827,395,3.913012742996216
61.17,80.00000484917067,84.81832959586467,393,3.8812193870544434
61.2,80.00000064517747,84.83775185271904,399,3.8422770500183105
61.230000000000004,80.00000450042124,84.84704914049578,402,3.7961905002593994
61.26,80.00000117982188,84.84766574863814,398,3.7430057525634766
61.29,80.00000368480582,84.84260436348944,397,3.6827757358551025
61.32,80.00000545355093,84.83959062370764,391,3.61555552482605
61.35,80.00000564338536,84.82705399978077,385,3.5414035320281982
61.38,80.00000034139823,84.80678074995582,378,3.4603803157806396
61.410000000000004,80.00000218027634,84.79113459063319,381,3.3725521564483643
61.44,80.00000129934394,84.77722027475951,380,3.277987480163574
61.47,80.00000068474242,84.7658895932054,380,3.1767609119415283
61.5,80.00000149389192,84.7529383964037,383,3.0689516067504883
61.53,79.99999709343915,84.74023559411384,377,2.954645872116089
61.56,79.99999708918506,84.72878532229147,381,2.833934783935547
61.59,80.0000006900748,84.71511963200255,379,2.706916570663452
61.620000000000005,79.99999855119628,84.71027151661552,373,2.573697328567505
61.65,80.00000216864362,84.72140903407494,367,2.4343886375427246
61.68,80.00000076799628,84.7337558670776,367,2.289109468460083
61.71,79.99999959922765,84.7487095476595,373,2.1379635334014893
61.74,80.00000195938642,84.76228687247205,369,1.9716655015945435
61.77,80.00000093946007,84.78231974686722,370,1.755819320678711
61.800000000000004,80.00000246760902,84.82452437377289,370,1.538271188735962
61.83,80.00000003538064,84.86843199262351,376,1.3219839334487915
61.86,79.99999926067999,84.89063329562893,366,1.10709810256958
61.89,79.99999119954073,84.90317745003159,366,0.893761396408081
61.92,79.99999694479818,84.92293696263486,370,0.6821287870407104
61.95,80.00000308389016,84.94673202597211,372,0.47236162424087524
61.980000000000004,79.99999814589938,84.9680739687149,363,0.2646259665489197
62.01,80.00000902100768,84.99973073651678,359,0.059091806411743164
62.04,80.00000470615177,85.03820996844587,369,-0.14406779408454895
62.07,79.99999922958266,85.06593303379995,371,-0.34467706084251404
62.1,80.0000024926701,85.08207786856967,370,-0.5425583124160767
62.13,80.00000314420207,85.09105986990522,373,-0.7375327944755554
62.160000000000004,79.99999913010973,85.08801448315535,385,-0.929421067237854
62.190000000000005,79.99999649200439,85.0796932720513,377,-1.1180434226989746
62.22,80.00000529848194,85.0694419408921,375,-1.3032203912734985
62.25,80.00000025482642,85.05189066962892,375,-1.4847729206085205
62.28,80.00000287783142,85.03226864975024,385,-1.662523627281189
62.31,80.00000492479627,85.00766861451768,389,-1.8363088369369507
62.34,80.00000093823262,84.97611104581682,393,-2.011934995651245
62.370000000000005,80.00000143574272,84.93304188028931,392,-2.2349789142608643
62.4,79.99999812437937,84.88314240776945,393,-2.4631173610687256
62.43,80.0000039009361,84.83738115920002,395,-2.6913626194000244
62.46,79.99999949613293,84.8107577564239,393,-2.919403076171875
62.49,80.00000133359839,84.77639364967276,390,-3.146919012069702
62.52,79.99999988568887,84.74924156213662,384,-3.3735857009887695
62.550000000000004,79.99999604583027,84.7097964024308,386,-3.599071979522705
62.58,79.99999749428065,84.66573028115944,384,-3.8230414390563965
62.61,80.00000322409772,84.62315175312736,382,-4.02795934677124
62.64,80.00000204498973,84.58071012567092,384,-4.127706050872803
62.67,79.99999700790931,84.54155236038244,380,-4.219988822937012
62.7,80.00000077828382,84.51558012678844,386,-4.306704998016357
62.730000000000004,79.9999963707654,84.50396388605633,387,-4.387704849243164
62.76,79.99999807142731,84.49752158086767,383,-4.462850093841553
62.79,80.00000284769578,84.49265189319374,383,-4.532017707824707
62.82,79.99999440443453,84.48883736098337,381,-4.595097541809082
62.85,79.99999626435398,84.49114119199437,391,-4.6519927978515625
62.88,79.9999995092449,84.49835776126265,395,-4.70261812210083
62.910000000000004,80.00000314342101,84.50176357211687,396,-4.746898651123047
62.940000000000005,80.00000598515076,84.50677297962753,404,-4.784774303436279
62.97,79.99999978415396,84.50859054013142,404,-4.8161940574646
63.0,80.0000050032674,84.5090444420578,408,-4.841119289398193
63.03,80.00000058797777,84.51055779751424,405,-4.859522819519043
63.06,80.00000371448932,84.51697804232737,403,-4.871391773223877
63.09,79.99999954190754,84.52588451705293,403,-4.876725196838379
63.120000000000005,79.99999593744107,84.5389159523697,402,-4.87553071975708
63.15,80.00000327934372,84.55157339795495,403,-4.867830753326416
63.18,80.00000321615059,84.56403778430547,401,-4.853657245635986
63.21,80.00000695505108,84.5842014037203,401,-4.833052635192871
63.24,80.00000075588233,84.60323301099662,395,-4.806069850921631
63.27,79.9999984625697,84.62345176315748,397,-4.77277135848999
63.300000000000004,79.99999857860162,84.65201119740384,394,-4.733229637145996
63.33,80.0000031506199,84.67398324568151,399,-4.687524795532227
63.36,80.00000299155265,84.69349628033144,403,-4.635745048522949
63.39,80.00000795399802,84.71448781875887,403,-4.577987194061279
63.42,79.99999765724391,84.73968827201014,402,-4.5143561363220215
63.45,79.99999413033376,84.77870637977293,410,-4.444962501525879
63.480000000000004,80.00000232029798,84.81611519302736,402,-4.369924545288086
63.51,80.00000330468458,84.84602926730759,396,-4.289367198944092
63.54,80.0000020755777,84.8744962592647,398,-4.203421115875244
63.57,80.00000442733749,84.90211440334194,396,-4.1122260093688965
63.6,79.99999786954807,84.91782721890756,391,-4.0183539390563965
63.63,80.0000010492453,84.93351338906513,391,-3.983384370803833
63.660000000000004,79.99999872371372,84.93467513336837,393,-3.9743034839630127
63.690000000000005,80.0000043994786,84.93328200249303,401,-3.9658029079437256
63.72,79.99999594391281,84.94017474639195,403,-3.954728603363037
63.75,80.00000187384646,84.94634535159982,398,-3.9390835762023926
63.78,80.00000233642115,84.95559681712739,400,-3.9171082973480225
63.81,80.00000157089495,84.96530943605207,402,-3.887756824493408
63.84,80.0000001596727,84.97262102907412,398,-3.8507041931152344
63.870000000000005,80.00000236740533,84.98061077887017,400,-3.8059237003326416
63.9,80.00000576184833,84.9871574107439,394,-3.7534525394439697
63.93,80.00000493786179,84.99512688761615,394,-3.693338394165039
63.96,80.00000017529322,84.99933014924575,384,-3.625636339187622
63.99,79.99999837320765,85.00497727859451,382,-3.5504066944122314
64.02,79.99999868965199,85.00898201585913,384,-3.4677140712738037
64.05,80.00000544415519,84.99528166576748,374,-3.377624988555908
64.08,80.00000434646125,84.9899521928014,378,-3.280210494995117
64.11,80.00000063829074,85.00348236488449,384,-3.175546646118164
64.14,80.00000120054453,85.03147311143431,381,-3.063713550567627
64.17,80.00000537130633,85.06731473063662,385,-2.944797992706299
64.2,80.00000233036758,85.10147922438478,385,-2.818892002105713
64.23,79.99999852735665,85.12352478106752,391,-2.68609356880188
64.26,80.00000486910334,85.14490658102675,391,-2.5465097427368164
64.29,80.00000085651914,85.17251751810197,398,-2.400254249572754
64.32000000000001,79.99999868443452,85.18904295969242,402,-2.2474465370178223
64.35,80.00000192114648,85.18365774360294,402,-2.0880379676818848
64.38,79.99999932562443,85.18038134999831,412,-1.8959776163101196
64.41,79.99999823476493,85.17493487632417,410,-1.670634388923645
64.44,80.00000206303032,85.15963660978305,412,-1.445878028869629
64.47,79.99999990764552,85.12936699550849,406,-1.2220203876495361
64.5,80.00000711981491,85.09743607519823,419,-0.9992086291313171
64.53,80.00000099202212,85.06371297263519,419,-0.7775974273681641
64.56,80.00000164206438,85.02172782502485,423,-0.5573464035987854
64.59,80.00000464795829,84.98322474896884,419,-0.33862069249153137
64.62,80.0000005342203,84.94940484747706,419,-0.1215895563364029
64.65,80.00000482052151,84.91990356895143,423,0.09357434511184692
64.68,79.999998425529,84.88883765442297,423,0.3066962957382202
64.71000000000001,80.0000048496387,84.85939373042149,416,0.5176004767417908
64.74,80.00000147845427,84.85022646519815,416,0.72611004114151
64.77,79.99999653444233,84.84739124488081,418,0.9320467114448547
64.8,79.99999661156387,84.8357389602062,410,1.1352307796478271
64.83,80.00000204262082,84.81693544221478,407,1.3354827165603638
64.86,80.0000006857857,84.79572498494504,412,1.5326228141784668
64.89,80.00000041519293,84.78669443491495,414,1.7264727354049683
64.92,79.99999892065512,84.78762261149362,416,1.9170608520507812
64.95,79.9999989043336,84.79775722625274,410,2.1365561485290527
64.98,80.00000384427835,84.81535898847739,415,2.385033130645752
65.01,79.99999686958054,84.82570925336445,419,2.63498854637146
65.04,79.99999932148003,84.84042467550302,416,2.8860883712768555
65.07000000000001,79.99999627386715,84.86359596276087,413,3.138025999069214
65.1,80.00000305063183,84.87779072433914,413,3.3904876708984375
65.13,80.00000330479646,84.88228897938372,407,3.6431539058685303
65.16,80.0000014796981,84.88052559021737,405,3.895698308944702
65.19,80.00000593548789,84.8757300960208,405,4.084968566894531
65.22,80.000000155225,84.87844951297481,405,4.212020397186279
65.25,80.00000231195183,84.88484411950974,414,4.334194660186768
65.28,80.00000196292439,84.88687141916729,416,4.451337814331055
65.31,80.00000012150885,84.88352042647806,421,4.563289165496826
65.34,80.00000659151857,84.86696300973061,423,4.669900894165039
65.37,79.99999949075492,84.84725614270698,423,4.771033763885498
65.4,80.00000622918235,84.83523483547192,423,4.866560459136963
65.43,79.99999963624371,84.83455378353592,413,4.956359386444092
65.46000000000001,79.9999957963192,84.85636156253474,411,5.040319442749023
65.49,79.9999990257046,84.86494186894565,405,5.118338584899902
65.52,80.00000230264683,84.87519733403313,408,5.1903228759765625
65.55,79.99999935506054,84.89573992939931,413,5.256186485290527
65.58,79.99999437561074,84.91817330880629,408,5.315850734710693
65.61,80.00000270095396,84.93648822508229,407,5.3692450523376465
65.64,80.00000432236756,84.94972387306271,413,5.416308879852295
65.67,80.00000597747928,84.97450451046537,408,5.456992149353027
65.7,80.00000476782039,85.00416638350524,413,5.491253852844238
65.73,80.00000289369703,85.0234641250802,421,5.519064426422119
65.76,80.00000007618358,85.03391563470637,418,5.540404319763184
65.79,79.99999368493204,85.04968454739551,422,5.555262565612793
65.82000000000001,79.99999919268605,85.06668078992053,422,5.5636396408081055
65.85,80.0000032399337,85.07948412248987,421,5.5655436515808105
65.88,80.00000064298364,85.08502851837503,424,5.560993671417236
65.91,80.00000274006514,85.09528710382259,422,5.5500168800354
65.94,80.00000134030522,85.10474597719981,422,5.532650947570801
65.97,80.00000012000912,85.12204294588388,421,5.508943557739258
66.0,80.0000008781789,85.14198651717766,418,5.478954315185547
66.03,79.99999651448037,85.16612476214134,416,5.442749977111816
66.06,79.99999899809029,85.19727655673206,426,5.400410175323486
66.09,79.99999649609319,85.23980296422334,417,5.35202169418335
66.12,80.0000069721264,85.29542066790395,421,5.297680854797363
66.15,79.9999974542298,85.33643337521762,413,5.237491607666016
66.18,79.99999924211114,85.35981181601761,415,5.171565532684326
66.21000000000001,79.99999637405996,85.37636305980423,421,5.100019454956055
66.24,80.00000166863232,85.38983118386231,427,5.022979259490967
66.27,80.00000446272006,85.40173259753406,431,4.94057559967041
66.3,79.99999976521728,85.41525669998568,437,4.852946758270264
66.33,80.00000153317919,85.42879699959039,441,4.760233402252197
66.36,80.00000242656647,85.43943679062718,440,4.662583827972412
66.39,80.00000411029629,85.44860005381761,440,4.560150623321533
66.42,80.00000398204962,85.45593815096007,436,4.4530930519104
66.45,80.00000282583086,85.46081721608579,433,4.3415727615356445
66.48,80.0000007122977,85.46802268995353,432,4.22575569152832
66.51,80.00000299969093,85.47588936764362,434,4.105809688568115
66.54,80.0000055973093,85.46517716682676,428,3.9944756031036377
66.57000000000001,80.00000514786115,85.45826713232326,428,3.9641647338867188
66.6,80.0000018801932,85.46108732751918,426,3.9431962966918945
66.63,79.9999976996825,85.47467483101828,420,3.9176907539367676
66.66,80.00000515830453,85.48405236899413,415,3.885368824005127
66.69,80.00000474686408,85.47218257157479,410,3.8457961082458496
66.72,79.99999914815636,85.45909968445456,410,3.798964262008667
66.75,80.00000415377707,85.44756982502453,416,3.7449264526367188
66.78,80.00000246641257,85.43226502973059,415,3.683741331100464
66.81,80.00000728819163,85.4256925795497,425,3.6154701709747314
66.84,80.00000224155839,85.42510746155814,417,3.5401785373687744
66.87,80.0000006736249,85.42413550176006,416,3.457932233810425
66.9,80.000000792274,85.42141808099548,418,3.368803024291992
66.93,80.00000202321876,85.40875993422462,425,3.272864580154419
66.96000000000001,79.99999719883897,85.39493712154032,419,3.170196294784546
66.99,79.99999464705594,85.36908078461269,423,3.0608816146850586
67.02,79.99999796524936,85.34405475420763,421,2.945010185241699
67.05,79.99999674118891,85.31834606794511,412,2.82267689704895
67.08,80.00000261562599,85.30393170762466,414,2.6939830780029297
67.11,80.00000670288685,85.28556908416178,414,2.559037208557129
67.14,80.000001802643,85.28376143838003,410,2.4179534912109375
67.17,79.99999999348329,85.2879677564134,414,2.270853281021118
67.2,80.00000463000782,85.30012492961124,409,2.117811441421509
67.23,79.99999577597991,85.30514833912639,414,1.9434443712234497
67.26,80.00000298292818,85.3187228694513,404,1.7247591018676758
67.29,79.99999576835643,85.33119053914193,406,1.5061620473861694
67.32000000000001,79.99999818667406,85.34036729937495,403,1.2888168096542358
67.35,80.0000010134394,85.34332943855166,399,1.0728628635406494
67.38,80.00000309348842,85.3472953036502,399,0.8584468960762024
67.41,80.00000062257111,85.35455252183587,395,0.6457229852676392
67.44,80.00000080860154,85.36124176964405,395,0.43485137820243835
67.47,80.00000136355663,85.3675388613147,388,0.22599799931049347
67.5,80.00000268566687,85.3807914598363,386,0.019332824274897575
67.53,80.00000023049219,85.39528859371569,384,-0.184970885515213
67.56,79.9999969615908,85.4122785261245,380,-0.38673722743988037
67.59,79.99999833566315,85.42853570482126,381,-0.5857880711555481
67.62,79.99999736520431,85.44619505863118,381,-0.7819438576698303
67.65,79.99999621411469,85.46502897673383,383,-0.9750239849090576
67.68,79.99999990892691,85.48463479531367,385,-1.164847493171692
67.71000000000001,80.00000680305243,85.50135371799831,375,-1.351232647895813
67.74,80.00000188960189,85.51234982978174,374,-1.5339990854263306
67.77,79.99999171869952,85.51497371743154,375,-1.712967038154602
67.8,80.00000112195859,85.51345669218556,379,-1.8880363702774048
67.83,80.000003132763,85.49942482243473,382,-2.0793747901916504
67.86,80.00000162324994,85.48118442470148,386,-2.309526205062866
67.89,79.99999820560599,85.46508268401018,388,-2.5405049324035645
67.92,80.00000596694989,85.4509243792552,398,-2.7716124057769775
67.95,80.00000104241768,85.44043484821063,400,-3.002533197402954
67.98,80.00000383321895,85.44217572944216,400,-3.232945203781128
68.01,80.0000028476691,85.4412163143686,398,-3.462519407272339
68.04,80.00000225313377,85.43560652097761,396,-3.6909215450286865
68.07000000000001,80.0000053957342,85.43014385929143,396,-3.9178085327148438
68.1,79.99999641633731,85.42973716455207,400,-4.075056076049805
68.13,80.00000088743111,85.42726774286227,400,-4.174332618713379
68.16,80.00000137387477,85.4420517123567,402,-4.268110752105713
68.19,80.0000019668022,85.46622524166045,406,-4.356271266937256
68.22,79.99999986009503,85.47342642134952,408,-4.438660144805908
68.25,80.00000133829164,85.4657972603469,407,-4.515135288238525
68.28,79.99999825466085,85.45400470922928,414,-4.585568904876709
68.31,80.00000502521749,85.4474075698325,420,-4.649847507476807
68.34,80.0000002284759,85.44988643087589,418,-4.707870960235596
68.37,80.00000293081226,85.45020048556368,411,-4.759549617767334
68.4,79.99999966028427,85.45988384874329,402,-4.804808139801025
68.43,79.99999871440293,85.46677287660772,403,-4.843581199645996
68.46000000000001,79.99999941779323,85.47826077788937,410,-4.875816345214844
68.49,79.99999997791626,85.50398844869581,414,-4.901472568511963
68.52,79.99999935993503,85.52505548634831,412,-4.920521259307861
68.55,80.00000112939708,85.54787165863931,408,-4.932945728302002
68.58,79.99999635250782,85.58562941481307,407,-4.938746452331543
68.61,79.99999805393753,85.63414392564822,409,-4.937928199768066
68.64,80.00000637949822,85.67529039462863,404,-4.930513858795166
68.67,79.99999911909718,85.7154239288854,408,-4.916530609130859
68.7,80.00000275949662,85.7511606456043,405,-4.896022319793701
68.73,79.99999639114593,85.78127323600188,406,-4.8690409660339355
68.76,80.00000052472478,85.8062416149788,406,-4.835647106170654
68.79,80.0000017330525,85.82785573129543,410,-4.795910835266113
68.82000000000001,80.00000050606776,85.83720815490761,414,-4.749909400939941
68.85000000000001,79.99999854919788,85.84887931282132,412,-4.697730541229248
68.88,80.00000404281275,85.85175733811462,415,-4.639467716217041
68.91,79.99999698277978,85.8389619462848,418,-4.575222969055176
68.94,80.00000415992015,85.82617722933222,425,-4.505106449127197
68.97,79.9999988603577,85.80967116691768,429,-4.429234981536865
69.0,80.00000359860296,85.7946183200052,433,-4.347732067108154
69.03,79.99999940940522,85.78600797079812,429,-4.260727882385254
69.06,80.00000741873177,85.77674513104381,427,-4.168361663818359
69.09,79.99999605600244,85.75777179540599,414,-4.070812702178955
69.12,80.00000287159922,85.73740610102344,417,-3.992161989212036
69.15,79.99999793763592,85.71459744760409,413,-3.9762139320373535
69.18,79.99999599313699,85.70115384252955,413,-3.9665884971618652
69.21000000000001,80.00000065258408,85.7076343342918,411,-3.9550812244415283
69.24,80.00000100054368,85.72355630021401,417,-3.9390783309936523
69.27,79.9999993343717,85.74508305903515,419,-3.9166550636291504
69.3,80.00000393313923,85.77510575698798,418,-3.8867251873016357
69.33,79.9999991150257,85.80919530020675,417,-3.8489646911621094
69.36,79.99999858855973,85.83997619392589,412,-3.803352117538452
69.39,79.9999993750353,85.86531026687888,410,-3.7499260902404785
69.42,80.00000038208127,85.88777139386887,412,-3.688736915588379
69.45,80.00000009855889,85.89516038080572,414,-3.6198415756225586
69.48,79.99999729338191,85.9050091459068,420,-3.543302059173584
69.51,79.99999911040236,85.92113070978291,422,-3.4591877460479736
69.54,79.99999632495414,85.92435881018143,416,-3.3675711154937744
69.57000000000001,80.00000264796772,85.91473635211169,422,-3.268529176712036
69.60000000000001,80.00000510950106,85.89790839778162,426,-3.1621429920196533
69.63,80.00000207779615,85.88105202542408,421,-3.048497438430786
69.66,80.00000544759526,85.86624509274499,421,-2.9276833534240723
69.69,79.99999642689465,85.8608352483103,420,-2.7997963428497314
69.72,80.00000045517233,85.84790528407707,412,-2.6649394035339355
69.75,80.00000353456116,85.82352273319842,416,-2.523221492767334
69.78,80.00000456751187,85.79887007104357,419,-2.3747591972351074
69.81,80.00000265616538,85.76189555843669,417,-2.2196762561798096
69.84,79.99999734337743,85.72971787724178,415,-2.0575127601623535
69.87,80.00000035612688,85.69438239570042,418,-1.8530513048171997
69.9,79.9999971954321,85.6459255467296,416,-1.6264268159866333
69.93,79.99999628191763,85.60151291402322,414,-1.400510549545288
69.96000000000001,79.99999682576596,85.57468643220767,411,-1.1754810810089111
69.99,80.00000185782085,85.55475727949101,419,-0.9514888525009155
70.02,79.99999991452943,85.53808551401956,417,-0.7286903858184814
70.05,79.99999693442066,85.54157783685599,420,-0.5072470903396606
70.08,79.99999977789444,85.54742910267397,423,-0.28732532262802124
70.11,79.99999443445029,85.54514554364505,429,-0.06909506022930145
70.14,79.99999996657175,85.53227347704092,425,0.1472705453634262
70.17,79.99999949130975,85.51449067283573,427,0.36159682273864746
70.2,79.99999795780704,85.49610248544136,429,0.5737082958221436
70.23,80.000001807733,85.46506874088475,429,0.7834291458129883
70.26,79.99999727969167,85.44802675431218,421,0.9905831813812256
70.29,80.00000278383874,85.43546521177954,417,1.194993257522583
70.32000000000001,79.99999546060485,85.41247612805407,413,1.3964816331863403
70.35000000000001,80.00000259313435,85.3845243134806,410,1.5948703289031982
70.38,79.99999873761664,85.35637135642011,416,1.789983868598938
70.41,79.9999982617907,85.32894190966927,418,1.983902931213379
70.44,79.99999290349237,85.31855815784343,415,2.22464656829834
70.47,79.9999992913225,85.3198918904396,419,2.4764583110809326
70.5,80.00000023335231,85.31231723249829,420,2.7297635078430176
70.53,79.99999576117285,85.30326234996336,423,2.9842605590820312
70.56,80.00000345040628,85.29591393984467,422,3.239640474319458
70.59,79.99999891185992,85.29568456187548,427,3.4955878257751465
70.62,79.99999963702228,85.29199089706485,431,3.751779556274414
70.65,79.99999637447854,85.28976418108284,431,4.005190372467041
70.68,80.00000380082795,85.29483553192458,437,4.14586877822876
70.71000000000001,80.00000351561806,85.30189053599106,437,4.274678707122803
70.74,80.00000325911236,85.3012583885123,441,4.398608684539795
70.77,79.99999536828517,85.3175175741006,447,4.517484664916992
70.8,80.00000287177075,85.3365907790967,447,4.631145000457764
70.83,79.99999955782403,85.36216908928039,437,4.739438533782959
70.86,80.00000258086612,85.39638931504604,433,4.842226982116699
70.89,80.00000265163715,85.42615278151096,433,4.939379692077637
70.92,80.00000115641068,85.46970315337339,428,5.0307793617248535
70.95,80.00000139039783,85.51517864915846,434,5.116312026977539
70.98,79.99999859229177,85.5536121277212,433,5.195875644683838
71.01,80.00000362914297,85.58814141272495,433,5.269375324249268
71.04,80.00000437815571,85.62620807151356,429,5.336723804473877
71.07000000000001,79.99999734724238,85.6653818416808,422,5.397841453552246
71.10000000000001,79.99999868248659,85.70472062936936,422,5.4526543617248535
71.13,80.00000169557997,85.74620260484203,424,5.501099109649658
71.16,79.99999785509694,85.79031755413037,419,5.543118476867676
71.19,79.99999727001806,85.83550943910468,422,5.578667640686035
71.22,80.0000049424366,85.87253619220463,422,5.607710838317871
71.25,79.99999912784766,85.91472868272176,423,5.630223751068115
71.28,80.00000303345077,85.9596453830023,423,5.6461920738220215
71.31,80.00000065244245,86.00049050006835,424,5.655611038208008
71.34,79.99999609767563,86.04123240277903,425,5.658484935760498
71.37,80.00000325215545,86.08496638098256,425,5.65482759475708
71.4,80.00000434783902,86.13624199339891,429,5.6446614265441895
71.43,79.9999975907005,86.18019435279044,429,5.628018856048584
71.46000000000001,79.9999998378325,86.22365181369771,431,5.604941368103027
71.49,79.99999842453909,86.26286433851546,433,5.575482368469238
71.52,79.99999532308667,86.30878518268793,432,5.539703369140625
71.55,79.99999462877973,86.34342365141518,436,5.497677326202393
71.58,80.00000345214778,86.37417445852363,444,5.44948673248291
71.61,80.00000113051031,86.3903072548604,445,5.395223140716553
71.64,80.00000425558804,86.41287044490484,447,5.334988117218018
71.67,80.0000003911229,86.4331623336335,443,5.2688889503479
71.7,80.00000056632774,86.45118441159583,441,5.197042942047119
71.73,80.00000100214002,86.46349144455239,455,5.11957311630249
71.76,79.99999444910867,86.47603907578454,451,5.03660774230957
71.79,80.00000122159956,86.47340271148292,453,4.948281764984131
71.82000000000001,80.0000014684037,86.46968087140755,463,4.854736328125
71.85000000000001,79.99999899657898,86.46915558880052,463,4.7561163902282715
71.88,80.0000001383235,86.45967897118841,455,4.652573585510254
71.91,80.00000219682502,86.44270533575904,458,4.544264793395996
71.94,80.0000032024115,86.42597261031177,460,4.431351184844971
71.97,80.00000194781381,86.40446735937664,453,4.313997745513916
72.0,79.99999922646697,86.38807445455949,452,4.192375183105469
72.03,80.00000518870003,86.36872167472448,448,4.066688060760498
72.06,80.00000324069278,86.33963272001182,443,3.9784884452819824
72.09,80.00000357356487,86.31319986164767,449,3.952765703201294
72.12,80.00000199086337,86.28146477973192,447,3.9267897605895996
72.15,80.00000386062963,86.24986536438857,450,3.8944380283355713
72.18,80.00000009795123,86.2092104121571,456,3.8547487258911133
72.21000000000001,80.0000013227838,86.1502849456502,454,3.80765438079834
72.24,80.00000227214296,86.09013845968636,450,3.753209352493286
72.27,79.99999758010428,86.04510981609589,451,3.6914777755737305
72.3,80.00000275347413,86.01013875771515,453,3.622526168823242
72.33,80.00000245829223,85.98087592642683,455,3.5464224815368652
72.36,79.99999517422022,85.94235614079554,457,3.4632391929626465
72.39,79.999997598791,85.91522729888135,452,3.3730525970458984
72.42,79.99999926741414,85.89651718725375,448,3.275942087173462
72.45,79.99999735922236,85.88450747045536,438,3.1719915866851807
72.48,79.9999997299448,85.86233045244495,433,3.061288833618164
72.51,80.00000013471653,85.84758222606983,432,2.943927049636841
72.54,80.00000283591523,85.84173491344121,437,2.8200039863586426
72.57000000000001,79.99999936635979,85.84279320501682,430,2.689624071121216
72.60000000000001,79.99999742253598,85.84299598153505,432,2.5528969764709473
72.63,79.99999770307116,85.8491015383256,422,2.409940004348755
72.66,80.00000304256909,85.86233087791982,428,2.2608752250671387
72.69,79.99999976005083,85.87845626767368,432,2.1057465076446533
72.72,80.00000056095689,85.8855296605486,437,1.9249376058578491
72.75,79.99999896797571,85.86703810443097,426,1.7040998935699463
72.78,80.00000134179328,85.83946899735292,421,1.483829379081726
72.81,80.00000256305218,85.82429647481294,422,1.2647731304168701
72.84,80.00000263574152,85.81325181374726,425,1.0470699071884155
72.87,79.99999840404065,85.81583033323464,425,0.8308645486831665
72.9,80.00000053111282,85.8137656341866,430,0.6163077354431152
72.93,79.99999982112845,85.81785796771425,428,0.40355631709098816
72.96000000000001,80.00000228113362,85.81100023496244,425,0.1927725374698639
72.99,80.00000095218911,85.80517738155757,429,-0.01587625779211521
73.02,79.9999964244028,85.80270415649471,429,-0.22221900522708893
73.05,79.99999804651398,85.80732745524489,429,-0.42608174681663513
73.08,79.99999083784856,85.8160230755144,429,-0.6272883415222168
73.11,79.99999513004636,85.81998501222415,428,-0.8256612420082092
73.14,80.00000348882828,85.82314699257736,422,-1.0210217237472534
73.17,79.999997043004,85.82242380510385,429,-1.2131906747817993
73.2,79.99999590819529,85.83525457490204,431,-1.4019885063171387
73.23,79.99999607782803,85.85720529225134,436,-1.587236762046814
73.26,79.99999878568913,85.8830881077696,429,-1.768757700920105
73.29,80.0000011064843,85.8944866411256,431,-1.94706130027771
73.32000000000001,80.0000032940232,85.90977840825911,429,-2.161646604537964
73.35000000000001,80.0000006207268,85.94518141304656,431,-2.3968043327331543
73.38,79.99999712814522,85.98991642036725,435,-2.632561206817627
73.41,79.99999943702834,86.02977386012465,437,-2.8685920238494873
73.44,79.99999624262657,86.06354638362089,437,-3.104576587677002
73.47,79.99999853203424,86.0906850972628,435,-3.340191125869751
73.5,79.99999959263305,86.12144665112264,433,-3.5751049518585205
73.53,80.00000603752345,86.15561276348501,429,-3.808981418609619
73.56,79.99999747659811,86.19440913405661,430,-4.026806354522705
73.59,80.00000231283262,86.21022111536504,427,-4.1373443603515625
73.62,80.00000562909723,86.21177663933446,430,-4.240517616271973
73.65,80.0000029801403,86.21978065745166,430,-4.338255405426025
73.68,80.00000211160415,86.22770942072245,430,-4.430387020111084
73.71000000000001,80.0000036238391,86.24725349045458,424,-4.516753673553467
73.74,80.00000308983385,86.28380574529093,426,-4.5972065925598145
73.77,80.00000084839498,86.32510947302596,421,-4.671610355377197
73.8,80.00000141780717,86.36770620234998,428,-4.739843368530273
73.83,79.99999817085656,86.4036586999651,425,-4.801799297332764
73.86,80.00000191472056,86.43358574496743,434,-4.857381820678711
73.89,80.00000356153372,86.46318234269611,433,-4.906508445739746
73.92,79.9999994272582,86.48187078183602,429,-4.949107646942139
73.95,80.00000024445805,86.5094164998195,439,-4.98512077331543
73.98,80.00000268910892,86.54543917116305,435,-5.01449728012085
74.01,80.00000588522616,86.58970742210987,440,-5.037201404571533
74.04,79.99999920948599,86.63400004413357,434,-5.053206443786621
74.07000000000001,79.99999797161679,86.6729877771006,438,-5.062498092651367
74.10000000000001,79.99999428873566,86.70156430095174,450,-5.065073490142822
74.13,79.99999754023486,86.72965250723789,451,-5.06094217300415
74.16,80.0000048552715,86.76025601183204,449,-5.050126552581787
74.19,80.00000086639548,86.80223839460088,443,-5.032658576965332
74.22,80.0000024338892,86.84147181572996,441,-5.008580684661865
74.25,79.99999471677228,86.85870145829313,441,-4.9779462814331055
74.28,80.00000138229031,86.86796531852059,439,-4.940817832946777
74.31,79.99999864697314,86.88665458670641,441,-4.897266387939453
74.34,79.999997251199,86.9068700508709,430,-4.847370147705078
74.37,79.99999898108634,86.91708700732738,437,-4.791216850280762
74.4,80.0000029240202,86.93537307387308,439,-4.728902339935303
74.43,80.00000328490384,86.9180582336262,431,-4.660526752471924
74.46000000000001,80.00000317138013,86.88086463861852,439,-4.5862016677856445
74.49,79.99999815835409,86.8502085778245,440,-4.506042957305908
74.52,80.00000338017195,86.80648555351397,433,-4.420175552368164
74.55,79.99999612801457,86.75257729212079,441,-4.328733444213867
74.58,80.00000020309602,86.7058726908684,447,-4.2318572998046875
74.61,80.00000051450164,86.66518292454472,450,-4.129697322845459
74.64,80.000001551819,86.62916812937705,448,-4.0237226486206055
74.67,80.0000072805971,86.60213379278595,446,-3.9787633419036865
74.7,80.00000189494497,86.578052946144,443,-3.9651880264282227
74.73,80.00000130972477,86.54842200991614,444,-3.951061725616455
74.76,80.00000457791057,86.50756329218403,436,-3.931999683380127
74.79,80.00000203617275,86.46507253554059,433,-3.905911684036255
74.82000000000001,80.00000146254234,86.43366349489887,437,-3.871950149536133
74.85000000000001,80.00000129351743,86.4165709818239,437,-3.8299479484558105
74.88,80.00000114953527,86.41202297686556,438,-3.7799229621887207
74.91,80.0000047179002,86.40313156975033,433,-3.7219223976135254
74.94,80.00000034079899,86.40278873142805,437,-3.656001329421997
74.97,79.99999752968273,86.40389932727685,441,-3.5822203159332275
75.0,80.00000143743816,86.40616358723348,441,-3.5006468296051025
75.03,79.99999736272008,86.41466597554778,443,-3.4113550186157227
75.06,80.00000339569206,86.41200832548752,444,-3.3144261837005615
75.09,80.00000109498657,86.41253440442371,447,-3.2099459171295166
75.12,79.99999846391098,86.42471928808887,451,-3.098003387451172
75.15,79.99999837763066,86.42938082131586,455,-2.9786934852600098
75.18,79.99999681204504,86.42538847464351,442,-2.8521134853363037
75.21000000000001,80.00000076547597,86.41150669376964,445,-2.718367576599121
75.24,79.9999943789995,86.39655097446582,436,-2.5775654315948486
75.27,79.99999498878947,86.3780865771777,430,-2.4298222064971924
75.3,80.00000592926158,86.3556799011682,422,-2.2752609252929688
75.33,80.00000064343666,86.32895405256667,420,-2.113952875137329
75.36,80.00000016645026,86.30639579001188,420,-1.9276329278945923
75.39,79.99999777160211,86.2681236974335,418,-1.6992321014404297
75.42,79.99999878736605,86.2258877433844,420,-1.4708852767944336
75.45,80.00000444348653,86.18402506881954,419,-1.2432982921600342
75.48,79.99999616678018,86.14879902598952,420,-1.0166246891021729
75.51,80.00000305120943,86.11853520423956,428,-0.791022539138794
75.54,80.00000192951055,86.0941398337459,430,-0.566654622554779
75.57000000000001,79.99999814030501,86.07440132424148,436,-0.3436873257160187
75.60000000000001,80.00000176112522,86.06104324770882,439,-0.12229045480489731
75.63,80.00000052178048,86.05521664604223,439,0.09736309945583344
75.66,80.00000213295073,86.05459830235682,443,0.3150979280471802
75.69,79.99999917979349,86.05129114612869,444,0.5307366847991943
75.72,79.99999981114306,86.04037871089956,442,0.744101345539093
75.75,79.99999434854313,86.0107412020443,448,0.9550140500068665
75.78,79.99999994974947,85.98592722693864,448,1.1632980108261108
75.81,80.00000078236482,85.98210179219636,442,1.368776798248291
75.84,79.99999990955874,85.99188577844178,445,1.5712746381759644
75.87,79.99999665857705,86.00887950633005,453,1.770616054534912
75.9,79.9999999264552,86.03092020337591,460,1.9678981304168701
75.93,80.0000013514963,86.05102512979052,452,2.209199905395508
75.96000000000001,80.00000111508398,86.08092041493833,448,2.4653475284576416
75.99,80.00000199255388,86.12279266185753,443,2.7232484817504883
76.02,79.99999964293724,86.15429189631053,446,2.982602596282959
76.05,79.99999627420796,86.18280287201459,450,3.243103265762329
76.08,79.99999761497777,86.20844498822372,454,3.504437208175659
76.11,79.99999442046554,86.2396332602597,452,3.7662830352783203
76.14,79.99999780785691,86.27351052409402,449,4.02048397064209
76.17,80.0000001678164,86.3226456001962,446,4.1626362800598145
76.2,79.9999959866032,86.37958548573087,450,4.297332763671875
76.23,79.99999897308297,86.42213488701947,446,4.427243232727051
76.26,80.00000023333672,86.45298454483303,439,4.55219030380249
76.29,80.00000210620655,86.48707928556892,445,4.672005653381348
76.32000000000001,80.00000272511753,86.51319164781555,447,4.786532878875732
76.35000000000001,79.99999503322634,86.52884661742243,449,4.895625114440918
76.38,79.9999952309688,86.54527524497009,454,4.999145984649658
76.41,79.99999438138195,86.56199186903324,444,5.096968173980713
76.44,79.99999919827285,86.575276634658,446,5.188975811004639
76.47,80.00000165791401,86.57671178146481,442,5.275060653686523
76.5,79.99999527189586,86.57857945159122,438,5.355123519897461
76.53,80.00000140777489,86.56197580148596,445,5.429071426391602
76.56,80.00000120980216,86.55711934649653,445,5.496820449829102
76.59,79.99999390320335,86.55385585207925,446,5.55829381942749
76.62,80.00000246073556,86.54811923082853,444,5.613419055938721
76.65,80.00000275137263,86.54574496241992,455,5.66213321685791
76.68,79.99999884950181,86.5649199662327,452,5.704379081726074
76.71000000000001,80.00000226740919,86.60547824883498,448,5.740109443664551
76.74,79.99999519384434,86.63803370584269,442,5.769283771514893
76.77,80.0000001581775,86.67275322127267,443,5.791873455047607
76.8,79.99999666925609,86.72053937542059,448,5.807861328125
76.83,79.9999961713511,86.77465673330224,454,5.817241191864014
76.86,79.99999910346668,86.83804432106797,464,5.820014476776123
76.89,79.99999781753571,86.91892151743289,459,5.816192626953125
76.92,79.99999783565815,87.009934765039,469,5.805798530578613
76.95,79.99999777623788,87.08487276074193,465,5.788860321044922
76.98,80.00000246901133,87.1354035463726,470,5.765416622161865
77.01,80.00000295131896,87.18092877675329,472,5.735515594482422
77.04,80.0000034644138,87.22505649317371,472,5.699213027954102
77.07000000000001,79.99999954651199,87.25959922885359,464,5.656572341918945
77.10000000000001,79.99999904969398,87.2769037312599,466,5.607669353485107
77.13,80.00000036400913,87.30149080643265,457,5.55258846282959
77.16,79.99999640225016,87.33513775142838,470,5.491425514221191
77.19,79.99999799592631,87.36968505480019,472,5.424282550811768
77.22,80.00000291822514,87.40425372868393,468,5.351271629333496
77.25,80.00000452407221,87.42926817786599,469,5.2725114822387695
77.28,80.00000622449765,87.43379956471304,461,5.18812894821167
77.31,80.0000021473613,87.43782720786926,457,5.0982561111450195
77.34,80.00000342000556,87.43696577054077,452,5.003032207489014
77.37,80.00000269393644,87.43273219627244,457,4.902601718902588
77.4,79.99999762882264,87.42057131806699,459,4.797112464904785
77.43,80.00000175869722,87.41072454027395,459,4.686720848083496
77.46000000000001,79.99999669010894,87.37389101221544,457,4.571586608886719
77.49,79.99999633187424,87.3171596819742,469,4.451873779296875
77.52,80.00000192711948,87.25974281792084,467,4.327752590179443
77.55,79.99999825288668,87.21934518844199,469,4.19939661026001
77.58,80.00000424677847,87.1807649016755,465,4.067014694213867
77.61,80.00000023295051,87.1336774949866,466,3.9752426147460938
77.64,80.00000196568836,87.08001517641661,470,3.9450347423553467
77.67,79.9999984052866,87.0167581347519,468,3.912745952606201
77.7,79.99999782496309,86.9502228501534,469,3.8733737468719482
77.73,80.00000563604843,86.8846365654275,467,3.8264451026916504
77.76,79.99999890197557,86.8217272689892,470,3.771991014480591
77.79,79.99999829787147,86.76045683922,481,3.71008038520813
77.82000000000001,80.00000036030869,86.72044583954646,477,3.640784978866577
77.85000000000001,80.00000293146672,86.69015827949902,473,3.564178466796875
77.88,79.99999401288717,86.67431918872477,469,3.480337142944336
77.91,80.00000407182543,86.66574211774818,473,3.3893394470214844
77.94,79.99999845699234,86.66322932410465,469,3.291268825531006
77.97,80.00000047515984,86.65216933100741,463,3.186213254928589
78.0,79.99999937614328,86.63423631682934,457,3.0742647647857666
78.03,80.00000117346195,86.61491899697,449,2.9555208683013916
78.06,79.99999617966908,86.59627387828141,445,2.8300833702087402
78.09,79.99999719269296,86.57620372168533,449,2.69805908203125
78.12,80.0000021522266,86.5642740894805,449,2.559560537338257
78.15,80.0000048733563,86.56402495833709,450,2.4147064685821533
78.18,79.99999578780248,86.54618161612966,450,2.263622522354126
78.21000000000001,79.99999984917253,86.53275235246123,451,2.106356382369995
78.24,79.99999815332446,86.52077583339128,443,1.9230831861495972
78.27,80.00000198977537,86.49800340367351,448,1.6999198198318481
78.3,80.00000218331319,86.4664938731748,443,1.4773168563842773
78.33,79.99999586844798,86.4468836976821,453,1.2558857202529907
78.36,79.99999606200038,86.42998942776218,454,1.035766839981079
78.39,79.9999990375428,86.4274924871445,458,0.8171055912971497
78.42,79.99999666772155,86.41872664360712,451,0.6000518202781677
78.45,80.00000395399927,86.40845764673402,452,0.3847601115703583
78.48,79.999996748136,86.41083164349214,449,0.17138879001140594
78.51,80.00000267720813,86.41128512258697,445,-0.03989916667342186
78.54,79.99999990035462,86.41147675250564,442,-0.24893654882907867
78.57000000000001,79.99999687842258,86.42356329974612,440,-0.45555269718170166
78.60000000000001,80.00000162345599,86.4493249229423,440,-0.659574568271637
78.63,80.00000003552077,86.47333251191735,440,-0.8608271479606628
78.66,80.00000093128128,86.49522849991114,449,-1.059134602546692
78.69,80.00000021966086,86.52312280841792,445,-1.2543201446533203
78.72,79.99999830677176,86.56825232532016,448,-1.446208119392395
78.75,80.00000066885927,86.61440373338846,447,-1.634622573852539
78.78,80.00000020523674,86.66434958464428,441,-1.819393515586853
78.81,79.9999973567808,86.71295931005592,445,-2.004945755004883
78.84,79.99999902576309,86.76555088186039,441,-2.2387399673461914
78.87,79.99999737685883,86.80846172905805,444,-2.4791784286499023
78.9,79.99999556785244,86.83362825512644,450,-2.720397472381592
78.93,79.99999761755507,86.85620788208396,450,-2.962085247039795
78.96000000000001,79.99999962634112,86.8788152555595,450,-3.2039222717285156
78.99,79.9999988113466,86.8972904917533,450,-3.4455838203430176
79.02,80.00000000064851,86.92794806001034,458,-3.6867382526397705
79.05,80.00000010036683,86.96516942893389,459,-3.9270434379577637
79.08,79.99999639056988,86.9856855537503,457,-4.090480804443359
79.11,79.99999954646505,86.98655574205345,452,-4.203832626342773
79.14,79.99999973494197,86.9842161859517,455,-4.311970233917236
79.17,79.99999360815899,86.99364946666714,453,-4.414727210998535
79.2,79.99999692190423,87.01160659064865,459,-4.511934280395508
79.23,79.99999674818025,87.03712894654608,468,-4.603435039520264
79.26,79.999996115097,87.06373838376209,475,-4.6890788078308105
79.29,79.99999681866836,87.09162432466138,477,-4.768726348876953
79.32000000000001,80.00000139716535,87.11473643716337,470,-4.8422465324401855
79.35000000000001,80.00000065018175,87.14913017024207,464,-4.909521102905273
79.38,79.99999684194088,87.19455782222731,463,-4.970445156097412
79.41,79.999999155211,87.25033516212194,459,-5.024926662445068
79.44,80.00000533254759,87.30512918821567,455,-5.0728864669799805
79.47,80.00000409307145,87.3524223834318,450,-5.114256858825684
79.5,80.00000350132383,87.4021423554805,452,-5.148980617523193
79.53,80.00000140655771,87.44826045482736,452,-5.177012920379639
79.56,79.99999916160623,87.50005276662706,454,-5.198317527770996
79.59,80.00000469402528,87.5633106230115,457,-5.212871074676514
79.62,79.99999910183168,87.63290336148448,457,-5.220657825469971
79.65,80.00000146520888,87.68881792830972,453,-5.221673488616943
79.68,79.99999984579676,87.73604984667843,455,-5.215926170349121
79.71000000000001,80.00000392630507,87.78347700640974,457,-5.20343017578125
79.74,80.00000812770226,87.84035804642653,461,-5.184215545654297
79.77,79.99999844934041,87.89383975805038,463,-5.158323287963867
79.8,80.00000187231316,87.94756650988376,458,-5.125802040100098
79.83,80.00000069805908,87.97967821906471,465,-5.086712837219238
79.86,79.99999948361251,87.9917538442499,462,-5.041125297546387
79.89,79.99999639076388,87.99394245341627,467,-4.989116191864014
79.92,80.0000042675214,88.0025580332736,459,-4.930772304534912
79.95,80.00000038449268,88.01542052876613,463,-4.86618709564209
79.98,79.99999659479367,88.0050369036055,462,-4.7954630851745605
80.01,79.99999629037171,87.97379449275209,463,-4.718706130981445
80.04,80.00000221364753,87.9532083836529,459,-4.63603401184082
80.07000000000001,80.00000074632257,87.93934087227541,453,-4.547567367553711
80.10000000000001,80.00000155189372,87.91854528823924,451,-4.453437805175781
80.13,80.00000018900539,87.88390031877407,470,-4.3537821769714355
80.16,80.00000392832114,87.85241718608698,469,-4.248749256134033
80.19,80.00000479069851,87.82878444545219,455,-4.138493061065674
80.22,80.00000313205183,87.7735584962904,451,-4.024293899536133
80.25,79.99999984970357,87.71192262670559,451,-3.9747135639190674
80.28,79.99999709388464,87.64949746631672,451,-3.9569382667541504
80.31,79.99999934338491,87.60515752255651,457,-3.9369494915008545
80.34,79.99999953348487,87.56510178403518,453,-3.9103658199310303
80.37,79.9999977795719,87.51588153732487,458,-3.875836133956909
80.4,80.0000030442009,87.470304181717,470,-3.833098888397217
80.43,80.0000004936416,87.41734365539801,463,-3.7821645736694336
80.46000000000001,80.00000547564265,87.37578369759183,462,-3.7230818271636963
80.49,79.99999956871429,87.34316148727909,452,-3.655907392501831
80.52,79.99999974863465,87.32333969035079,454,-3.580703020095825
80.55,80.00000392744067,87.30448379898876,454,-3.4975368976593018
80.58,80.00000453883723,87.28823421245123,463,-3.4064836502075195
80.61,79.99999739174699,87.26550692813487,467,-3.3076252937316895
80.64,80.00000023301747,87.24692828215437,462,-3.2010507583618164
80.67,79.9999980827751,87.21507903979398,469,-3.0868546962738037
80.7,80.00000483368369,87.18363568599082,472,-2.9651377201080322
80.73,80.00000614623124,87.15586074671798,478,-2.8360021114349365
80.76,80.00000499104442,87.12859267743912,472,-2.6995575428009033
80.79,80.00000262580565,87.09505599970024,474,-2.5559182167053223
80.82000000000001,80.0000059834707,87.05653555455748,466,-2.4052023887634277
80.85000000000001,80.00000917836881,87.02541088987125,470,-2.2475366592407227
80.88,80.00000317610291,86.9919546526606,466,-2.0828452110290527
80.91,80.0000081763484,86.95520337265914,466,-1.882697343826294
80.94,79.99999937581184,86.92463936855643,460,-1.6517411470413208
80.97,80.00000310655498,86.90175111372952,454,-1.4212350845336914
81.0,80.00000499929689,86.87796359514219,450,-1.1914334297180176
81.03,80.00000230044122,86.85456468165017,454,-0.9624955058097839
81.06,80.00000130325765,86.83216862566435,452,-0.7345857620239258
81.09,79.99999758619683,86.80256118103496,454,-0.5078718066215515
81.12,79.99999906401642,86.78158150925294,455,-0.28252437710762024
81.15,80.00000342117673,86.77081344922706,456,-0.05871640145778656
81.18,80.00000181419843,86.76893892214558,450,0.16337710618972778
81.21000000000001,80.00000007795198,86.76289623199071,458,0.38357940316200256
81.24,80.00000138989267,86.76023704908607,465,0.6017124056816101
81.27,80.00000022926302,86.76868399864745,463,0.8175969123840332
81.3,80.00000194693646,86.78861866695814,463,1.031053066253662
81.33,80.00000318900508,86.80383931116032,466,1.2419010400772095
81.36,80.00000147385187,86.81606645731081,464,1.4499620199203491
81.39,79.99999913940113,86.83553111073118,467,1.6550589799880981
81.42,80.00000387240748,86.86658986902256,465,1.8570365905761719
81.45,79.99999779965452,86.89058287755765,472,2.0718047618865967
81.48,79.99999169952034,86.92607995794758,472,2.330782413482666
81.51,79.99999927221751,86.97445496424571,472,2.592392683029175
81.54,80.00000108331714,87.00770165951859,476,2.855853319168091
81.57000000000001,80.00000086629593,87.03991309447511,471,3.1208646297454834
81.60000000000001,79.99999951530575,87.06400054366432,473,3.3871192932128906
81.63,79.99999832421514,87.09179550380104,471,3.654301643371582
81.66,79.99999353858975,87.11481622910962,475,3.9220876693725586
81.69,79.99999566077592,87.12660470314131,475,4.1117987632751465
81.72,79.99999625512517,87.13796480933058,473,4.254523277282715
81.75,79.99999736341532,87.15344817531394,476,4.392645359039307
81.78,79.9999967878028,87.17892306629052,468,4.525983810424805
81.81,79.99999837842152,87.2039611647525,474,4.654365539550781
81.84,80.00000054165928,87.22920721230874,465,4.777629375457764
81.87,79.99999531382002,87.27196369512365,464,4.895618438720703
81.9,79.9999991252896,87.31197119157257,460,5.008190155029297
81.93,79.9999986093998,87.3436946760575,464,5.115208148956299
81.96000000000001,79.99999705101942,87.3810456490759,465,5.216546058654785
81.99,79.99999654210829,87.42628274583541,466,5.312087535858154
82.02,80.00000103665042,87.46733159214466,469,5.401723384857178
82.05,79.99999659570022,87.50097656300825,463,5.485354900360107
82.08,79.99999889766619,87.53928044665133,464,5.562890529632568
82.11,80.0000009794142,87.58586374051734,467,5.634243965148926
82.14,80.00000038036373,87.63569180433545,473,5.699339866638184
82.17,80.000000266425,87.68595037604108,467,5.758108139038086
82.2,79.99999999492294,87.73725102218995,462,5.81048583984375
82.23,80.0000006260038,87.77673909395763,460,5.856415271759033
82.26,79.9999957897899,87.81044108467415,460,5.895845413208008
82.29,80.00000190372644,87.8495976854896,468,5.9287333488464355
82.32000000000001,80.0000008712189,87.88713977063323,474,5.955042839050293
82.35000000000001,79.99999944572792,87.92018673590708,479,5.974745273590088
82.38,79.99999724299583,87.94777005279998,489,5.987822532653809
82.41,80.00000018141503,87.98607599147022,495,5.994268894195557
82.44,79.99999894909122,88.0253183779703,495,5.994088649749756
82.47,80.0000006037294,88.05824769971132,496,5.9872965812683105
82.5,79.99999914451334,88.08758886386408,499,5.973914623260498
82.53,80.00000032463475,88.10735763112403,489,5.953976631164551
82.56,79.99999842215911,88.12370013893236,496,5.927521228790283
82.59,79.99999906641813,88.14176417009321,500,5.894599437713623
82.62,79.9999990685829,88.16530858378924,502,5.855267524719238
82.65,79.99999879433794,88.18692514231276,497,5.8095903396606445
82.68,80.00000173264502,88.18028398422577,489,5.757641792297363
82.71000000000001,79.99999807524111,88.17788265831206,495,5.699501991271973
82.74,80.00000238509887,88.17511581850884,487,5.635261535644531
82.77,80.00000049079627,88.17387836810815,478,5.565018653869629
82.8,79.99999947961827,88.1627360315439,466,5.4888811111450195
82.83,80.00000372680736,88.1513328376698,465,5.4069647789001465
82.86,80.00000608746079,88.13100480935834,466,5.319395065307617
82.89,80.00000208289512,88.10202055251742,468,5.226302623748779
82.92,80.00000189322971,88.07910604594349,473,5.127824306488037
82.95,80.00000389775388,88.05806756334647,475,5.024104118347168
82.98,80.00000238595653,88.0465429809139,476,4.915291786193848
83.01,80.00000586288608,88.0501641321981,480,4.801541805267334
83.04,80.00000082422024,88.05875638800224,467,4.683013916015625
83.07000000000001,79.99999586580465,88.07132959787718,463,4.559873104095459
83.10000000000001,80.00000478252498,88.07287794045205,475,4.432286739349365
83.13,80.00000250812023,88.06133621468963,479,4.300428867340088
83.16,80.00000220300339,88.04485050070033,475,4.164477825164795
83.19,80.00000315420648,88.0178066528436,481,4.0253682136535645
83.22,80.00000345773594,87.97242036852903,475,3.9610438346862793
83.25,80.00000109968025,87.93631464633016,478,3.9263322353363037
83.28,80.0000014192336,87.89712447467635,481,3.885737895965576
83.31,79.99999944177442,87.86173876797673,477,3.837531805038452
83.34,79.99999701223464,87.82564747132048,479,3.781674385070801
83.37,79.99999489881857,87.77487555053645,484,3.7182364463806152
83.4,79.99999722562721,87.72971148544505,478,3.6472928524017334
83.43,79.9999982568178,87.68180681260904,480,3.568920612335205
83.46000000000001,79.99999895304718,87.62528032591676,474,3.483198404312134
83.49,79.9999995349107,87.57522874052168,479,3.390207529067993
83.52,80.00000347359251,87.52827470236319,483,3.2900331020355225
83.55,80.00000090585006,87.50042221178298,485,3.1827638149261475
83.58,79.99999984631168,87.47740117956398,487,3.068493604660034
83.61,79.99999967057201,87.44609227319432,482,2.9473206996917725
83.64,80.00000144077605,87.41747553605326,485,2.819350242614746
83.67,79.99999853698564,87.39109724917037,485,2.684692859649658
83.7,80.00000073507867,87.36061141471622,484,2.5434632301330566
83.73,80.00000090471792,87.32520225613263,483,2.395782709121704
83.76,80.00000027011703,87.29899614231113,479,2.2417776584625244
83.79,80.00000072921237,87.27837044837436,475,2.081353187561035
83.82000000000001,80.00000145836526,87.26168398596577,475,1.886278510093689
83.85000000000001,80.00000367518285,87.25777321624449,477,1.660706877708435
83.88,80.00000029727047,87.24740678897686,474,1.4360311031341553
83.91,80.00000071891618,87.22947582232986,476,1.2125078439712524
83.94,80.00000432925502,87.20728701576269,477,0.9902812838554382
83.97,79.99999898079047,87.18501115519794,475,0.7695003747940063
84.0,80.00000241298487,87.17589359676819,471,0.5503178834915161
84.03,80.00000481171469,87.1700259073145,469,0.3328898251056671
84.06,80.00000334690262,87.1804709270585,468,0.11737503856420517
84.09,80.00000004478827,87.19769153654698,466,-0.09606516361236572
84.12,80.00000094915315,87.21698506158337,468,-0.3072662055492401
84.15,80.00000120227799,87.23687560064356,467,-0.5160602331161499
84.18,79.99999896076166,87.26058183915758,473,-0.7222767472267151
84.21000000000001,79.99999886413964,87.29292131280512,477,-0.9257434606552124
84.24,80.00000248170896,87.32680692087911,475,-1.1262873411178589
84.27,79.99999987988784,87.36748204837151,476,-1.3237348794937134
84.3,79.99999834453034,87.39863987966154,474,-1.5179126262664795
84.33,79.99999735064874,87.43316120107723,465,-1.7086480855941772
84.36,79.99999622142018,87.46292568591089,466,-1.8958641290664673
84.39,80.00000000136703,87.47624025142561,463,-2.104537010192871
84.42,79.99999912191731,87.49257353311914,460,-2.3485889434814453
84.45,80.00000144928374,87.52223951169239,470,-2.5939741134643555
84.48,79.9999995344628,87.56257471821836,469,-2.840258836746216
84.51,80.00000108203626,87.61009507421521,461,-3.0871355533599854
84.54,80.00000457339321,87.66058929883934,456,-3.334289312362671
84.57000000000001,80.00000025635835,87.71792137823687,458,-3.5813980102539062
84.60000000000001,79.99999944710413,87.7465846725304,460,-3.8281328678131104
84.63,79.99999973136963,87.7877204633222,465,-4.045755863189697
84.66,80.00000111732238,87.83734166985882,469,-4.168160915374756
84.69,79.99999777775724,87.88812728379757,475,-4.285118579864502
84.72,80.00000474681303,87.9474602769499,483,-4.3969197273254395
84.75,79.99999943775869,88.01018426805892,489,-4.503391265869141
84.78,79.9999966125336,88.07805436624089,490,-4.604371547698975
84.81,79.9999983905692,88.12447887226372,502,-4.69970703125
84.84,79.99999993019881,88.1661609235274,498,-4.7892537117004395
84.87,79.99999661980664,88.21325211273066,494,-4.872876167297363
84.9,79.9999943048501,88.25099117686302,489,-4.950448036193848
84.93,79.99999696571437,88.27520202748586,490,-5.0218505859375
84.96000000000001,79.99999603454516,88.30526772875238,496,-5.086972713470459
84.99,79.99999977088045,88.34275010373298,501,-5.145718097686768
85.02,79.99999619449599,88.37167705950964,496,-5.197999954223633
85.05,79.99999919060258,88.39526289264066,498,-5.24374532699585
85.08,79.99999537414523,88.41411047429271,492,-5.282890796661377
85.11,79.99999223867499,88.40789627340291,479,-5.315386772155762
85.14,80.00000225462206,88.39828813942995,479,-5.341194152832031
85.17,80.0000001091803,88.40348290063824,479,-5.3602824211120605
85.2,79.99999696242477,88.40380765209791,476,-5.372632026672363
85.23,80.00000079350063,88.42348066588376,476,-5.378233432769775
85.26,80.00000167199238,88.45348178409856,478,-5.3770856857299805
85.29,79.99999787289795,88.47332120291493,473,-5.369197845458984
85.32000000000001,79.99999604606246,88.48628479909988,475,-5.354588031768799
85.35000000000001,80.00000442693172,88.50349948090009,475,-5.333283424377441
85.38,80.00000092060428,88.51976521591462,470,-5.305318832397461
85.41,80.00000139203225,88.5225147278972,476,-5.2707438468933105
85.44,79.9999970853653,88.5287963051289,478,-5.229615211486816
85.47,79.99999717206681,88.54390853447183,476,-5.182001113891602
85.5,79.99999273814292,88.5650852103793,471,-5.127979755401611
85.53,80.00000109424765,88.56777247280444,469,-5.067636966705322
85.56,79.99999914559058,88.5755949934585,463,-5.001065731048584
85.59,79.99999556682624,88.59102824535728,454,-4.928366661071777
85.62,80.00000050148505,88.60505366585693,448,-4.8496503829956055
85.65,79.99999751652992,88.60353832868087,448,-4.765030384063721
85.68,80.00000140094888,88.59317721308754,454,-4.674630641937256
85.71000000000001,79.99999724133227,88.58619518531208,460,-4.578577995300293
85.74,79.99999489617178,88.58479872453543,465,-4.477006435394287
85.77,80.00000305739123,88.57135712174251,471,-4.370057582855225
85.8,79.9999970357331,88.56794591643924,473,-4.257879257202148
85.83,80.00000149053974,88.55804746694413,467,-4.140629291534424
85.86,80.00000059539803,88.5372704727469,468,-4.019932746887207
85.89,80.00000018939582,88.51549252904363,480,-3.970202922821045
85.92,80.00000103482473,88.48737542706236,489,-3.9483301639556885
85.95,80.00000581591539,88.44135779548779,491,-3.922506332397461
85.98,80.00000578249806,88.38323694093013,489,-3.8891592025756836
86.01,80.00000732876937,88.32463013242732,486,-3.8475942611694336
86.04,80.00000141607099,88.27740173018768,490,-3.797764301300049
86.07000000000001,80.00000732173544,88.24011008856425,485,-3.7397139072418213
86.10000000000001,80.00000119388275,88.20672380450347,485,-3.6734979152679443
86.13,80.00000546647142,88.18014076680674,480,-3.599177360534668
86.16,80.00000076805759,88.15944801369095,486,-3.5168204307556152
86.19,80.00000639994015,88.14310502770564,488,-3.426499843597412
86.22,79.9999942491747,88.12805058437337,490,-3.3282957077026367
86.25,79.99999938742249,88.10644992911729,492,-3.2222940921783447
86.28,79.99999503067295,88.07331897344349,492,-3.1085853576660156
86.31,80.00000966211068,88.04881401272635,489,-2.9872641563415527
86.34,80.00000138295471,88.03020721214664,490,-2.8584296703338623
86.37,80.00000355807907,88.00202444510569,489,-2.722186803817749
86.4,80.00000439330974,87.97112179052112,490,-2.578646421432495
86.43,79.99999622852305,87.94563789210854,494,-2.4279251098632812
86.46000000000001,79.99999701884693,87.91687298134947,494,-2.270146369934082
86.49,80.00000583297071,87.88176854633164,491,-2.105360984802246
86.52,79.9999987277041,87.85132623506144,489,-1.9119973182678223
86.55,80.00000418261571,87.83683362490177,488,-1.6799381971359253
86.58,79.99999391350966,87.82945304647926,486,-1.448050618171692
86.61,79.99999955833336,87.82534970985903,490,-1.2167937755584717
86.64,80.0000018697765,87.81212871417182,482,-0.9863261580467224
86.67,80.00000620090097,87.78023737238304,488,-0.7568115592002869
86.7,79.99999702842754,87.75159836211452,489,-0.5284190773963928
86.73,79.99999338097606,87.71584135283277,485,-0.3013218939304352
86.76,80.0000026041464,87.68955998399485,486,-0.0756952241063118
86.79,80.00000918523494,87.67008510395964,486,0.14828406274318695
86.82000000000001,79.99999816610361,87.64486023858784,484,0.37043797969818115
86.85000000000001,79.99999750500578,87.61555646951847,482,0.5905877351760864
86.88,80.00000366714144,87.58944898277669,479,0.8085541725158691
86.91,80.00000132902974,87.56934194779502,479,1.0241581201553345
86.94,80.00000116372281,87.552448160417,471,1.237220287322998
86.97,80.00000291081629,87.5457703263179,472,1.447561502456665
87.0,80.00000393600487,87.55208375433938,482,1.6550037860870361
87.03,79.99999889056855,87.55719671393133,480,1.8593915700912476
87.06,79.99999916485544,87.56400730754287,482,2.077746868133545
87.09,80.00000334669086,87.58197560964595,474,2.3395421504974365
87.12,80.00000009625056,87.61460862494434,478,2.6040008068084717
87.15,79.99999991303481,87.65634018459589,478,2.8704490661621094
87.18,80.00000246299986,87.70689364572793,482,3.1385889053344727
87.21000000000001,79.99999966889717,87.76709580047144,483,3.4081146717071533
87.24,79.99999814949922,87.84217699725927,481,3.678713321685791
87.27,80.0000023919084,87.9249723394379,479,3.950035333633423
87.3,80.00000214757861,88.00466444498997,470,4.130190849304199
87.33,79.9999957868342,88.07973780434222,468,4.276183605194092
87.36,80.00000157600573,88.16137642233727,470,4.41763162612915
87.39,79.99999869230356,88.22854662173192,474,4.554356098175049
87.42,80.00000476384693,88.29589935581505,477,4.686185359954834
87.45,79.99999935449365,88.36386186298166,485,4.812960147857666
87.48,79.99999631821365,88.4272843439407,485,4.934530258178711
87.51,79.99999826729768,88.49272309253503,487,5.050753593444824
87.54,79.99999821729699,88.54022489394528,486,5.161498546600342
87.57000000000001,79.99999560595103,88.57497546218417,482,5.266641139984131
87.60000000000001,79.99999564262927,88.60014861915032,484,5.366065502166748
87.63,79.99999888067492,88.61116916683208,480,5.4596638679504395
87.66,79.99999615693804,88.6153381154115,483,5.547338485717773
87.69,79.99999619810566,88.6174829593378,483,5.628998756408691
87.72,79.99999359195961,88.6195466184017,488,5.704562187194824
87.75,79.99999721379056,88.62668252207729,482,5.773953437805176
87.78,79.99999626756758,88.64189415052861,482,5.837104320526123
87.81,79.99999986268506,88.65466450199006,490,5.893950939178467
87.84,79.999994168556,88.66313003868736,492,5.944438457489014
87.87,80.00000160727254,88.66098012309217,501,5.988518714904785
87.9,79.99999857815696,88.67316286026285,495,6.026151180267334
87.93,79.99999436169492,88.70098218136646,492,6.05729866027832
87.96000000000001,79.99999762936265,88.72579410782004,489,6.08193302154541
87.99,79.99999719641556,88.75207773491661,488,6.100030422210693
88.02,79.99999794880014,88.7729298134743,491,6.111574649810791
88.05,80.0000031826458,88.78034629505267,491,6.116560459136963
88.08,79.99999773886036,88.77654286723082,493,6.114992618560791
88.11,80.00000012371308,88.76580701790186,495,6.10688591003418
88.14,80.00000438761727,88.7417947228432,493,6.092267990112305
88.17,80.00000023082386,88.72102832889318,493,6.071171760559082
88.2,79.99999758321405,88.70216830822316,496,6.043640613555908
88.23,79.999997137016,88.69089972444979,500,6.009725093841553
88.26,79.99999883545345,88.66843418047472,502,5.969484806060791
88.29,79.9999969483353,88.64131406505527,508,5.9229865074157715
88.32000000000001,80.00000418658223,88.6206492769554,502,5.870304107666016
88.35000000000001,79.9999973757167,88.59555494316629,498,5.811518669128418
88.38,79.99999829436096,88.55853873202662,498,5.746717929840088
88.41,79.9999996421065,88.52349391351852,496,5.67599630355835
88.44,79.9999967652123,88.49742336967167,498,5.599456787109375
88.47,80.000005479592,88.48360574900236,501,5.517209053039551
88.5,80.00000583691855,88.47753306138395,505,5.429370880126953
88.53,80.00000331677184,88.48127520855789,501,5.336070537567139
88.56,80.0000021924535,88.48809736558972,495,5.237441062927246
88.59,80.00000297500387,88.48708237316333,487,5.1336236000061035
88.62,80.00000014588359,88.47858596630627,487,5.024765491485596
88.65,79.99999489977203,88.47068809543227,493,4.911018371582031
88.68,79.99999257347118,88.47873896237508,498,4.792540550231934
88.71000000000001,80.00000103628236,88.49941731341562,502,4.669494152069092
88.74,79.99999595814765,88.51346885937461,504,4.542046546936035
88.77,79.99999213094482,88.52545982135821,502,4.410367012023926
88.8,80.00000430434628,88.54338377998724,503,4.274630069732666
88.83,79.99999963805249,88.5647017529672,501,4.135011196136475
88.86,80.00000074870297,88.57613638546542,495,3.9984142780303955
88.89,80.00000369660762,88.56627783703235,493,3.9512240886688232
88.92,80.0000010124834,88.56010476296954,496,3.91343355178833
88.95,80.00000444394844,88.55332723333203,498,3.8687832355499268
88.98,80.00000265367808,88.54490172645227,499,3.8165149688720703
89.01,80.00000094438228,88.53759410134742,507,3.756659507751465
89.04,80.00000802617214,88.53475920557644,497,3.6892879009246826
89.07000000000001,80.00000757497939,88.50861127168334,492,3.614471912384033
89.10000000000001,80.00000261295304,88.47791483659687,498,3.532285451889038
89.13,80.00000212776656,88.45385667161547,503,3.442805528640747
89.16,80.00000208504424,88.42500943434196,497,3.3461101055145264
89.19,80.0000020092284,88.39768621572327,492,3.242283344268799
89.22,80.00001219831849,88.37178961288056,491,3.1314125061035156
89.25,79.99999520460668,88.34322108011126,491,3.013589859008789
89.28,80.00000378680795,88.31763622803014,494,2.8889143466949463
89.31,80.00000994283279,88.28839967755937,489,2.7574896812438965
89.34,80.00000110670956,88.257630356328,488,2.6194262504577637
89.37,79.99999981447966,88.22002255101366,486,2.474839448928833
89.4,80.00000931329586,88.19501391310878,488,2.3238518238067627
89.43,80.00000296814713,88.16557585939124,490,2.1665844917297363
89.46000000000001,79.9999987458096,88.13354197840384,498,1.9985764026641846
89.49,80.00000451847181,88.1063632660573,495,1.7785309553146362
89.52,80.00000389894957,88.08388497276988,491,1.5529814958572388
89.55,80.0000012886157,88.07656320404145,489,1.3284980058670044
89.58,79.99999828733255,88.07937318851178,487,1.1052217483520508
89.61,79.9999998431686,88.08944026884346,486,0.8832980990409851
89.64,79.99999880150595,88.10105005693954,491,0.6628769636154175
89.67,80.0000001856779,88.11324999186628,501,0.44411247968673706
89.7,79.99999516116958,88.12226983508683,497,0.22716131806373596
89.73,80.00000363889308,88.13170872909168,501,0.012182818725705147
89.76,80.00000129232082,88.15431618838106,505,-0.20066042244434357
89.79,80.0000030238626,88.19119873516375,503,-0.41120243072509766
89.82000000000001,79.99999559921109,88.22518920523831,498,-0.6192746162414551
89.85000000000001,79.99999424687223,88.25592027518239,506,-0.8247065544128418
89.88,80.00000017695238,88.27812959178823,506,-1.0273263454437256
89.91,79.99999824961994,88.3049317710373,506,-1.226961374282837
89.94,79.99999859037986,88.34149186063027,500,-1.4234387874603271
89.97,80.00000457036626,88.37440900654605,496,-1.6165859699249268
90.0,79.99999680350486,88.40832496142485,498,-1.8062351942062378
90.03,80.00000100025841,88.45807197839298,494,-1.9956066608428955
90.06,79.99999657035272,88.52054858910792,499,-2.2328929901123047
90.09,80.00000054735777,88.60300115710488,505,-2.478665828704834
90.12,79.99999498487234,88.67819778853287,495,-2.725550413131714
90.15,79.99999632203134,88.73291871570814,501,-2.9732465744018555
90.18,79.99999711760346,88.77072022311282,499,-3.221447706222534
90.21000000000001,79.99999913478005,88.82154476317488,491,-3.4698421955108643
90.24,79.9999972154975,88.87207394378571,495,-3.718111276626587
90.27,80.00000494549914,88.89839478175308,485,-3.965803623199463
90.3,80.0000013924384,88.91262199015262,486,-4.116466045379639
90.33,79.9999968082561,88.93926997138293,480,-4.23726224899292
90.36,79.99999645336602,88.97627756223419,490,-4.35306453704834
90.39,79.99999919182704,89.0207338034755,488,-4.463703155517578
90.42,80.00000398987119,89.07014034175671,490,-4.569016933441162
90.45,80.00000427695754,89.11663062913424,497,-4.668851852416992
90.48,79.9999966108788,89.15963986260392,490,-4.76306676864624
90.51,79.9999965616128,89.19973901598266,495,-4.85152530670166
90.54,79.99999742584188,89.2198083228364,497,-4.934101104736328
90.57000000000001,79.9999919432201,89.22881691865936,498,-5.01067590713501
90.60000000000001,80.00000113207531,89.2239356022942,502,-5.081140518188477
90.63,79.99999471450494,89.2196722846453,488,-5.145393371582031
90.66,80.00000251880559,89.21679531695183,494,-5.203348159790039
90.69,79.99999742091515,89.19903499008188,497,-5.254927158355713
90.72,79.99999548288802,89.17520089235701,490,-5.300065040588379
90.75,80.00000149433201,89.1300960763545,493,-5.3387064933776855
90.78,79.99999789466028,89.08151813975313,502,-5.370805740356445
90.81,79.9999988919857,89.03376668421981,500,-5.396329402923584
90.84,79.99999298785107,88.9798861445926,503,-5.415254592895508
90.87,79.99999736343499,88.92109369155767,499,-5.4275689125061035
90.9,79.99999653104824,88.88010213933848,496,-5.433267116546631
90.93,79.99999867430851,88.84400401598486,487,-5.432353973388672
90.96000000000001,79.99999945296426,88.82609046245639,490,-5.42484188079834
90.99,79.99999789223006,88.81319409788034,492,-5.410752773284912
91.02,79.99999715779809,88.79741494197347,484,-5.39011812210083
91.05,80.00000574140326,88.78021180403861,491,-5.362973213195801
91.08,80.00000496346843,88.76200410763202,491,-5.329366683959961
91.11,80.00000885296647,88.75416181753742,497,-5.289353847503662
91.14,79.99999450072798,88.76376072162094,495,-5.2429986000061035
91.17,80.0000026955491,88.77687116820297,491,-5.190373420715332
91.2,79.99999554679792,88.78969700769352,491,-5.131561279296875
91.23,80.00000437544733,88.80089711125682,499,-5.066655158996582
91.26,79.99999527927528,88.79611632621628,499,-4.995752811431885
91.29,79.99999454367311,88.78943304397099,500,-4.918963432312012
91.32000000000001,80.0000022945065,88.78806814138065,494,-4.836399555206299
91.35000000000001,79.99999562032032,88.7863966487909,492,-4.748183727264404
91.38,80.0000056722911,88.79831627301336,496,-4.654440879821777
91.41,80.00000222198432,88.80249557337959,497,-4.555303573608398
91.44,80.0000045293071,88.81454391268821,499,-4.45090913772583
91.47,79.99999409188669,88.81493578037426,501,-4.34140157699585
91.5,79.99999764153334,88.80917406735925,497,-4.2269287109375
91.53,79.99999695350573,88.8066305255698,495,-4.107644081115723
91.56,79.99999216769288,88.81558655855143,509,-3.995321750640869
91.59,80.00000117155662,88.83239899791695,515,-3.9638545513153076
91.62,80.00000014100404,88.84642223526433,517,-3.9416189193725586
91.65,79.99999498712442,88.85157769783451,506,-3.9140007495880127
91.68,80.0000042672779,88.851556388507,510,-3.8787038326263428
91.71000000000001,79.99999593367797,88.84241571926056,518,-3.8353347778320312
91.74,80.00000588827947,88.83361231487288,506,-3.783891201019287
91.77,79.99999797374187,88.83055359197347,518,-3.7244203090667725
91.8,80.00000064136937,88.83354733209752,516,-3.656975269317627
91.83,79.99999536692349,88.82726932555094,518,-3.5816152095794678
91.86,80.00000436579994,88.81144186909405,517,-3.4984023571014404
91.89,80.00000909904153,88.79449915718546,511,-3.4074020385742188
91.92,80.00000903338724,88.77821595779591,507,-3.308684825897217
91.95,80.0000056983426,88.76157190685113,504,-3.2023253440856934
91.98,80.0000015647925,88.760685725751,505,-3.0884015560150146
92.01,79.99999710794538,88.76634654451226,511,-2.9669971466064453
92.04,80.00000270789614,88.76886730760201,511,-2.8382017612457275
92.07000000000001,79.99999868556085,88.76796687990351,511,-2.7021102905273438
92.10000000000001,79.9999933687266,88.76569376455423,515,-2.558824062347412
92.13,79.9999984414263,88.76111758945783,521,-2.4084510803222656
92.16,79.99999529735578,88.76153582940884,520,-2.2511072158813477
92.19,80.00000166146702,88.76000980296882,525,-2.0867388248443604
92.22,80.00000234482305,88.7664672037839,527,-1.8881199359893799
92.25,79.99999247420796,88.76583088486808,527,-1.6572353839874268
92.28,80.00000224918942,88.75108736769965,521,-1.426727294921875
92.31,80.00000539121757,88.73577466525911,520,-1.1968692541122437
92.34,79.99999721523953,88.71442382374146,521,-0.9678175449371338
92.37,80.00000525688966,88.68444745385254,513,-0.7397348880767822
92.4,80.00000475924921,88.65795801604497,511,-0.5127896070480347
92.43,79.99999928341335,88.6404836292458,512,-0.28715428709983826
92.46000000000001,80.0000030205297,88.62820580061728,518,-0.06300477683544159
92.49,79.99999944348956,88.62915600465038,518,0.1594817191362381
92.52,80.00000540041502,88.64420600388019,509,0.3801272213459015
92.55,79.9999946401469,88.67225580018298,507,0.5987531542778015
92.58,79.99999743787652,88.70153975429898,505,0.8151810765266418
92.61,79.9999975308397,88.73362826586344,500,1.029232382774353
92.64,79.99999759135959,88.76533921416268,491,1.2407290935516357
92.67,79.99999723676231,88.79821054149185,489,1.4494940042495728
92.7,80.00000460776596,88.83861763535309,486,1.655351161956787
92.73,80.00000580419186,88.8764896581523,486,1.8581452369689941
92.76,80.00000247666378,88.92013083058012,478,2.0742549896240234
92.79,80.00000086675942,88.9718070203689,470,2.334272861480713
92.82000000000001,80.00000433711224,89.03837525737319,472,2.5969550609588623
92.85000000000001,80.00000426681655,89.10609992440789,474,2.861567497253418
92.88,80.00000276801659,89.16767135958455,480,3.127812147140503
92.91,80.00000542639627,89.21710684849121,484,3.3953843116760254
92.94,79.99999677352423,89.27859609632293,491,3.663973808288574
92.97,80.00000159549583,89.3463231915972,492,3.9332549571990967
93.0,80.00000011320306,89.41648088624017,486,4.119218349456787
93.03,79.99999941126742,89.48512375609305,478,4.263408184051514
93.06,80.00000027293889,89.55817064676998,474,4.4030680656433105
93.09,80.00000569702968,89.61884706589655,471,4.538022518157959
93.12,80.00000025914167,89.67098387590892,483,4.668107986450195
93.15,79.99999746852386,89.73039127151819,473,4.793170928955078
93.18,79.99999703514727,89.79898011889563,473,4.913066864013672
93.21000000000001,80.00000012663942,89.87235075731427,485,5.027663230895996
93.24,79.99999813117589,89.9191784260155,484,5.13683557510376
93.27,79.99999788575604,89.92994982407107,486,5.240469455718994
93.3,80.00000339062403,89.92430049554757,493,5.338459014892578
93.33,80.00000157810166,89.89366361301215,495,5.430705547332764
93.36,80.00000039708894,89.85391336039932,494,5.517120838165283
93.39,79.9999991134831,89.81521729348967,503,5.597622394561768
93.42,80.00000076914257,89.74515313964929,498,5.6721343994140625
93.45,80.0000077112235,89.659752353123,498,5.740590572357178
93.48,79.99999786403212,89.57078578677707,494,5.802929401397705
93.51,79.99999990791117,89.47893574912241,504,5.859095573425293
93.54,80.00000140299932,89.38517652871995,508,5.909041404724121
93.57000000000001,80.00000074752727,89.29631434460468,516,5.952725887298584
93.60000000000001,79.99999730712581,89.21137860400499,519,5.990113735198975
93.63,79.99999411988765,89.12907958869276,517,6.021176338195801
93.66,79.9999990116855,89.05418291384443,518,6.045892238616943
93.69,79.99999856747765,88.99683759582408,525,6.064245700836182
93.72,79.99999457503567,88.94570280531079,523,6.076230049133301
93.75,80.00000024182098,88.8942522652653,518,6.081847667694092
93.78,80.00000158756588,88.83562014591554,514,6.081108093261719
93.81,80.00000642127318,88.78620132020288,513,6.074033260345459
93.84,79.99999150415694,88.74049300572374,515,6.060654163360596
93.87,79.9999973505294,88.70653265835703,513,6.0410075187683105
93.9,79.9999963529179,88.67911465355023,512,6.015141487121582
93.93,79.99999183705455,88.65614848837497,519,5.98311185836792
93.96000000000001,80.000002650523,88.63868520208857,525,5.944980621337891
93.99,79.99999223129058,88.64043990526459,523,5.900816917419434
94.02,79.99999332337326,88.6640833393287,515,5.850697040557861
94.05,79.99999717179354,88.68790451325802,523,5.794703483581543
94.08,80.00000602327803,88.70233516268613,521,5.732924461364746
94.11,79.99999395962355,88.71772190484548,524,5.6654534339904785
94.14,80.00000294427151,88.7347732066615,520,5.592392921447754
94.17,80.00000175246524,88.74843877142014,522,5.513850688934326
94.2,79.999998982571,88.77336724446127,519,5.429939270019531
94.23,79.99999184728101,88.82256834419326,524,5.3407769203186035
94.26,79.9999918988852,88.87758853436274,530,5.246490001678467
94.29,80.00000386879536,88.93038133369078,518,5.14721155166626
94.32000000000001,79.9999931636521,88.97259096804844,518,5.043081283569336
94.35000000000001,79.99999858782087,88.99589359681642,518,4.9342451095581055
94.38,79.99999367238735,89.01387339188013,524,4.820855140686035
94.41,79.9999981057459,89.04985726222176,528,4.703065872192383
94.44,80.00000095574947,89.08557029058785,520,4.581033229827881
94.47,80.00000762966954,89.11778325332946,516,4.454916954040527
94.5,79.99999595359003,89.14889027518814,514,4.324879169464111
94.53,79.99999876023759,89.18491024787942,511,4.191081523895264
94.56,80.00000305740107,89.24524182728861,515,4.053764343261719
94.59,80.00000349206394,89.29141651083494,522,3.969531297683716
94.62,80.00000056402504,89.32604258447309,514,3.936896800994873
94.65,80.00000587033512,89.34907926172593,509,3.9004733562469482
94.68,79.99999696094629,89.37614311921902,509,3.856926918029785
94.71000000000001,80.00000355134927,89.4241236600869,502,3.8060383796691895
94.74,80.00000024658955,89.46990047945758,497,3.7478489875793457
94.77,80.00000532865133,89.5126099036555,491,3.6824145317077637
94.8,80.00000540766698,89.55676718291191,495,3.6097922325134277
94.83,80.00000631290042,89.58927316596431,487,3.5300424098968506
94.86,80.00000307099842,89.61211971175783,488,3.4432284832000732
94.89,79.9999994949966,89.630174057256,494,3.3494186401367188
94.92,80.00000451402609,89.63528484705284,492,3.248685598373413
94.95,80.00000059469126,89.6312359557687,492,3.141106605529785
94.98,79.99999753839865,89.62293554049121,498,3.0267651081085205
95.01,79.99999605043695,89.62773119763311,497,2.9057512283325195
95.04,80.00000236626954,89.63760546297299,511,2.778160333633423
95.07000000000001,80.00000585718092,89.62560213030201,520,2.6440932750701904
95.10000000000001,80.00000173051191,89.60888171742332,522,2.5036587715148926
95.13,79.99999837970142,89.5965289337911,524,2.3569700717926025
95.16,80.00000572348999,89.5828181807614,522,2.2041471004486084
95.19,80.00000433737488,89.56574475965003,525,2.0443081855773926
95.22,79.99999821680437,89.53862816839695,521,1.8393954038619995
95.25,80.00000546718383,89.5057152573571,515,1.6168164014816284
95.28,80.00000332006275,89.49068967502512,518,1.3953086137771606
95.31,79.99999926056418,89.48927500701507,516,1.1750255823135376
95.34,80.00000036112735,89.49903491770986,509,0.9561070799827576
95.37,80.00000586713136,89.52995540860778,519,0.7386986613273621
95.4,80.00000466955692,89.55624563970841,516,0.5229518413543701
95.43,79.99999641299421,89.58122809258465,512,0.3090236485004425
95.46000000000001,79.99999552188551,89.59965253026382,516,0.09707611799240112
95.49,79.9999962148039,89.62557168157785,514,-0.11272469907999039
95.52,79.9999987996783,89.68640431184396,518,-0.3202098608016968
95.55,79.99999996515253,89.76007138903852,520,-0.5252083539962769
95.58,79.99999878089646,89.82540232688132,516,-0.7275478839874268
95.61,79.99999987545876,89.88383153509332,522,-0.9270555377006531
95.64,79.99999823374094,89.9524921748304,526,-1.1235588788986206
95.67,80.0000015908288,90.02351219072624,525,-1.3168857097625732
95.7,79.99999816910278,90.08950388858709,527,-1.5068659782409668
95.73,79.99999903337955,90.1522437325484,527,-1.6933308839797974
95.76,80.00000050469598,90.21490925424324,525,-1.8761613368988037
95.79,79.9999955801885,90.23592265052268,518,-2.073275089263916
95.82000000000001,80.00000219611005,90.21764070735455,515,-2.31174635887146
95.85000000000001,80.00000135985535,90.19262054524039,520,-2.551729440689087
95.88,80.00000055200886,90.1712362576288,520,-2.792450189590454
95.91,79.9999974078348,90.14174311602922,510,-3.033613920211792
95.94,79.99999309226618,90.10100106550952,513,-3.2749204635620117
95.97,79.99999661106548,90.05605515309001,510,-3.5160648822784424
96.0,79.9999964360933,90.02514072755618,508,-3.7567379474639893
96.03,79.99999868418423,89.98470864187834,497,-3.995199203491211
96.06,79.99999607749888,89.93082287479042,496,-4.1239914894104
96.09,79.9999980302387,89.87186841700839,490,-4.2360944747924805
96.12,80.00000114082633,89.81159519974622,491,-4.3431501388549805
96.15,80.00000184582859,89.75212772947387,493,-4.444999694824219
96.18,80.00000746785281,89.70596278441253,489,-4.54149055480957
96.21000000000001,80.00000041331944,89.67171032585823,491,-4.632481575012207
96.24000000000001,80.00000010792441,89.62334535381424,506,-4.717841148376465
96.27,79.99999505450951,89.58362263065712,503,-4.797444820404053
96.3,79.9999978216108,89.55695809130356,505,-4.871180534362793
96.33,80.00000426415554,89.52005044300365,508,-4.938950061798096
96.36,79.99999974607124,89.47173246098816,517,-5.000664234161377
96.39,80.00000996478701,89.40568262631523,527,-5.056249141693115
96.42,80.0000014531864,89.33804853177335,525,-5.105641841888428
96.45,80.00000277353965,89.28067994621703,520,-5.148789882659912
96.48,80.000006340343,89.23241416327083,523,-5.185651779174805
96.51,80.00000401774867,89.18949587805655,521,-5.2161970138549805
96.54,80.00000371113099,89.16103924178502,515,-5.240403652191162
96.57000000000001,79.999996485876,89.14389015654551,517,-5.2582597732543945
96.60000000000001,80.00000854587634,89.13361136500572,514,-5.269762992858887
96.63,80.00000438254408,89.12391835845438,513,-5.2749199867248535
96.66,80.00000397959157,89.11079918020606,513,-5.27374267578125
96.69,80.00000530557332,89.09749426279015,505,-5.266253471374512
96.72,79.99999426704828,89.08483733808251,506,-5.252484321594238
96.75,80.00000403192519,89.082575514462,510,-5.232471942901611
96.78,80.00000077051283,89.08479108467748,506,-5.206261157989502
96.81,79.99999104939467,89.09631319154025,503,-5.173904895782471
96.84,79.99999110329486,89.10806403472144,495,-5.135461807250977
96.87,80.00000040381451,89.13379159902652,506,-5.090997219085693
96.9,80.00000269693821,89.14887133069611,508,-5.040585041046143
96.93,79.9999978623826,89.15329856217105,516,-4.984306335449219
96.96000000000001,79.99999585889871,89.16177097720703,516,-4.9222493171691895
96.99000000000001,79.99999113229173,89.17998921153307,523,-4.854510307312012
97.02,79.99999346285642,89.20155157207587,522,-4.781193733215332
97.05,80.00000153318656,89.22986430268715,520,-4.702410697937012
97.08,79.99999102392728,89.2561702949817,519,-4.618279457092285
97.11,79.99999603731302,89.27766338903857,522,-4.528923988342285
97.14,79.99999848900404,89.29634745716116,516,-4.434474945068359
97.17,79.99999975072966,89.32161594887368,518,-4.335065841674805
97.2,80.00000014931578,89.35982250933432,518,-4.230835437774658
97.23,80.00000128628406,89.40158087403495,526,-4.121930122375488
97.26,80.00000370332448,89.45128522045826,526,-4.011775493621826
97.29,80.00000496595435,89.49880215350632,533,-3.9740397930145264
97.32000000000001,80.0000056878059,89.54696530861597,531,-3.9586799144744873
97.35000000000001,79.99999773766986,89.59759645486112,533,-3.9413564205169678
97.38,79.9999998165804,89.66803488447408,537,-3.9182634353637695
97.41,80.00000421395863,89.73050940448148,536,-3.887932062149048
97.44,80.00000995699993,89.78412531166762,535,-3.8499608039855957
97.47,79.99999756792296,89.82764705951789,539,-3.8043100833892822
97.5,80.00000645143237,89.87233846438129,543,-3.7510030269622803
97.53,80.00000464400357,89.91795665358134,541,-3.690072536468506
97.56,80.00000500871856,89.96196227106367,543,-3.621553659439087
97.59,80.00000666394348,89.99331858561912,545,-3.5454843044281006
97.62,79.99999942734415,90.01548342883122,544,-3.4619081020355225
97.65,80.00000344390509,90.0329582263463,546,-3.3708736896514893
97.68,80.0000010802714,90.03312914670617,545,-3.2724344730377197
97.71000000000001,79.99999695386043,89.99652480497792,552,-3.1666507720947266
97.74000000000001,79.99999721897582,89.96295613849777,550,-3.0535888671875
97.77,79.99999144723567,89.93850018771712,549,-2.9333231449127197
97.8,79.99999568064584,89.92822698457881,543,-2.8059334754943848
97.83,79.99999771734342,89.90491588578325,545,-2.6715087890625
97.86,80.00000231468796,89.8653261288179,551,-2.5301430225372314
97.89,80.0000024661569,89.8235505928626,551,-2.3819401264190674
97.92,80.00000112211413,89.79152048690145,550,-2.22701096534729
97.95,80.0000039031759,89.76049902608453,549,-2.0650365352630615
97.98,79.99999858925791,89.73031981081259,543,-1.8627917766571045
98.01,79.99999194706565,89.70568465585099,538,-1.6356689929962158
98.04,80.00000104571008,89.6875368594958,535,-1.4091145992279053
98.07000000000001,79.99999503145052,89.67599766528835,518,-1.1833209991455078
98.10000000000001,80.0000004906576,89.68273590812656,516,-0.9584394097328186
98.13,79.99999716681776,89.70389863760464,516,-0.734627366065979
98.16,79.9999949618306,89.73288263184777,515,-0.5120486617088318
98.19,80.00000163749878,89.77493526569857,513,-0.29087135195732117
98.22,80.00000117410022,89.83904568812234,509,-0.07126665115356445
98.25,80.00000096881885,89.91634108326657,505,0.14659234881401062
98.28,79.9999957099478,89.9881238213612,495,0.3625311851501465
98.31,79.99999950896624,90.03158006098347,491,0.5763746500015259
98.34,79.99999902747895,90.07176883391047,489,0.7879467606544495
98.37,80.00000049896998,90.12063975216964,485,0.9970712661743164
98.4,79.99999941587932,90.16757136074719,482,1.20357084274292
98.43,79.99999536610468,90.21164469604093,488,1.4072675704956055
98.46000000000001,80.00000200955914,90.24266758624377,493,1.6079833507537842
98.49000000000001,79.9999968287958,90.26001517661481,493,1.8055444955825806
98.52,79.99999777075338,90.28518335204001,494,2.003870725631714
98.55,79.99999102010328,90.30441730390079,500,2.2516658306121826
98.58,79.99999938140583,90.31302131638175,500,2.5069522857666016
98.61,79.99999653888587,90.31537384432775,496,2.7639458179473877
98.64,79.99999503556198,90.30985105353408,499,3.0223546028137207
98.67,79.99999377809993,90.30304312449576,502,3.281881093978882
98.7,79.99999698358481,90.29301263871709,509,3.5422234535217285
98.73,79.99999748909589,90.29584714671697,497,3.803074598312378
98.76,80.00000348738898,90.27756540285505,497,4.041967868804932
98.79,79.99999774802936,90.23411896532008,501,4.180346965789795
98.82000000000001,80.00000014775841,90.17996168253711,503,4.313631057739258
98.85000000000001,79.99999834146105,90.1338103320358,515,4.44224739074707
98.88,80.00000635419951,90.06624398484233,517,4.5660400390625
98.91,80.00000396649395,89.99716438877988,525,4.684866905212402
98.94,80.0000000005847,89.94201103105634,529,4.798593521118164
98.97,80.0000106207897,89.89699457257257,518,4.907098770141602
99.0,80.00000677589561,89.85875668867416,515,5.010270595550537
99.03,80.00000238306002,89.8195355585214,525,5.108006477355957
99.06,80.00000058137074,89.77652980629927,529,5.200214385986328
99.09,80.00000827085073,89.72593751893804,533,5.286809921264648
99.12,80.0000086893491,89.67318965424866,536,5.367712020874023
99.15,80.00000603915025,89.61948607564044,538,5.442849636077881
99.18,80.00000462128804,89.56918355008536,538,5.512157440185547
99.21000000000001,79.99999972264122,89.52720889911966,534,5.575575351715088
99.24000000000001,80.00000164737725,89.48637124124599,538,5.633053302764893
99.27,80.00000944893968,89.45019647196102,546,5.684544086456299
99.3,79.99999746927826,89.41808560177014,550,5.730008125305176
99.33,80.00000332335702,89.40003604730455,556,5.769414901733398
99.36,79.99999953661906,89.38087030182857,553,5.802738189697266
99.39,80.00000410589834,89.36183422261585,542,5.829959869384766
99.42,80.00000007876476,89.35033737204375,542,5.851071357727051
99.45,80.0000027071324,89.33876260612715,544,5.866072654724121
99.48,80.00000247685355,89.31680549404878,541,5.87497615814209
99.51,80.0000027952896,89.2852669143734,539,5.877802848815918
99.54,79.99999876303283,89.25594831792856,539,5.8745808601379395
99.57000000000001,79.99999232370635,89.24389311668813,537,5.865348815917969
99.60000000000001,80.00000510491465,89.236044558437,548,5.850151062011719
99.63,79.99999262558904,89.23522384227171,541,5.829039573669434
99.66,79.99999016326935,89.23745756299752,540,5.8020734786987305
99.69,79.99999360432813,89.24431425622988,538,5.7693190574646
99.72,79.99999625502723,89.25725618283758,536,5.73084831237793
99.75,80.00000360852385,89.26472700456546,533,5.686739444732666
99.78,80.00000014640229,89.28920141031011,537,5.6370768547058105
99.81,79.99999921686529,89.3191505718289,533,5.581949710845947
99.84,79.99999679791233,89.34509251742134,526,5.521453857421875
99.87,80.00000223118644,89.37889328930282,536,5.455690860748291
99.9,79.99999960287256,89.41698216047116,542,5.384764194488525
99.93,79.99999930577998,89.47122691721931,544,5.3087849617004395
99.96000000000001,79.99999869170267,89.53224859139267,545,5.227866172790527
99.99000000000001,80.00000109474189,89.60308824635167,543,5.142125606536865
100.02,80.0000067486354,89.67303871165238,547,5.051681995391846
100.05,80.0000019799454,89.74470068301032,537,4.956657886505127
100.08,79.99999418767709,89.80452503213371,535,4.857181549072266
100.11,80.00000042558237,89.85766090600916,532,4.753382682800293
100.14,80.00000298465643,89.9064354891225,539,4.6453962326049805
100.17,80.00000189558584,89.95474030550162,538,4.533360958099365
100.2,79.99999119510247,89.99931182943267,534,4.417417526245117
100.23,79.99999552137889,90.03456799229872,531,4.297709941864014
100.26,80.00000043124764,90.06016984468309,516,4.174384117126465
100.29,80.00000190479739,90.0970071689613,526,4.04773473739624
100.32000000000001,79.99999966167724,90.14134156477753,518,3.973954916000366
100.35000000000001,79.99998409187799,90.18325454550545,518,3.949822425842285
100.38,79.99997821574671,90.22169566320821,518,3.9241745471954346
100.41,79.99996205171013,90.2728294817976,515,3.8924503326416016
100.44,79.99995499480715,90.3131693607204,511,3.8538835048675537
100.47,79.9999409284964,90.34411280106242,510,3.8084123134613037
100.5,79.99994270246067,90.37855737748892,518,3.756072998046875
100.53,79.99993893596721,90.42145769961279,512,3.6969096660614014
100.56,79.99994322348783,90.45285796867414,506,3.630967378616333
100.59,79.99993688521619,90.47415602528358,509,3.5582940578460693
100.62,79.9999407853297,90.50601319014027,496,3.4789388179779053
100.65,79.9999358259354,90.54368063771643,506,3.392954111099243
100.68,79.99993871376982,90.59085124987442,512,3.3003969192504883
100.71000000000001,79.9999467135812,90.6435367913731,510,3.201327085494995
100.74000000000001,79.99994243507162,90.69924248840931,507,3.095810890197754
100.77,79.99993854885328,90.75761943238095,496,2.983919858932495
100.8,79.99994220232765,90.81567746850047,498,2.8657331466674805
100.83,79.99993742632739,90.87205339543218,502,2.741337537765503
100.86,79.99993557256808,90.9183425998323,507,2.6108274459838867
100.89,79.99993631656739,90.97353775322105,507,2.4743051528930664
100.92,79.99994203499159,91.03684857027214,511,2.331880807876587
100.95,79.999942462182,91.06658691841066,515,2.1836695671081543
100.98,79.99993807715859,91.0683620977459,516,2.0278754234313965
101.01,79.9999415283565,91.0645334882738,524,1.8240560293197632
101.04,79.99995106231935,91.05695478938918,520,1.6075108051300049
101.07000000000001,79.99993928530014,91.03215059809722,529,1.392218828201294
101.10000000000001,79.99993807774266,91.01011852340655,536,1.1783256530761719
101.13,79.99994244388968,90.98851456276374,532,0.9659731984138489
101.16,79.99993642227713,90.9710701410682,538,0.7553098201751709
101.19,79.99992131241758,90.95482016948633,534,0.5464894771575928
101.22,79.99987235737015,90.92232596803373,539,0.3396705090999603
101.25,79.99986319871017,90.89014526382074,541,0.1350143998861313
101.28,79.99985486186938,90.86317192064104,539,-0.06731492280960083
101.31,79.99986071890099,90.82083335292228,544,-0.26715195178985596
101.34,79.99987390562603,90.77655356735472,543,-0.46433061361312866
101.37,79.99996184906277,90.74196189790399,543,-0.6586846113204956
101.4,79.99999947283496,90.70462549495569,548,-0.8500486016273499
101.43,80.00000419961776,90.63403010015169,540,-1.0382583141326904
101.46000000000001,79.99999794293488,90.55547629087783,531,-1.2231515645980835
101.49000000000001,80.00001119340399,90.48507459625269,527,-1.4045685529708862
101.52,80.0000098536912,90.41354311937278,532,-1.5823523998260498
101.55,80.00000682249666,90.35291595445676,532,-1.756349802017212
101.58,80.00000530766745,90.3089022504688,527,-1.926754355430603
101.61,80.00000078449231,90.27657823674657,532,-2.1259217262268066
101.64,80.000003371693,90.24963017395267,534,-2.3525829315185547
101.67,80.00000076901043,90.21582730627563,538,-2.5797247886657715
101.7,80.0000008615869,90.18680655743819,538,-2.8070104122161865
101.73,79.99999797894623,90.16789829726194,534,-3.034153938293457
101.76,80.00000167747338,90.16365728836573,524,-3.2608630657196045
101.79,79.9999959595215,90.16583340520805,520,-3.486839532852173
101.82000000000001,79.99999965214647,90.17947963662994,520,-3.711780548095703
101.85000000000001,80.00000251785224,90.19477745772701,513,-3.935361862182617
101.88,79.99999418140595,90.20532056754983,513,-4.080671310424805
101.91,79.99999438215801,90.21543479975422,513,-4.176934242248535
101.94,80.00000378283528,90.21684442206778,518,-4.268064498901367
101.97,80.00000496000149,90.1886398069505,518,-4.353952407836914
102.0,79.99999696037284,90.16018660277763,509,-4.434471130371094
102.03,79.99999381508168,90.14537399806866,507,-4.509505748748779
102.06,79.99999490776489,90.13251000420034,508,-4.578958034515381
102.09,79.99998653034486,90.10158176766747,516,-4.642740249633789
102.12,79.99998769630258,90.06876041343415,520,-4.70077657699585
102.15,79.99998723988311,90.04319734058849,528,-4.753005027770996
102.18,79.9999825417559,90.01323249691843,533,-4.799374580383301
102.21000000000001,79.99998154522463,89.9936310863996,533,-4.839842796325684
102.24000000000001,79.99998108644304,89.98306649380535,533,-4.874381065368652
102.27,79.99997084164957,89.97652300733806,531,-4.902968883514404
102.3,79.99997646320206,89.98062947575409,534,-4.925597190856934
102.33,79.99996778497393,89.98602854685257,533,-4.942265033721924
102.36,79.9999729309684,90.00679019121259,529,-4.952976703643799
102.39,79.99996751044337,90.01822308261536,531,-4.957749843597412
102.42,79.9999701987938,90.02955668895345,531,-4.956607818603516
102.45,79.99996479439602,90.05043916680482,535,-4.949582099914551
102.48,79.99995923222986,90.06177995031052,535,-4.936707496643066
102.51,79.99996224404289,90.08124512856874,535,-4.918029308319092
102.54,79.99996304245083,90.09979547143799,539,-4.893596172332764
102.57000000000001,79.99996535751082,90.11070881332446,541,-4.863464832305908
102.60000000000001,79.99997959540343,90.10707553201088,543,-4.827695846557617
102.63,79.99996332652573,90.10282054782449,539,-4.7863569259643555
102.66,79.99996692145255,90.08154380157634,540,-4.7395219802856445
102.69,79.99996705988929,90.0521132307179,547,-4.687267303466797
102.72,79.99996182942712,90.03754216625391,547,-4.6296796798706055
102.75,79.99997087677946,90.01978106042527,553,-4.566847801208496
102.78,79.99995750970936,90.00991051615262,553,-4.498871326446533
102.81,79.99996582229713,90.00594341579607,546,-4.425854682922363
102.84,79.99996790981945,90.01406863610228,547,-4.3479084968566895
102.87,79.99997432273425,90.03552499219242,552,-4.265149116516113
102.9,79.99997163219193,90.06062097025918,546,-4.177699565887451
102.93,79.99996685308243,90.0718759126278,542,-4.085698127746582
102.96000000000001,79.99997344414405,90.08471516522445,544,-4.000892639160156
102.99000000000001,79.99997337761458,90.11160475880666,544,-3.9814937114715576
103.02,79.9999692398147,90.15632451367689,543,-3.9740872383117676
103.05,79.99997298844717,90.20618109609592,544,-3.966522455215454
103.08,79.99996455448073,90.25270906760304,558,-3.9566843509674072
103.11,79.99996439649769,90.30893664516842,558,-3.9429612159729004
103.14,79.99997338478917,90.38728004817351,551,-3.9237561225891113
103.17,79.99996785255914,90.46771009391195,550,-3.8979427814483643
103.2,79.99996707379366,90.53508875079552,550,-3.8650565147399902
103.23,79.99996650090266,90.60490366399956,545,-3.8249924182891846
103.26,79.99996721224316,90.6959910244662,542,-3.777742385864258
103.29,79.99995358167753,90.79317359631104,551,-3.7233126163482666
103.32000000000001,79.99995644533182,90.87595356808797,551,-3.661714553833008
103.35000000000001,79.99997208043054,90.95045864455477,555,-3.5929644107818604
103.38,79.99996871596723,91.01497429520441,555,-3.517085552215576
103.41,79.99996620320084,91.0624627194682,553,-3.4341065883636475
103.44,79.99996308941452,91.08791051605895,557,-3.344064235687256
103.47,79.9999617688952,91.11513394511309,555,-3.2470011711120605
103.5,79.99996691872767,91.12441584119402,555,-3.1429684162139893
103.53,79.99997272583349,91.14109328955638,553,-3.032024383544922
103.56,79.9999615432914,91.15211456560772,547,-2.9142351150512695
103.59,79.99996214099029,91.15352876791705,542,-2.7896761894226074
103.62,79.99995922927265,91.14820839723913,534,-2.658430337905884
103.65,79.99997160831077,91.14521817666096,532,-2.5205891132354736
103.68,79.99997685444391,91.13598292751979,536,-2.3762543201446533
103.71000000000001,79.99998145177588,91.1161370458176,522,-2.2255337238311768
103.74000000000001,79.99997186305137,91.08557505561473,522,-2.0681447982788086
103.77,79.99998132009533,91.07170615416567,516,-1.872296929359436
103.8,79.99998327583944,91.05609124543678,516,-1.65007483959198
103.83,79.9999826270683,91.03433504166118,511,-1.4285906553268433
103.86,79.99998297353771,90.99956566077401,506,-1.2080529928207397
103.89,79.99998396395036,90.94780436571618,510,-0.9886074066162109
103.92,79.99998339035564,90.90160062333509,507,-0.7704057097434998
103.95,79.99999008367946,90.87786072156597,506,-0.5536043643951416
103.98,79.99998442336819,90.87406000086455,516,-0.33836352825164795
104.01,79.999986606375,90.86651445842159,523,-0.12484750151634216
104.04,79.9999860095632,90.84895220657553,518,0.08677583932876587
104.07000000000001,79.99999183012116,90.84693753091774,522,0.29633569717407227
104.10000000000001,79.99998675274254,90.8600231624154,524,0.5036596059799194
104.13,79.99999300228016,90.88231073556172,516,0.7085738182067871
104.16,79.9999883816208,90.90295376535182,514,0.9109046459197998
104.19,79.99999153290507,90.92419177038984,520,1.1104785203933716
104.22,79.99998243950465,90.94396329822891,525,1.3071234226226807
104.25,79.99998768193409,90.97220720829121,524,1.5006697177886963
104.28,79.9999956173913,91.00399339651273,524,1.690950870513916
104.31,79.99999391082325,91.04316452104581,534,1.8778523206710815
104.34,80.0000007620829,91.06829302124427,533,2.0806374549865723
104.37,80.0000004277779,91.08951839586746,545,2.324068546295166
104.4,80.0000064117359,91.08878103115511,554,2.5692925453186035
104.43,80.00000891416146,91.06470798096936,550,2.8156802654266357
104.46000000000001,80.00001368050206,91.0403052594739,548,3.062952995300293
104.49000000000001,80.00000356910542,91.020647337919,547,3.310828924179077
104.52,80.00000840483466,91.0048387497769,546,3.5590219497680664
104.55,80.00000990908539,90.98189205417972,551,3.8072428703308105
104.58,80.00001132663745,90.94944272615857,555,4.035758972167969
104.61,80.00000896548295,90.91171633940318,555,4.161370277404785
104.64,80.00002322974939,90.86452448393052,553,4.281444072723389
104.67,80.00001669166006,90.81835876101196,549,4.396847724914551
104.7,80.00001955040531,90.75760188293293,561,4.507446765899658
104.73,80.00001500127877,90.69386184394699,563,4.613120079040527
104.76,80.00001330959967,90.63839841701119,563,4.713754653930664
104.79,80.00001415003256,90.58012877273316,559,4.8092451095581055
104.82000000000001,80.00002894340999,90.52726810233477,565,4.899495601654053
104.85000000000001,80.0000282120187,90.47416655332793,561,4.9844207763671875
104.88,80.00002823754183,90.42964137196672,564,5.063940525054932
104.91,80.0000193032901,90.40348306654413,566,5.137982368469238
104.94,80.00001287251767,90.38960343508268,568,5.206480979919434
104.97,80.00000046654307,90.38222916411458,568,5.269378662109375
105.0,79.9999947971833,90.36429735459828,568,5.326623916625977
105.03,79.99999294668233,90.34199191124759,567,5.378171920776367
105.06,79.99999993092136,90.31543897215364,568,5.423986434936523
105.09,79.99999133778128,90.29552409654654,568,5.464043140411377
105.12,79.9999972240582,90.27659169443696,562,5.49832820892334
105.15,79.99999244909566,90.26048782341019,564,5.526834487915039
105.18,80.00000008308267,90.23908737206447,564,5.549567699432373
105.21000000000001,80.00000335081785,90.22230347896895,557,5.566535949707031
105.24000000000001,79.99999962855932,90.2015847041028,561,5.577762126922607
105.27,79.99999593407878,90.175375889834,563,5.583272933959961
105.3,79.99999198300213,90.16763718041378,555,5.583105087280273
105.33,79.99999844673493,90.16232003021942,561,5.577301502227783
105.36,79.99999540348705,90.16798465527513,557,5.56591272354126
105.39,79.99999078409823,90.1689047662709,553,5.548995494842529
105.42,79.99999901034477,90.18490457974396,561,5.526614189147949
105.45,79.99999050488637,90.19488337355884,561,5.498836517333984
105.48,79.99998963329999,90.20711422726923,553,5.465738773345947
105.51,79.99999228650391,90.2269380882977,554,5.427401065826416
105.54,79.99998574937709,90.26211915953965,556,5.383907794952393
105.57000000000001,79.9999927572154,90.2975201760827,556,5.335348129272461
105.60000000000001,79.99998585227095,90.33307900357343,556,5.281816482543945
105.63,79.999993823835,90.37530373715558,559,5.223409652709961
105.66,80.00000734242926,90.41834497543451,553,5.160225868225098
105.69,80.00000585843308,90.45238598888207,553,5.092367649078369
105.72,80.0000058244052,90.47439892059684,558,5.01993989944458
105.75,80.00000706530774,90.50618843581105,555,4.943051815032959
105.78,80.00000809478225,90.56279575927617,559,4.861814022064209
105.81,80.00000699388275,90.63460577389549,554,4.776339530944824
105.84,80.00001018144309,90.70486016651374,547,4.686741828918457
105.87,80.00000692896053,90.7750746503123,536,4.593136310577393
105.9,80.00000517523524,90.83525756078673,540,4.495640754699707
105.93,80.00001187154966,90.88792673089789,536,4.394374370574951
105.96000000000001,80.00002046876178,90.92874381190596,536,4.289456844329834
105.99000000000001,80.00001649425833,90.9662773409258,528,4.181010723114014
106.02,79.99998656981404,91.01012479454322,522,4.069190979003906
106.05,79.99998698557167,91.07195200558114,518,3.986048460006714
106.08,79.99998753190613,91.1501099226623,519,3.967855930328369
106.11,79.99998912548196,91.21544189632499,517,3.954352855682373
106.14,79.9999887478653,91.28047984176176,518,3.93805193901062
106.17,79.99998425442388,91.3499064512048,524,3.916642904281616
106.2,79.99998593236357,91.42314010202777,515,3.8891232013702393
106.23,79.99998740927728,91.49816124135675,511,3.855203151702881
106.26,79.99999365526423,91.56614409742674,505,3.814856767654419
106.29,79.99999421313314,91.62768636108684,512,3.7681148052215576
106.32000000000001,79.99998587007772,91.6794271643984,515,3.7150161266326904
106.35000000000001,79.99998963559747,91.72874457798527,517,3.655601739883423
106.38,79.99999682509049,91.77418108525127,521,3.589916229248047
106.41,79.99999019144424,91.82235062969664,519,3.518007516860962
106.44,80.00000145541723,91.86443273574571,527,3.439927577972412
106.47,79.99999125534205,91.89991582783112,525,3.3557324409484863
106.5,80.0000020141472,91.93850256624545,525,3.2654831409454346
106.53,79.99999700510429,91.97297199441809,523,3.1692464351654053
106.56,79.99999503383489,91.99231499152611,520,3.067094326019287
106.59,79.99999654997762,92.0179655729843,526,2.959104537963867
106.62,79.99999750317498,92.03131815834752,529,2.8453621864318848
106.65,80.00000139344935,92.03576823452319,535,2.7259583473205566
106.68,79.99999337810098,92.03802139878294,543,2.600994825363159
106.71000000000001,80.00000093751927,92.02571534046871,546,2.4705798625946045
106.74000000000001,80.00000966388014,92.02436132466502,551,2.3348302841186523
106.77,79.99999825682518,92.00400759235686,562,2.1938669681549072
106.8,79.99999090742503,91.97314070048648,556,2.046800136566162
106.83,79.9999958738614,91.93717036816065,557,1.857395052909851
106.86,79.9999850948368,91.8858420604246,563,1.648765206336975
106.89,79.99999464987698,91.81189955643445,562,1.4417005777359009
106.92,79.99999250342428,91.74681810702265,566,1.236364483833313
106.95,79.99999361344685,91.69453373015034,562,1.0328854322433472
106.98,79.99998757743198,91.64057291754841,557,0.8313976526260376
107.01,79.99999345065946,91.58576408549344,551,0.6320399641990662
107.04,79.99998528920855,91.53954093044484,556,0.43495485186576843
107.07000000000001,79.99998282196266,91.49171483312547,553,0.24028697609901428
107.10000000000001,79.99998306381556,91.44199786342419,549,0.04818279668688774
107.13,79.99998235213076,91.39463014575291,547,-0.14121051132678986
107.16,79.99998671791516,91.34795683857655,554,-0.3277457654476166
107.19,79.99998535877415,91.297523572969,555,-0.511276364326477
107.22,79.99998071235368,91.24596956019923,560,-0.6916572451591492
107.25,79.99999035114898,91.19680856830038,555,-0.8687439560890198
107.28,79.99997049190505,91.14910058800908,555,-1.0423930883407593
107.31,79.99997871230914,91.09967044247537,559,-1.2124614715576172
107.34,79.99997969937836,91.06222963627897,557,-1.3788076639175415
107.37,80.00000680427188,91.03131659321399,554,-1.54129159450531
107.4,80.00001127353691,91.0068115949371,557,-1.6997755765914917
107.43,80.00001010780478,90.97516581725007,545,-1.8541501760482788
107.46000000000001,80.00000810680832,90.9452966476021,543,-2.01092529296875
107.49000000000001,80.00001060490408,90.9234423487958,540,-2.213531970977783
107.52,80.00000345741,90.9134718823401,545,-2.42110013961792
107.55,80.00000292239372,90.91669592715967,544,-2.6281909942626953
107.58,80.00000236100797,90.90752269715796,546,-2.8345394134521484
107.61,80.00000396616495,90.8895854186244,544,-3.0398812294006348
107.64,80.00001037047032,90.87443932019448,541,-3.2439496517181396
107.67,80.00001271499457,90.86792347045603,545,-3.4464776515960693
107.7,80.0000062624891,90.86078115180709,549,-3.6471970081329346
107.73,80.00000764616266,90.84762966547204,547,-3.845839738845825
107.76,80.00000768929716,90.83106432792512,541,-4.023980617523193
107.79,80.00000758873753,90.8109988597294,541,-4.099172592163086
107.82000000000001,80.00000730384038,90.78942493270505,547,-4.166108131408691
107.85000000000001,80.00000163954425,90.77122732905093,549,-4.227976322174072
107.88,80.0000053812285,90.74770047145232,548,-4.2846999168396
107.91,80.00000064564583,90.72732455963526,550,-4.336208820343018
107.94,79.99999856101996,90.72219998908614,557,-4.382441997528076
107.97,80.0000006017568,90.72951292806452,557,-4.423351764678955
108.0,79.99998920014332,90.74729160900709,553,-4.458899974822998
108.03,79.99999088907076,90.75681510785978,553,-4.489060878753662
108.06,79.99999201452282,90.74980974806108,553,-4.51381778717041
108.09,79.99999090752621,90.74058332914652,547,-4.533165454864502
108.12,79.99999250310816,90.72681161524565,549,-4.547102451324463
108.15,79.99998056277445,90.72558909662564,553,-4.555639266967773
108.18,79.99998223407565,90.71331577757202,549,-4.558793067932129
108.21000000000001,79.99998680029142,90.71297689385675,546,-4.556586742401123
108.24000000000001,79.9999806058577,90.72020849804595,546,-4.549054145812988
108.27,79.99998567463558,90.72372650763089,546,-4.536231517791748
108.3,79.99998557971828,90.72239032802415,543,-4.518163204193115
108.33,79.99998861015739,90.7120220492798,551,-4.494898796081543
108.36,79.99997963846221,90.71418943908347,546,-4.466492652893066
108.39,79.99998110675445,90.71546908947181,547,-4.433004856109619
108.42,79.99998378609413,90.70713648324588,546,-4.394501209259033
108.45,79.99999972823795,90.70163421289338,555,-4.351052284240723
108.48,79.99999531608206,90.72443464801495,547,-4.302735805511475
108.51,80.00000281095346,90.76508372255465,549,-4.249631881713867
108.54,79.99999452270619,90.81967926987046,551,-4.191827297210693
108.57000000000001,80.00000663242722,90.8905012445501,561,-4.129415512084961
108.60000000000001,80.00000091542037,90.97417572421763,559,-4.0625996589660645
108.63,80.00000952437442,91.05488031137072,561,-4.005126476287842
108.66,80.0000069975872,91.14850840955319,565,-3.9931840896606445
108.69,79.99999784767274,91.24331628688617,563,-3.989570379257202
108.72,80.0000003934493,91.34662274880918,567,-3.986272096633911
108.75,79.99999964235042,91.43025460423581,570,-3.9826290607452393
108.78,80.0000019330406,91.50072572292945,554,-3.978400468826294
108.81,80.00000481520668,91.58338095657548,551,-3.9732725620269775
108.84,79.9999964937817,91.66208818370691,547,-3.966745376586914
108.87,79.99999350360255,91.73760276674366,556,-3.9580185413360596
108.9,79.99998034621277,91.81578904893226,557,-3.9459245204925537
108.93,79.99997724815478,91.86768825420462,548,-3.929093360900879
108.96000000000001,79.9999771430078,91.89356104882164,546,-3.906407356262207
108.99000000000001,79.99997510969878,91.92470679936929,550,-3.8773021697998047
109.02,79.99997638515318,91.94996502015363,564,-3.8416128158569336
109.05,79.99996223505794,91.98558421662865,554,-3.7993106842041016
109.08,79.99998087292475,92.01554867866903,548,-3.7503955364227295
109.11,79.9999696552991,92.0508797883169,544,-3.6948742866516113
109.14,79.99994761181166,92.0752659136436,539,-3.6327576637268066
109.17,79.99994807990754,92.09544569985312,535,-3.5640621185302734
109.2,79.99994935310319,92.10545890049974,550,-3.48880934715271
109.23,79.99994630261135,92.10295976202788,550,-3.407026767730713
109.26,79.99994391926545,92.09966161494876,555,-3.3187484741210938
109.29,79.99994314988996,92.10186379782559,549,-3.2240164279937744
109.32000000000001,79.99994633288468,92.10531677256822,543,-3.1228814125061035
109.35000000000001,79.99993887244666,92.10026536594131,533,-3.0154025554656982
109.38,79.99993975558483,92.08956036587588,539,-2.901648998260498
109.41,79.99994495650458,92.07285847039368,535,-2.7816967964172363
109.44,79.99994614277982,92.04873539520823,528,-2.6556320190429688
109.47,79.99994033579794,92.05555966440005,538,-2.5235507488250732
109.5,79.99994279781909,92.07391957091255,538,-2.38555645942688
109.53,79.9999646380423,92.09508426796636,535,-2.2417614459991455
109.56,79.99996669514208,92.10488079190492,537,-2.0921242237091064
109.59,79.99995782948373,92.10956794566319,543,-1.9135968685150146
109.62,79.999966644283,92.11381023249376,544,-1.698986291885376
109.65,79.9999691738645,92.09604189266217,542,-1.4852045774459839
109.68,79.99996867746638,92.06081921463417,542,-1.272721290588379
109.71000000000001,79.99996985121419,92.01889364805461,547,-1.0616705417633057
109.74000000000001,79.99997871324877,91.97528383996666,559,-0.8521926999092102
109.77,79.99997824050133,91.9194151678835,564,-0.6444323658943176
109.8,79.99997158297407,91.86209512765768,568,-0.43853792548179626
109.83,79.9999867352379,91.79256176974303,576,-0.2346603274345398
109.86,79.99997500103821,91.7072488223258,574,-0.03295200318098068
109.89,79.99998447795677,91.6341460663964,563,0.1664336919784546
109.92,79.99998751210461,91.56881594854131,563,0.36334335803985596
109.95,79.99998360816686,91.52536867841147,557,0.5576242804527283
109.98,79.99999848523653,91.48516142698686,561,0.7491250038146973
110.01,80.00000759144164,91.4483210739019,562,0.9376958608627319
110.04,80.0000037851015,91.39791607661911,564,1.1231902837753296
110.07000000000001,79.99999888880102,91.34260828911077,560,1.3054641485214233
110.10000000000001,80.00000750447079,91.28860316477659,552,1.484377384185791
110.13,80.00000761280124,91.23771310680428,556,1.6597936153411865
110.16,79.99999717231837,91.20211994693508,565,1.8315904140472412
110.19,79.99999818301126,91.16567467140909,573,2.004598617553711
110.22,79.9999973649077,91.1343685001514,565,2.2250959873199463
110.25,79.99999823909722,91.10476994679914,564,2.4523253440856934
110.28,80.00000123933002,91.07890017613421,569,2.680177927017212
110.31,79.99999647611689,91.04868462795973,573,2.908402681350708
110.34,79.99999917824289,91.01148328204629,579,3.1367437839508057
110.37,80.00000121294318,90.99077684560754,581,3.364940643310547
110.4,79.99999963794644,90.98119793695565,581,3.59272837638855
110.43,79.99999913279252,90.97249294480551,582,3.8198368549346924
110.46000000000001,80.00000894301537,90.95756881596101,590,4.0287933349609375
110.49000000000001,80.00000329727332,90.94172702357103,584,4.133296489715576
110.52,80.00000928554704,90.91937365340563,586,4.23138427734375
110.55,79.99999917178556,90.88570022885021,585,4.3248186111450195
110.58,80.0000079913322,90.86576502683893,583,4.413481712341309
110.61,80.0000023312022,90.8515376839541,584,4.497269153594971
110.64,80.00001121127401,90.84985370700403,581,4.576086521148682
110.67,80.00000938536346,90.85130420384414,576,4.649852752685547
110.7,80.00001269435761,90.86634335718408,582,4.718499183654785
110.73,80.0000034510492,90.88085875169665,572,4.781965732574463
110.76,80.00000498714247,90.89091593565061,570,4.840202808380127
110.79,80.00000722045543,90.89835342940626,572,4.8931708335876465
110.82000000000001,80.00001027448343,90.90875364444547,570,4.9408392906188965
110.85000000000001,80.00001075776905,90.91710036014425,570,4.983188629150391
110.88,80.00001630634506,90.92032642038681,578,5.020206928253174
110.91,80.00000327579737,90.917494993008,579,5.051890850067139
110.94,80.00000631314056,90.91567121167063,579,5.0782470703125
110.97,80.00000379231102,90.91785218031052,581,5.099287986755371
111.0,79.9999973428753,90.92654736937544,582,5.1150360107421875
111.03,79.99999874914099,90.94233671499379,582,5.125521183013916
111.06,80.00000078389508,90.9639635200385,576,5.130780220031738
111.09,79.99998885244699,91.00298487576062,580,5.130855560302734
111.12,79.99999639441386,91.05018600738481,589,5.125800132751465
111.15,79.99999418480559,91.10259598358734,576,5.115669250488281
111.18,79.99999239743669,91.15130481795184,570,5.10052490234375
111.21000000000001,79.99999092829995,91.1922611902567,582,5.080433368682861
111.24000000000001,79.99998802182647,91.23496662971318,580,5.055466651916504
111.27,79.99999062596729,91.27488621218228,576,5.025699615478516
111.3,79.99999664309699,91.32348919763123,569,4.991209030151367
111.33,79.99999336453845,91.38081773534037,571,4.95207405090332
111.36,79.99999284725682,91.4433197227831,576,4.9083781242370605
111.39,80.00000598101254,91.49448699974857,567,4.860208511352539
111.42,80.00000719646414,91.50927662314888,565,4.807651996612549
111.45,80.00000882016091,91.52179611846913,560,4.75079870223999
111.48,80.00000235236107,91.53708989038739,556,4.6897406578063965
111.51,80.00000523846613,91.55785444489348,552,4.624569416046143
111.54,79.99999819208716,91.58395074335375,549,4.555381774902344
111.57000000000001,80.00000339413043,91.61345352937546,551,4.482274532318115
111.60000000000001,80.00000611773069,91.6538647658474,547,4.405345916748047
111.63,80.00001070656799,91.69998493433303,539,4.324696063995361
111.66,80.00000379211524,91.73209552331464,535,4.240428924560547
111.69,80.00002148378582,91.76601375609854,545,4.152647972106934
111.72,80.0000252428996,91.80541484118268,538,4.061538219451904
111.75,80.00001600520038,91.8577181493748,540,3.9935247898101807
111.78,79.9999965441487,91.92367718369414,539,3.981915235519409
111.81,79.99998097774188,91.9963658996305,536,3.9764935970306396
111.84,79.99998606195014,92.07958918987669,541,3.9709832668304443
111.87,79.99999302721093,92.16557748652316,546,3.964184522628784
111.9,79.99998868324673,92.2453879136256,543,3.955188751220703
111.93,79.9999774484378,92.32511477879348,545,3.942894220352173
111.96000000000001,79.99997651171434,92.40687164615133,548,3.9261233806610107
111.99000000000001,79.99998334598844,92.48289250847107,543,3.90398907661438
112.02,79.99998135053225,92.56828092871025,540,3.876075267791748
112.05,79.99997633503756,92.65187250298871,542,3.842278003692627
112.08,79.99997767385817,92.72500785759671,542,3.8025999069213867
112.11,79.99998250468462,92.77117516663586,548,3.7570688724517822
112.14,79.99997433877309,92.77955769672472,550,3.7057197093963623
112.17,79.99998247126025,92.77768829861657,554,3.6485936641693115
112.2,79.99999037136962,92.77418683063223,554,3.585737466812134
112.23,79.99998537638123,92.76559870170377,544,3.5172064304351807
112.26,79.99998812024616,92.74421401035694,546,3.443063735961914
112.29,79.99999100493777,92.72758887444911,550,3.3633806705474854
112.32000000000001,79.99998930442533,92.69566700798929,548,3.2782349586486816
112.35000000000001,79.99998523568871,92.65866200852628,558,3.187713623046875
112.38,79.99999387095359,92.62864213703403,560,3.0919084548950195
112.41,79.99999370392756,92.59515329193295,562,2.990919828414917
112.44,79.99999306131966,92.54191083546556,552,2.884854793548584
112.47,79.99999338261695,92.499886653565,551,2.7738261222839355
112.5,79.99999784828736,92.44587478903244,553,2.657954216003418
112.53,79.9999943568131,92.38036856038357,555,2.537365674972534
112.56,79.99999576637838,92.31969287419363,560,2.4121923446655273
112.59,79.99999806993856,92.25833001464922,566,2.2825732231140137
112.62,79.99999764961757,92.18117549826243,572,2.1486356258392334
112.65,80.00000846069445,92.10302732150505,569,2.0060606002807617
112.68,79.99999047619816,92.02280277861666,573,1.815053939819336
112.71000000000001,80.00000555401118,91.93653093742756,569,1.6173903942108154
112.74000000000001,80.00000491872896,91.83739009427369,568,1.4219622611999512
112.77,79.99999452032696,91.74455594037732,569,1.2288926839828491
112.8,79.9999977721112,91.65953004174871,564,1.038300633430481
112.83,80.00000119971548,91.59031420172907,566,0.850310742855072
112.86,79.99999906505819,91.53751405505916,572,0.6650514602661133
112.89,79.99999940171412,91.50039821869201,576,0.48265448212623596
112.92,79.99999385721007,91.45795723221198,570,0.30325424671173096
112.95,79.99999701487975,91.432542648931,568,0.1269867867231369
112.98,80.00000446347713,91.41205258736944,570,-0.046010732650756836
113.01,80.00000256102297,91.3816171238066,572,-0.21560068428516388
113.04,80.00000148992775,91.35420283146047,571,-0.38164564967155457
113.07000000000001,79.99999847920901,91.32302514072644,566,-0.5440102815628052
113.10000000000001,79.99999763860122,91.28977669599561,564,-0.7025638818740845
113.13,79.999992866252,91.24931689899351,558,-0.8571813702583313
113.16,79.9999952546025,91.21534573611663,564,-1.007743000984192
113.19,80.0000046094888,91.19531774181911,559,-1.1541353464126587
113.22,80.00000305800407,91.19583330380813,560,-1.2962504625320435
113.25,80.0000063625633,91.22090583832583,564,-1.4339860677719116
113.28,80.00000271155162,91.25131072695034,561,-1.5672451257705688
113.31,80.00000797620726,91.28761473585264,557,-1.6959363222122192
113.34,80.00001254214317,91.30390656913153,553,-1.8199831247329712
113.37,80.00000607925442,91.31971242579934,556,-1.9401681423187256
113.4,80.00001088340413,91.33955013390853,556,-2.084606409072876
113.43,80.0000097272893,91.36373305702013,558,-2.256948709487915
113.46000000000001,80.0000046394484,91.40443276501891,559,-2.4279441833496094
113.49000000000001,80.0000041535128,91.45752281915996,567,-2.5970001220703125
113.52,80.0000032490078,91.51114297958989,569,-2.763899803161621
113.55,80.00000703236152,91.5696103060521,563,-2.9284281730651855
113.58,80.00000713040049,91.62128968424837,567,-3.0903687477111816
113.61,80.0000153038571,91.6754397702976,562,-3.249506711959839
113.64,80.00001059336397,91.73471047256166,564,-3.4056284427642822
113.67,80.00000716953144,91.78005352372153,566,-3.5585219860076904
113.7,80.00001468234136,91.81336992503374,562,-3.7079761028289795
113.73,80.00001326686287,91.8395219407875,565,-3.8537838459014893
113.76,80.00000558819444,91.86425005913833,565,-3.992419719696045
113.79,80.00001333594217,91.88642936101097,563,-4.036970138549805
113.82000000000001,80.0000084839718,91.90257624277976,551,-4.052706241607666
113.85000000000001,80.0000015813188,91.9012678157212,559,-4.0614542961120605
113.88,80.00001643554869,91.90102398837777,558,-4.064911365509033
113.91,80.00000959129804,91.90022340476925,561,-4.063506603240967
113.94,80.00000604627822,91.8903878969071,567,-4.057532787322998
113.97,79.99999262459586,91.87353815254765,565,-4.047565460205078
114.0,79.9999945206241,91.85343187126601,568,-4.0352349281311035
114.03,80.00000254722036,91.83670681571357,572,-4.02415132522583
114.06,79.9999945350222,91.82752467708056,576,-4.017177104949951
114.09,79.99997924407607,91.84104007684026,570,-4.013058662414551
114.12,79.99998812735541,91.86589449323668,568,-4.009983539581299
114.15,79.99998967537543,91.88978310434153,566,-4.007272243499756
114.18,79.99998005721292,91.93320007172647,572,-4.004730701446533
114.21000000000001,79.9999871935904,92.00625897442444,570,-4.0022783279418945
114.24000000000001,79.99998638572518,92.0754704309063,568,-3.999861717224121
114.27,79.99998597656649,92.12669028361505,558,-3.997436761856079
114.3,79.99998844275183,92.17533511021391,564,-3.994960308074951
114.33,79.9999886990399,92.22536029267175,572,-3.9923834800720215
114.36,80.00000539257118,92.2682338738556,563,-3.9896485805511475
114.39,80.0000028635305,92.31123556097958,563,-3.9866819381713867
114.42,79.999996504083,92.35574041032847,561,-3.9833810329437256
114.45,79.9999867121468,92.41375948227616,564,-3.979595422744751
114.48,79.99998642681946,92.47922148985117,564,-3.975094795227051
114.51,79.99998580376608,92.54409222424346,560,-3.9695143699645996
114.54,79.99999612310377,92.61876997364797,566,-3.9622700214385986
114.57000000000001,79.99999819662759,92.68359800267237,570,-3.9524738788604736
114.60000000000001,79.99999682689398,92.73703575896127,567,-3.938950538635254
114.63,80.00000165308951,92.78130667335775,559,-3.9205145835876465
114.66,80.00000072664679,92.81128326245006,566,-3.8963630199432373
114.69,80.0000139103897,92.84717858993677,564,-3.866164445877075
114.72,80.00000521090354,92.8819371560149,567,-3.8298449516296387
114.75,80.0000125090664,92.8995168962973,558,-3.787402868270874
114.78,80.00000538330885,92.90495408290109,561,-3.7388558387756348
114.81,80.00001066237124,92.92285887689181,563,-3.6842260360717773
114.84,80.00002203960312,92.9459002474021,563,-3.623542308807373
114.87,80.00002428873792,92.96163755135387,560,-3.5568392276763916
114.9,80.00001438455865,92.95101143104328,558,-3.4841575622558594
114.93,80.00001356301321,92.94277671452986,549,-3.405543804168701
114.96000000000001,80.00001617044951,92.94081056625171,540,-3.321052074432373
114.99000000000001,80.00000323456587,92.95139168284496,541,-3.230740785598755
115.02,80.00000596198078,92.95561325723078,549,-3.134676456451416
115.05,80.00001026451287,92.96502644894518,553,-3.0329320430755615
115.08,79.99999823505688,92.96212926226943,559,-2.9255876541137695
115.11,79.99998970141,92.93615972747612,554,-2.812729597091675
115.14,79.99998641843267,92.88433287568571,561,-2.694451093673706
115.17,79.99997911085713,92.80917987655498,561,-2.5708539485931396
115.2,79.99998441431737,92.70143453413387,569,-2.4420487880706787
115.23,79.99998134802426,92.58108645611759,565,-2.3081541061401367
115.26,79.9999806122521,92.46472030432328,567,-2.1692895889282227
115.29,79.99997860018365,92.35221123121913,566,-2.023123025894165
115.32000000000001,79.99997907536235,92.24418689882916,571,-1.8295658826828003
115.35000000000001,79.99998095916507,92.15576045119221,567,-1.6245534420013428
115.38,79.9999838500311,92.08064689870929,569,-1.4212769269943237
115.41,79.99998713006282,91.99594357580379,569,-1.2198684215545654
115.44,79.99999431185357,91.92576132575596,571,-1.0204501152038574
115.47,79.99998722600759,91.87386776731064,575,-0.8231489658355713
115.5,79.9999941582599,91.83186340772065,574,-0.6280949115753174
115.53,79.99999760143221,91.79228937675323,572,-0.4354202449321747
115.56,79.99998943761487,91.73731009173595,578,-0.2452591359615326
115.59,79.99998585873998,91.6801372070271,579,-0.057745907455682755
115.62,79.99998863373312,91.63981197033154,588,0.12698516249656677
115.65,79.9999966462272,91.6160077341927,588,0.30880048871040344
115.68,79.9999995336758,91.58259906859821,588,0.48756763339042664
115.71000000000001,79.99999929138487,91.54266057236644,578,0.6631560325622559
115.74000000000001,80.00000113389936,91.51219295094644,574,0.835436999797821
115.77,80.00000226410597,91.50223323046377,569,1.004284381866455
115.8,80.00000258162507,91.50884480661992,573,1.1695746183395386
115.83,79.99999415502698,91.51575316508271,575,1.3311868906021118
115.86,79.99999821077279,91.53339489790282,577,1.4890012741088867
115.89,80.00000825487149,91.55394499892138,577,1.6429002285003662
115.92,79.99999843417656,91.58036385502727,575,1.7927709817886353
115.95,79.99999892308963,91.61390436304096,581,1.9391611814498901
115.98,79.99999542553248,91.65432095722072,578,2.1148521900177
116.01,80.00000835728359,91.69390511181028,571,2.3161203861236572
116.04,80.00000994491764,91.73106251519586,573,2.517066478729248
116.07000000000001,79.9999987480847,91.77389314475563,579,2.717348098754883
116.10000000000001,80.00000037548816,91.82518273293007,575,2.916715145111084
116.13,80.0000012232312,91.86348711632688,580,3.1149139404296875
116.16,79.99999957678818,91.88568795707333,586,3.3116912841796875
116.19,80.00000436247316,91.90104058957162,585,3.506793975830078
116.22,80.00000548086074,91.92285656919006,585,3.699970006942749
116.25,80.0000071137351,91.9418910892551,591,3.8909683227539062
116.28,80.00000728309124,91.95510194475564,592,4.039050102233887
116.31,80.00000900734116,91.96532280285584,590,4.104074478149414
116.34,80.00000066469129,91.97265118578457,594,4.163143157958984
116.37,80.00000391236652,91.97460679985743,596,4.217364311218262
116.4,80.00001233668341,91.96502437711003,598,4.266676425933838
116.43,80.0000162020847,91.95570642517576,597,4.3110246658325195
116.46000000000001,80.00000951229826,91.9518075926912,597,4.350366115570068
116.49000000000001,80.0000107120283,91.96344840895884,597,4.384669303894043
116.52,80.00000414871828,91.97258627737914,599,4.413914680480957
116.55,80.00000906025767,91.97816543625116,599,4.438091278076172
116.58,80.00000509383801,91.97209623915874,595,4.45720100402832
116.61,80.00000366782464,91.96719329464213,596,4.471254348754883
116.64,80.0000127208879,91.96930653787196,594,4.480271339416504
116.67,80.00000763310139,91.96809896576492,594,4.484282970428467
116.7,80.00000708268657,91.95812426064427,594,4.483327388763428
116.73,80.0000029275142,91.95594250022305,600,4.477450370788574
116.76,79.99999604030178,91.97292655898802,596,4.466708660125732
116.79,79.99999743060414,91.99967380193236,600,4.451162338256836
116.82000000000001,79.9999978730217,92.01927773960628,590,4.430880546569824
116.85000000000001,79.9999924114741,92.05033257846672,601,4.405933856964111
116.88,79.9999983667376,92.07499373986396,605,4.376400947570801
116.91,80.00000204899594,92.10090474471465,602,4.342362403869629
116.94,80.00000295340999,92.1382609436477,606,4.3039045333862305
116.97,79.99999826638323,92.19398466741757,599,4.261117458343506
117.0,80.00000982190984,92.26710781668412,596,4.214095115661621
117.03,80.00000348414292,92.34716097730713,593,4.162934303283691
117.06,80.0000103970678,92.42620271163601,583,4.1077399253845215
117.09,80.00000484263644,92.49609331413285,576,4.048983097076416
117.12,80.00000754406022,92.5257442582973,578,4.0048747062683105
117.15,80.00001429667333,92.55058060156507,577,3.9967563152313232
117.18,80.0000097597389,92.56950689530933,571,3.9939796924591064
117.21000000000001,80.00000568269846,92.59385740711443,567,3.9914510250091553
117.24000000000001,80.00000777193966,92.6240411187105,566,3.9887969493865967
117.27,80.00001399691583,92.65254104969493,566,3.9859275817871094
117.3,80.00002023425886,92.67864675612643,563,3.982748031616211
117.33,80.00001582477138,92.71742869981546,562,3.9791252613067627
117.36,80.00002386608676,92.76574147438714,568,3.974858283996582
117.39,80.00002059717632,92.8121890244029,564,3.969636917114258
117.42,80.0000183244856,92.85991045942716,573,3.9629769325256348
117.45,80.00001803270096,92.89397407920474,577,3.954148530960083
117.48,80.0000191705459,92.93144502352997,577,3.9421746730804443
117.51,80.0000226420974,92.97097339453988,569,3.926008939743042
117.54,80.00003836126969,93.01835359135181,569,3.904862403869629
117.57000000000001,80.00002905174581,93.06473367218686,569,3.8783578872680664
117.60000000000001,80.0000351531737,93.09768032681909,577,3.846400499343872
117.63,80.0000042232486,93.11867309234636,575,3.809000253677368
117.66,79.99999984648645,93.1259252233689,571,3.7661917209625244
117.69,80.00000115090003,93.10299231227151,556,3.718017101287842
117.72,79.99998819843644,93.06383072521787,556,3.664524555206299
117.75,80.00000530384095,93.01445863858422,560,3.605766773223877
117.78,80.00000260648588,92.96654556489453,559,3.5418035984039307
117.81,80.00000478006714,92.90346167872441,560,3.4727015495300293
117.84,79.99999859607408,92.84054752513704,561,3.39853572845459
117.87,80.0000121789189,92.7790112904138,557,3.3193864822387695
117.9,80.00000077852508,92.72454528179087,562,3.2353436946868896
117.93,80.000011374611,92.68129269530624,562,3.1465022563934326
117.96000000000001,80.0000147161094,92.63889683405101,563,3.052964448928833
117.99000000000001,80.0000090830375,92.62251626725589,565,2.954838514328003
118.02,80.0000184813909,92.626569501646,565,2.8522398471832275
118.05,80.00001803076115,92.61779392767154,566,2.7452902793884277
118.08,80.00001144874369,92.59976830561695,565,2.6341164112091064
118.11,80.00001643401424,92.59578997933103,567,2.5188510417938232
118.14,80.00002021076209,92.59014234633852,581,2.3996331691741943
118.17,80.00002941769597,92.57967087967988,578,2.276606321334839
118.2,80.00002584911319,92.57081602067703,583,2.149902105331421
118.23,80.00002524230297,92.54549688798734,577,2.0161941051483154
118.26,80.0000282155155,92.5098668035106,575,1.8363021612167358
118.29,80.00003557634533,92.48091086325275,578,1.6470673084259033
118.32000000000001,80.00003184861076,92.45200484754206,577,1.4604408740997314
118.35000000000001,80.00000158824477,92.42276843446865,579,1.2765426635742188
118.38,80.00000933412633,92.39325128651622,575,1.0954760313034058
118.41,80.00001768053666,92.36910698861482,577,0.9173482060432434
118.44,80.00001392018352,92.35652723938718,574,0.7422710061073303
118.47,80.00001833246584,92.35579261457384,574,0.5703600645065308
118.5,80.00001816214261,92.36444935636543,575,0.4017341434955597
118.53,80.00001410130456,92.37682258179512,584,0.23651432991027832
118.56,80.00001145603744,92.3956574023812,584,0.07482308894395828
118.59,80.0000102572894,92.43949694571161,587,-0.0832163542509079
118.62,80.00000875579005,92.48397275567446,585,-0.2374807447195053
118.65,79.9999993574971,92.51223796864589,587,-0.3878485858440399
118.68,80.00000127522912,92.54263270239979,580,-0.5342024564743042
118.71000000000001,80.00001123635978,92.55888446027075,571,-0.6764297485351562
118.74000000000001,80.00000565996966,92.55625346805886,579,-0.814422607421875
118.77,80.00000965961918,92.54913541606055,577,-0.948078453540802
118.8,80.00000658468062,92.53475029476715,572,-1.0773000717163086
118.83,80.0000089922037,92.51282289081519,575,-1.2019951343536377
118.86,80.00000339255908,92.50008245083916,569,-1.322077751159668
118.89,80.00000857010184,92.47994380424822,570,-1.4374674558639526
118.92,80.00000651183277,92.45719189583328,578,-1.5480901002883911
118.95,80.00001126441423,92.44185802760302,578,-1.6538772583007812
118.98,80.00001670714013,92.43074025588095,572,-1.7547682523727417
119.01,80.00000986257056,92.41423548068259,580,-1.8507462739944458
119.04,80.00000975585391,92.38125351759095,586,-1.9430029392242432
119.07000000000001,80.00001081971875,92.3610306712265,592,-2.053781270980835
119.10000000000001,80.00000000215717,92.34744993048487,590,-2.1950435638427734
119.13,80.00000560446293,92.32710754354939,593,-2.335035562515259
119.16,80.00000040008902,92.3099835711476,590,-2.4720957279205322
119.19,80.00000279638563,92.30410885116505,588,-2.606039524078369
119.22,80.00000261790237,92.3154859164313,587,-2.7366881370544434
119.25,80.00001546926497,92.32737668618603,582,-2.863866090774536
119.28,80.00000200489379,92.33100844924701,574,-2.987400770187378
119.31,80.00000571449432,92.32822298831191,573,-3.1071219444274902
119.34,79.99999851072155,92.32553213865629,576,-3.22286319732666
119.37,80.00000836542287,92.33712362409632,578,-3.3344638347625732
119.4,80.0000036646748,92.3601224640011,580,-3.441765308380127
119.43,80.00000674131071,92.39879656872428,585,-3.5446128845214844
119.46000000000001,80.00000587682423,92.450345887331,587,-3.6428561210632324
119.49000000000001,80.00001233439372,92.49472697801892,583,-3.7363474369049072
119.52,80.00001142984034,92.54414167648505,580,-3.8249430656433105
119.55,80.0000187349115,92.60757119439394,584,-3.9084932804107666
119.58,80.00002175692813,92.69328490500487,580,-3.9828855991363525
119.61,80.00001185548767,92.78132505898348,586,-4.003498554229736
119.64,80.00001886860191,92.84895320821128,587,-4.002774715423584
119.67,80.00001802658007,92.88682306320968,580,-4.000559329986572
119.7,80.00001771459543,92.90764457129133,574,-3.9982213973999023
119.73,80.00001878513524,92.93741799080951,576,-3.995821475982666
119.76,80.00001566796934,92.98149661204857,575,-3.99332332611084
119.79,80.00001542052765,93.02040498754667,571,-3.990678310394287
119.82000000000001,80.00000956303877,93.03243798753589,574,-3.987821340560913
119.85000000000001,80.00000411847945,93.04322014732398,574,-3.984661340713501
119.88,80.0000036927597,93.06141811960674,575,-3.981066942214966
119.91,80.0000178356306,93.0920019612661,578,-3.976837158203125
119.94,80.00002034154191,93.1281241791682,576,-3.9716544151306152
119.97,80.00001832129921,93.15333316005322,582,-3.9650065898895264
120.0,80.00000932896609,93.16917317175172,585,-3.956089735031128
120.03,80.00001210683395,93.18221627765514,580,-3.9437687397003174
120.06,80.0000082305113,93.18608691734572,578,-3.9267678260803223
120.09,80.00000971363077,93.17139171895248,582,-3.9040911197662354
120.12,80.0000118649603,93.1405057817477,578,-3.875251054763794
120.15,80.0000185024212,93.10256787561144,584,-3.8401031494140625
120.18,80.00001019584445,93.06001174448498,582,-3.798621416091919
120.21000000000001,80.00001528621819,93.02220647896584,584,-3.7508068084716797
120.24000000000001,79.99998731384855,92.9964307838382,586,-3.6966686248779297
120.27,79.99999593001182,92.98648172796814,593,-3.6362252235412598
120.3,79.99998849549242,92.97889339385792,597,-3.569500207901001
120.33,79.99998722063823,92.97086624534353,595,-3.4965262413024902
120.36,79.99998152535345,92.94646534247177,598,-3.4173433780670166
120.39,79.99998844566771,92.92759657421905,597,-3.3319997787475586
120.42,79.99998627331098,92.92562985784066,592,-3.240553140640259
120.45,79.99999088582464,92.94596750027969,584,-3.143069267272949
120.48,80.00000074053062,92.9553191402144,587,-3.0396230220794678
120.51,79.99999336012499,92.96438115452739,591,-2.9302988052368164
120.54,79.99999261263912,92.98975622229034,590,-2.815190076828003
120.57000000000001,79.99999696893343,93.00369352532105,577,-2.694397211074829
120.60000000000001,79.99999752219897,93.01997858464158,585,-2.5680315494537354
120.63,79.99999629542755,93.01365895118182,588,-2.436211585998535
120.66,80.00000317814076,92.99290563446112,583,-2.2990658283233643
120.69,80.00000143881034,92.95997687776979,582,-2.1567203998565674
120.72,80.00000368292902,92.91657974076594,582,-2.0050408840179443
120.75,80.00000612378619,92.88427579413367,588,-1.803431749343872
120.78,80.00001015297497,92.84894295012376,591,-1.595169186592102
120.81,79.99998900160608,92.81260427849139,595,-1.3885855674743652
120.84,79.99999352352137,92.77449870446918,603,-1.1838243007659912
120.87,79.9999981799185,92.73820594237303,595,-0.9810295104980469
120.9,79.99999983165262,92.7154437745296,589,-0.7803497910499573
120.93,79.99998970914325,92.68922746791107,585,-0.5819380879402161
120.96000000000001,79.99999380294508,92.65865896653072,598,-0.3859502375125885
120.99000000000001,80.00000104983779,92.63051740699133,600,-0.19254374504089355
121.02,79.99999388948693,92.59981437222571,594,-0.0018775276839733124
121.05,80.00000331497394,92.5724878939647,595,0.18588882684707642
121.08,79.99999453540278,92.5449458212018,594,0.37059515714645386
121.11,79.99999581382357,92.50250614923577,586,0.5520811676979065
121.14,79.99999328883166,92.46514322086584,584,0.7301868796348572
121.17,79.99998897631758,92.45061795044747,587,0.904752790927887
121.2,79.99999761384659,92.43867202901366,591,1.0756207704544067
121.23,79.99999534608416,92.43932499705258,587,1.2426350116729736
121.26,80.00000906887306,92.44884828862341,592,1.4056421518325806
121.29,80.00001286412005,92.46609350699866,589,1.5644924640655518
121.32000000000001,80.0000098463748,92.47460027257186,597,1.7190401554107666
121.35000000000001,80.00000369127584,92.46818060024347,602,1.8691916465759277
121.38,80.00000101461583,92.45515284416871,603,2.0242276191711426
121.41,80.00000287296675,92.44138661095154,605,2.223987579345703
121.44,80.00000461245484,92.43886205326291,591,2.426485538482666
121.47,80.00000223815428,92.45284112649678,591,2.6280393600463867
121.5,80.00000395285095,92.48137688030997,589,2.828376054763794
121.53,80.00000389612161,92.50056127018587,585,3.0272209644317627
121.56,80.00000091904658,92.51914421666046,581,3.2242987155914307
121.59,80.00000857687299,92.53437049550983,591,3.419332265853882
121.62,80.00000672227634,92.56173683326804,587,3.612044334411621
121.65,80.00000703250386,92.59220210436195,595,3.8021559715270996
121.68,79.99999553050674,92.62033410445271,597,3.9880218505859375
121.71000000000001,80.00000294114255,92.64036837080812,597,4.071276664733887
121.74000000000001,80.00000330442924,92.66296359072898,602,4.129113674163818
121.77,79.99999706380366,92.67923110709995,603,4.181525230407715
121.8,79.99999819012227,92.70308214342444,611,4.2285308837890625
121.83,79.99999839634718,92.73344488993641,605,4.270071983337402
121.86,79.99999219987251,92.74556016951914,617,4.306100845336914
121.89,80.00000007029898,92.7601069519767,627,4.336584091186523
121.92,80.00000068266074,92.77200255609068,628,4.361502647399902
121.95,79.99999991963857,92.76880363002353,628,4.380849361419678
121.98,79.99998947823343,92.76391313808055,621,4.394628524780273
122.01,79.99999150028256,92.75950069613604,619,4.40285587310791
122.04,79.99999480593802,92.74189992544306,615,4.405554294586182
122.07000000000001,79.99999117755638,92.72457256096352,616,4.402760028839111
122.10000000000001,79.9999927728295,92.72883790118907,610,4.394517421722412
122.13,79.99998981316783,92.75132216741063,608,4.38087797164917
122.16,79.99999676231906,92.76948888143089,605,4.361904144287109
122.19,79.99998629422143,92.78826726136404,599,4.3376617431640625
122.22,79.99998992805641,92.81790978611309,596,4.308225631713867
122.25,79.99999928234845,92.83501951154423,602,4.2736735343933105
122.28,79.9999986458475,92.82686658237976,604,4.234086036682129
122.31,79.99999526715092,92.83258722083156,600,4.189549446105957
122.34,79.99999962502294,92.83667699826906,602,4.140153884887695
122.37,79.99999766165269,92.84205389327353,601,4.08601188659668
122.4,80.00000119179798,92.84647893787964,597,4.0291314125061035
122.43,79.99999678657497,92.8415664683393,597,4.000572204589844
122.46000000000001,80.00000312371152,92.83458754687972,595,3.99568247795105
122.49000000000001,79.99999431873528,92.83405435446883,591,3.992753028869629
122.52,80.00000302616742,92.84440945294038,593,3.9897899627685547
122.55,80.00000590643957,92.84425942248201,590,3.986579418182373
122.58,80.00000329358829,92.83411397490477,589,3.9829859733581543
122.61,80.000010381274,92.82768975671155,595,3.9788215160369873
122.64,80.00001432723332,92.8178824965277,602,3.9737908840179443
122.67,80.00001562855603,92.81893480899569,617,3.9674179553985596
122.7,80.00001573171006,92.8138838649021,620,3.958937883377075
122.73,80.00001864334826,92.80843143656983,614,3.947222948074341
122.76,80.00001196638314,92.78243757765838,610,3.9309194087982178
122.79,80.00002339396599,92.76047342407934,616,3.9088854789733887
122.82000000000001,80.0000095056522,92.73290151173867,621,3.8805277347564697
122.85000000000001,80.00001213043187,92.7037322010784,612,3.845677375793457
122.88,80.00000766234453,92.67891688565953,608,3.8043270111083984
122.91,80.00000333160874,92.66748831534643,601,3.7565033435821533
122.94,80.00000019909665,92.66994069336496,604,3.7022430896759033
122.97,79.99998959343422,92.69521098602931,612,3.641589641571045
123.0,80.00000156238734,92.71488799322557,602,3.574594497680664
123.03,79.99999432141429,92.7400780529838,605,3.5013153553009033
123.06,79.99999824824276,92.76856380933883,609,3.4218194484710693
123.09,79.9999960419293,92.7921628632528,599,3.336181402206421
123.12,79.99999765740952,92.80143291721716,599,3.2444849014282227
123.15,79.9999948723659,92.79690047435406,595,3.1468236446380615
123.18,80.00000310863538,92.80300370800845,597,3.043299674987793
123.21000000000001,79.99999973432132,92.80665734112257,608,2.9340240955352783
123.24000000000001,80.00000636045513,92.80991999697189,603,2.819119930267334
123.27,80.00000240915672,92.8092519232093,603,2.698719024658203
123.3,79.99999974505548,92.81032141811168,587,2.5729639530181885
123.33,80.0000190961065,92.81429070109513,590,2.4420065879821777
123.36,80.00002539737041,92.82019208483996,591,2.3060078620910645
123.39,80.0000225043005,92.82722895555533,586,2.1651296615600586
123.42,80.00002472983095,92.83360665981849,589,2.0165185928344727
123.45,79.99999169901419,92.85808238714232,585,1.8195652961730957
123.48,79.99999653508881,92.88679241933652,575,1.6133898496627808
123.51,79.99999565293244,92.8993937527028,572,1.4092531204223633
123.54,79.99998644977167,92.91208754655064,568,1.2073180675506592
123.57000000000001,79.9999849014424,92.92214570396996,565,1.0077425241470337
123.60000000000001,79.99998441452877,92.94143431183979,573,0.8106886744499207
123.63000000000001,79.99999079381091,92.95377883656265,571,0.616321861743927
123.66,79.99999563515932,92.96144223426855,581,0.42480963468551636
123.69,79.9999870688865,92.95711263122135,589,0.23632115125656128
123.72,79.99998670391132,92.93237724823592,595,0.051026780158281326
123.75,79.99998216990237,92.90277010676141,599,-0.13090293109416962
123.78,79.99998910081784,92.8767147197506,603,-0.309298038482666
123.81,80.00000253565473,92.83542165245358,592,-0.48398980498313904
123.84,79.99999121221767,92.8036606682125,591,-0.6548105478286743
123.87,80.00000829901958,92.78214136365004,595,-0.8215934038162231
123.9,80.00001432052747,92.76776962368001,597,-0.9841725826263428
123.93,80.00001513366071,92.76715560586838,593,-1.1423851251602173
123.96000000000001,80.0000195997884,92.78191826381519,593,-1.296072244644165
123.99000000000001,80.00001230163814,92.77176246490022,595,-1.4450799226760864
124.02,80.00001485043761,92.77149646763402,593,-1.5892599821090698
124.05,80.00000208818017,92.77931143314103,602,-1.728469967842102
124.08,80.00000747206376,92.80384070511695,600,-1.8626158237457275
124.11,80.0000104760661,92.81368303646612,598,-1.9968860149383545
124.14,80.0000190618076,92.84071624818856,591,-2.173210859298706
124.17,80.00001366087557,92.88699645280883,597,-2.3563144207000732
124.2,80.00001472176318,92.92725190232808,598,-2.5373291969299316
124.23,79.99999880625496,92.95380841251182,590,-2.7159810066223145
124.26,79.99999728607285,92.97682620163543,591,-2.8920059204101562
124.29,79.99999439604683,93.00466670249364,595,-3.0651426315307617
124.32000000000001,79.99999064276075,93.01037688849442,585,-3.2351319789886475
124.35000000000001,80.00000130356612,93.02691160724056,585,-3.401719093322754
124.38000000000001,80.00000071704198,93.03909060358521,579,-3.564650058746338
124.41,80.00000139741866,93.05244492827048,586,-3.7236740589141846
124.44,80.00000303569215,93.07574635243321,585,-3.878544807434082
124.47,79.99999805593751,93.0940649870929,579,-4.012991905212402
124.5,79.99999850335097,93.12279092456102,581,-4.049055099487305
124.53,80.00000283279395,93.15036932490077,579,-4.069438457489014
124.56,79.99999188388209,93.17800616871965,592,-4.0833210945129395
124.59,80.00000557783082,93.20088107455416,591,-4.091420650482178
124.62,80.0000019762627,93.23342385160561,587,-4.09385347366333
124.65,80.0000062094798,93.25620360043922,584,-4.090660095214844
124.68,80.00000216322485,93.26040655464509,592,-4.081894397735596
124.71000000000001,80.00000130861727,93.25762032836691,591,-4.067707538604736
124.74000000000001,80.00000387073666,93.26056387057723,593,-4.048773765563965
124.77,79.9999941676729,93.26283108128821,590,-4.028538703918457
124.8,79.99998674607929,93.25025756873805,583,-4.015542984008789
124.83,79.99997657799993,93.25412581052008,585,-4.010079860687256
124.86,79.99998231598695,93.26547783764192,583,-4.006744861602783
124.89,79.99999443512164,93.27532185803811,583,-4.003836154937744
124.92,79.99999660204297,93.28558731430192,585,-4.001051425933838
124.95,79.99998756607691,93.29645001388879,589,-3.9982962608337402
124.98,79.99999256476667,93.30751840372972,584,-3.9955053329467773
125.01,79.99999147066876,93.32565535296308,583,-3.9926109313964844
125.04,79.99999870774049,93.35456861085997,588,-3.9895360469818115
125.07000000000001,79.99999735209008,93.39692400044981,588,-3.986180305480957
125.10000000000001,80.00000129420327,93.43728642410782,581,-3.982400894165039
125.13000000000001,80.00001164602446,93.46784216706118,575,-3.9779818058013916
125.16,80.00001326857836,93.48525162406698,579,-3.9725780487060547
125.19,80.0000067619023,93.49429881222336,587,-3.9656264781951904
125.22,80.00001968318827,93.49127709894655,592,-3.956228494644165
125.25,80.00001494651676,93.48360975251562,585,-3.943105459213257
125.28,80.00001962338055,93.45547945588747,591,-3.9248430728912354
125.31,80.00002418357614,93.42161114313838,595,-3.9003961086273193
125.34,80.00002021033745,93.3717141752843,595,-3.8693060874938965
125.37,80.00002740417506,93.32655123016451,602,-3.8314647674560547
125.4,80.00002583897475,93.28757948901082,608,-3.78686785697937
125.43,80.00002756406776,93.24191510152222,612,-3.7355289459228516
125.46000000000001,80.00002346538268,93.20903227873656,612,-3.6774697303771973
125.49000000000001,80.00002770481343,93.19043982433232,611,-3.6127161979675293
125.52,80.0000175827838,93.16536625928889,607,-3.5412991046905518
125.55,80.00000880348388,93.14269279492386,605,-3.463257312774658
125.58,80.00000780383829,93.12390520012086,598,-3.378633737564087
125.61,80.0000197956976,93.1143970976672,600,-3.2874808311462402
125.64,80.00002352227978,93.11373947337296,604,-3.1898558139801025
125.67,80.00001570988607,93.11634148790769,606,-3.085825204849243
125.7,80.00002093827035,93.1332528338093,602,-2.975461959838867
125.73,80.00002299261895,93.15473519981785,596,-2.8588476181030273
125.76,80.0000226260157,93.17781854374887,598,-2.736072540283203
125.79,80.00002015220589,93.21944654654737,605,-2.607234001159668
125.82000000000001,80.00002318258274,93.24357042775564,608,-2.4724390506744385
125.85000000000001,80.00001429920499,93.27911480143098,608,-2.331803321838379
125.88000000000001,80.00002053090742,93.31576391641528,602,-2.1854472160339355
125.91,80.0000170677444,93.33326706836252,600,-2.0318078994750977
125.94,80.00001756951852,93.34398985947622,600,-1.8311364650726318
125.97,80.00001801181205,93.35251734893212,605,-1.6164544820785522
126.0,80.00002300488768,93.36664031787824,606,-1.4030617475509644
126.03,80.00003044092185,93.38361552598937,605,-1.1911145448684692
126.06,80.00002846453661,93.39665269517509,603,-0.9807630777359009
126.09,80.00002939345546,93.38754280454455,609,-0.7721642851829529
126.12,80.00000018892264,93.37208731628687,616,-0.5654808282852173
126.15,79.9999939606945,93.33939132075662,615,-0.3608803451061249
126.18,79.99999109383975,93.29851126204555,613,-0.15853382647037506
126.21000000000001,79.99997886719689,93.24648481814494,620,0.041384898126125336
126.24000000000001,79.99999676271463,93.20156030845716,615,0.23869965970516205
126.27,79.99998989487821,93.14992659571534,607,0.43323272466659546
126.3,79.99999461074445,93.10886694602286,612,0.624805748462677
126.33,79.99998981262647,93.07488248293846,614,0.8132408857345581
126.36,79.99998415966685,93.02069220991436,608,0.9983611106872559
126.39,79.99999145527225,92.95595291838164,607,1.179991602897644
126.42,79.99999837948508,92.9046314407561,608,1.3579599857330322
126.45,79.99999563800938,92.8790219371946,605,1.5320971012115479
126.48,79.99999992349092,92.8637137708145,606,1.7022383213043213
126.51,79.99999826851311,92.8391865123354,600,1.868262767791748
126.54,80.00000169920116,92.82639040792515,606,2.0422720909118652
126.57000000000001,80.00000845930735,92.8142488205039,601,2.2608139514923096
126.60000000000001,79.99998315786473,92.80724776489296,600,2.4810938835144043
126.63000000000001,79.99998369493058,92.80450024753318,604,2.701127290725708
126.66,79.99999296410317,92.80095025280485,606,2.920621395111084
126.69,79.99998567708383,92.79447476945006,604,3.1392784118652344
126.72,79.9999819873259,92.79694805357865,605,3.356797218322754
126.75,79.99998338480655,92.82072922532397,603,3.5728719234466553
126.78,79.99998409939579,92.83937587298813,605,3.787193775177002
126.81,79.99997933475632,92.85282791540214,607,3.997241497039795
126.84,79.99998242713394,92.87687326593667,614,4.098158836364746
126.87,79.9999731105984,92.90870238534028,624,4.181282997131348
126.9,79.99997143947185,92.94193628527572,618,4.258991718292236
126.93,79.99997221353637,92.99619200281266,617,4.3311662673950195
126.96000000000001,79.99997879937578,93.05370723869753,608,4.397691249847412
126.99000000000001,79.99997564674808,93.13298786833349,604,4.458467960357666
127.02,79.99996895875222,93.20205335481396,597,4.5134100914001465
127.05,79.99998032496224,93.25555433408559,599,4.562448501586914
127.08,80.00000065902975,93.3162785213178,603,4.605526924133301
127.11,80.00000012521386,93.3600718452408,599,4.642602443695068
127.14,79.9999977498536,93.405292347924,598,4.673644542694092
127.17,79.9999903410664,93.45898037374387,601,4.698633193969727
127.2,80.00001386282491,93.5077324940239,592,4.717566013336182
127.23,80.00000198927474,93.54539123970956,589,4.730445861816406
127.26,80.00000769564645,93.58249603038036,583,4.737289905548096
127.29,80.00001313934452,93.60469028366941,593,4.738124370574951
127.32000000000001,80.00001060220436,93.63060413475363,599,4.73298978805542
127.35000000000001,80.00002116343985,93.6715935835617,602,4.72193717956543
127.38000000000001,80.00000887156193,93.71287521341445,602,4.705026626586914
127.41,80.00000504616659,93.74650892607082,608,4.682331085205078
127.44,80.00001232656756,93.78981814887743,612,4.653931617736816
127.47,80.00001168981976,93.82264972360909,612,4.619915962219238
127.5,80.0000142977115,93.85623490588384,620,4.580382823944092
127.53,80.00001077342675,93.87095315028103,622,4.535432815551758
127.56,80.000004735109,93.87833176131714,626,4.4851765632629395
127.59,80.00000474541108,93.87907729644606,640,4.4297261238098145
127.62,80.00000934985663,93.8721825461891,642,4.369200229644775
127.65,80.0000101769629,93.85942687331428,637,4.3037190437316895
127.68,80.0000022155236,93.8432981810714,631,4.233407497406006
127.71000000000001,80.0000112442443,93.80630213126854,629,4.158391952514648
127.74000000000001,80.00000220342439,93.75215542614647,637,4.078824996948242
127.77,80.00000758349516,93.69363123940272,622,4.004985809326172
127.8,79.9999968202393,93.64049944763323,611,3.987811803817749
127.83,79.99999499781295,93.5781357769401,606,3.9827828407287598
127.86,79.9999960972791,93.52921772375515,607,3.978158712387085
127.89,79.99999382291058,93.47818631658079,608,3.972686767578125
127.92,79.99999141349184,93.4446387168062,608,3.965686321258545
127.95,79.99999282481733,93.42578337491501,608,3.9562323093414307
127.98,79.99998710347835,93.41068597494152,611,3.943035364151001
128.01,79.99998925215279,93.390134775622,613,3.9246788024902344
128.04,79.99999367623873,93.3717593858691,611,3.9001312255859375
128.07,79.99998850233251,93.35483429217858,609,3.8689539432525635
128.1,79.99999850791782,93.34998503707418,629,3.831061840057373
128.13,79.99999481472521,93.32594997063998,629,3.7864718437194824
128.16,79.99999222300428,93.29377090992654,631,3.7352218627929688
128.19,80.00000023139559,93.2586813736848,627,3.6773579120635986
128.22,80.00000399609642,93.22366758935118,625,3.612931728363037
128.25,79.9999976249081,93.21145498181178,625,3.542001485824585
128.28,80.00000285988388,93.21599975717947,630,3.4646334648132324
128.31,80.00000353878156,93.21591231697977,629,3.3809006214141846
128.34,80.00000392850238,93.21462560635622,625,3.290883779525757
128.37,80.0000033299247,93.20627557857242,625,3.194672107696533
128.4,80.00000660089877,93.22722225660674,625,3.0923633575439453
128.43,80.00000252941261,93.25917863751921,627,2.984062910079956
128.46,79.99999670110805,93.2901926369126,631,2.869885206222534
128.49,80.00001269307533,93.30403453114894,626,2.749955415725708
128.52,80.00001084829464,93.31250650481711,623,2.6244101524353027
128.55,80.00001736420029,93.33122398660969,623,2.493396282196045
128.58,80.00001854452977,93.35271742281193,630,2.3570711612701416
128.61,80.0000169976024,93.36049928840282,628,2.215601682662964
128.64000000000001,80.00002491384758,93.34235611610953,616,2.0687334537506104
128.67000000000002,80.0000208176965,93.32059196081647,622,1.8864140510559082
128.7,80.00002078765206,93.29887384995422,618,1.6769757270812988
128.73,80.00002419273048,93.29100037804683,613,1.4692978858947754
128.76,80.00002404904826,93.26861760973541,616,1.2636667490005493
128.79,80.00002650850958,93.23940692548938,612,1.0602495670318604
128.82,80.00001775476592,93.1936958421638,615,0.8592175841331482
128.85,80.000003358189,93.15210569407165,605,0.6607459783554077
128.88,79.99999737084549,93.11513402642848,611,0.4650118052959442
128.91,79.99999431030786,93.08442508701759,614,0.27219313383102417
128.94,79.99999394744208,93.0705478125501,609,0.08246826380491257
128.97,80.00000155853668,93.05551852265856,605,-0.10398513078689575
129.0,80.00000309286366,93.04226278899692,599,-0.2869909703731537
129.03,80.00001194217965,93.0252358088084,597,-0.46637529134750366
129.06,80.00001120466558,93.03277697826981,597,-0.6419664025306702
129.09,80.00001140292245,93.04626578110721,601,-0.8135944604873657
129.12,80.00001314625996,93.05679006994802,602,-0.9810908436775208
129.15,80.00001228994171,93.06406347065766,607,-1.1442887783050537
129.18,79.99999169945774,93.07487333627137,604,-1.3030232191085815
129.21,79.99998689232005,93.0848776767951,605,-1.4571317434310913
129.24,79.99999384306827,93.10368519659376,609,-1.6064554452896118
129.27,80.0000004214412,93.12725652043245,607,-1.7508392333984375
129.3,79.99997166980569,93.15309949271514,599,-1.8902446031570435
129.33,79.9999777389331,93.16228904669408,602,-2.0379230976104736
129.36,79.99997613672957,93.159745675207,602,-2.2268850803375244
129.39000000000001,79.99997576859367,93.15673435245259,610,-2.4163167476654053
129.42000000000002,79.99995711310738,93.16453725551234,605,-2.6037356853485107
129.45,79.99996164594877,93.1699942374311,613,-2.788851499557495
129.48,79.99996096005545,93.18387845428623,610,-2.9713761806488037
129.51,79.99996159767497,93.21664108138071,610,-3.1510255336761475
129.54,79.99995866616688,93.25775631474606,610,-3.3275177478790283
129.57,79.99996044826715,93.28147517516321,600,-3.500575304031372
129.6,79.99996124354229,93.3069556844726,605,-3.669926881790161
129.63,79.99996744897646,93.31057927885789,603,-3.8353054523468018
129.66,79.99997345713594,93.32228780559468,606,-3.9935638904571533
129.69,79.9999797397072,93.3499131616901,605,-4.050813674926758
129.72,79.99997584523061,93.38863825642233,595,-4.081578254699707
129.75,80.00000468381141,93.43695121268044,590,-4.105817794799805
129.78,80.0000125893038,93.49044508799457,588,-4.124156951904297
129.81,80.00001479145676,93.55171185659854,605,-4.136625289916992
129.84,80.00000811266766,93.59198397197191,599,-4.143216609954834
129.87,80.00001490466447,93.64028642696978,595,-4.143931865692139
129.9,80.00001554851035,93.69875582817708,607,-4.138786315917969
129.93,80.00000696311075,93.7620206621545,604,-4.127806663513184
129.96,80.00001606555136,93.81742225039164,598,-4.11103630065918
129.99,80.00002361392025,93.8697778494342,590,-4.0885491371154785
130.02,80.00002261153867,93.92446040436515,588,-4.060646057128906
130.05,80.0000193646811,93.98279697382776,587,-4.030213356018066
130.08,80.0000213074954,94.0127704505811,589,-4.0115461349487305
130.11,80.00001639546922,94.0523605625819,589,-4.00590705871582
130.14000000000001,80.00001272750777,94.0822421926077,592,-4.002752304077148
130.17000000000002,80.00001101156225,94.11583498345848,591,-3.999877452850342
130.2,80.00000632432564,94.13396415727074,589,-3.9970180988311768
130.23,80.00001056760576,94.15381236738638,602,-3.9940898418426514
130.26,80.00000475956227,94.177083778258,610,-3.991013288497925
130.29,80.00000482314775,94.19411069925941,612,-3.9876911640167236
130.32,80.00001264077602,94.18782938127933,610,-3.9839913845062256
130.35,80.00000692881645,94.17534367036622,613,-3.979717254638672
130.38,80.00001184009255,94.1628039236411,613,-3.9745593070983887
130.41,80.00001298338705,94.14810956442889,611,-3.9680099487304688
130.44,80.00000886415724,94.15062032776956,617,-3.959242105484009
130.47,79.9999990144072,94.1407021072148,617,-3.947019577026367
130.5,79.99999118497212,94.11029632127014,611,-3.929861068725586
130.53,79.99998843203352,94.09674783461035,614,-3.9065475463867188
130.56,79.99999725172272,94.07617780535952,613,-3.8764805793762207
130.59,79.99998034039635,94.03707259445932,613,-3.839506149291992
130.62,79.99998331575036,93.99419430578196,609,-3.7956180572509766
130.65,79.99998848153308,93.94523524714583,616,-3.7448368072509766
130.68,79.99998829528163,93.88843492501985,614,-3.687190055847168
130.71,79.99998652891286,93.83423220767091,609,-3.6227073669433594
130.74,79.99998793506275,93.79171727858173,613,-3.551424264907837
130.77,79.99998477573645,93.75683806764798,624,-3.4733800888061523
130.8,79.99998263463338,93.74658526328612,625,-3.388620615005493
130.83,79.99997571919303,93.7518192559602,633,-3.297196865081787
130.86,79.99998729266733,93.74266084328703,627,-3.1991660594940186
130.89000000000001,79.99998855456631,93.6907425840281,625,-3.094592571258545
130.92000000000002,79.99998805819801,93.64313503740082,620,-2.983548402786255
130.95,79.9999951481438,93.59542327765826,625,-2.866112232208252
130.98,79.9999950619042,93.54152664801667,614,-2.742371082305908
131.01,80.00000323468856,93.49151991906852,608,-2.612420082092285
131.04,80.000001777371,93.44161482398509,603,-2.4763612747192383
131.07,79.99999979052858,93.40325498814268,600,-2.3343067169189453
131.1,80.00000253776555,93.38583878458195,600,-2.186373233795166
131.13,80.00000236003591,93.3728500482718,600,-2.0309653282165527
131.16,80.00000415503084,93.36131028705492,604,-1.828061580657959
131.19,80.00000153417861,93.34746664320315,600,-1.6114118099212646
131.22,80.00000055671418,93.33426882391078,599,-1.3959310054779053
131.25,80.0000025179568,93.32396316779263,595,-1.181768774986267
131.28,80.0000103572269,93.32024023235526,599,-0.9690694808959961
131.31,80.00002196559333,93.3249127191037,604,-0.7579859495162964
131.34,80.00001866841023,93.33691191856681,612,-0.5486782193183899
131.37,80.00002870898679,93.35627614329726,611,-0.3413121700286865
131.4,80.00002121468223,93.36018957711893,613,-0.13605841994285583
131.43,80.00001226394801,93.35921272212427,621,0.06690847873687744
131.46,80.00001550238515,93.3504527681674,624,0.26741060614585876
131.49,80.00002081239067,93.35493544745073,633,0.4652675688266754
131.52,80.0000282214828,93.35539217578314,632,0.6602977514266968
131.55,80.00001710408127,93.35405875853021,629,0.8523188233375549
131.58,80.00001607160604,93.36946551541547,634,1.0411492586135864
131.61,80.00001395975298,93.38280855101426,630,1.2266087532043457
131.64000000000001,80.00001964500055,93.39322046460369,626,1.4085187911987305
131.67000000000002,80.00001618327857,93.40313008442621,630,1.5867036581039429
131.7,80.00001789713552,93.41044876794183,639,1.7609916925430298
131.73,80.00001832923301,93.41685845833666,632,1.9316256046295166
131.76,80.00001326738851,93.41231428000671,630,2.1325361728668213
131.79,80.0000162121879,93.40555114600575,630,2.3592023849487305
131.82,80.00002546126035,93.38568111649897,628,2.586150646209717
131.85,80.00002465966124,93.3696860741425,622,2.8130404949188232
131.88,80.0000023576175,93.35217058230242,615,3.0395753383636475
131.91,79.99999192236217,93.34428687521867,617,3.265453338623047
131.94,80.00000966991989,93.33817932463687,617,3.4903693199157715
131.97,80.00001187846749,93.33360520725537,622,3.7140140533447266
132.0,80.0000147527473,93.33406180820884,621,3.9360592365264893
132.03,80.00003452463135,93.33649487316443,625,4.079571723937988
132.06,80.00002902941252,93.34181369919808,625,4.173880100250244
132.09,80.00002631760323,93.34007659475591,626,4.262867450714111
132.12,80.00002048175298,93.33302743852043,627,4.346427917480469
132.15,80.00001465170648,93.33673554338246,621,4.424426078796387
132.18,80.00002013016662,93.3500173440412,631,4.496736526489258
132.21,80.00001210967017,93.37145548060752,628,4.563244819641113
132.24,80.00002899685106,93.39652829228908,626,4.623851299285889
132.27,80.00000001222625,93.43625780570405,616,4.678468227386475
132.3,80.00000204394387,93.48819497652136,611,4.727025032043457
132.33,80.00000755766365,93.53131792893588,617,4.769463062286377
132.36,79.99999314902307,93.57184390535144,611,4.805736064910889
132.39000000000001,79.99998867362072,93.61405632865979,616,4.835812568664551
132.42000000000002,79.99998278343436,93.67471109713819,611,4.859673500061035
132.45,79.99999346160384,93.7437328519678,610,4.877312660217285
132.48,80.00000418282488,93.80713188338392,609,4.888738632202148
132.51,80.00000997548906,93.87119851999894,610,4.893970489501953
132.54,80.0000050950341,93.9453694582631,618,4.893040180206299
132.57,80.00000681850862,94.01873087228948,614,4.885991096496582
132.6,80.00000644186962,94.0934709948143,608,4.8728790283203125
132.63,80.00000633577127,94.16142635953346,613,4.8537678718566895
132.66,80.00000343113025,94.2293023724832,621,4.828732013702393
132.69,80.00000531557126,94.28466939162685,615,4.79785680770874
132.72,80.00002620566778,94.32323165087801,618,4.761234283447266
132.75,80.00003085499664,94.36058135084815,608,4.718966007232666
132.78,80.00002694626957,94.39629955495892,610,4.671159267425537
132.81,80.00002509744127,94.4192223883767,597,4.617929458618164
132.84,80.0000296177329,94.43589298179432,597,4.559394836425781
132.87,80.0000309908288,94.45783826067125,597,4.495681285858154
132.9,80.00001785677273,94.48132723070268,591,4.4269185066223145
132.93,80.00001993005309,94.49405290667309,590,4.353240966796875
132.96,80.00002516011014,94.49011836947999,588,4.274785995483398
132.99,80.0000294584548,94.48004109389662,586,4.1916937828063965
133.02,80.00002390217101,94.46230694866985,586,4.1041083335876465
133.05,80.00003333244314,94.4549867954838,593,4.015511512756348
133.08,80.00003215862006,94.43071873739783,594,3.985462188720703
133.11,80.00003906677743,94.41382704243134,598,3.9783477783203125
133.14000000000001,80.00002232776009,94.38930625169088,609,3.972233295440674
133.17000000000002,80.00002666891763,94.36052381206522,617,3.9647903442382812
133.2,80.00001679275178,94.32636638131056,615,3.9547767639160156
133.23,80.00002116639617,94.30036662549483,619,3.9407765865325928
133.26,80.00001414133129,94.28055455051589,613,3.921351909637451
133.29,80.00001075127821,94.27176999847389,618,3.8955366611480713
133.32,80.00001348017196,94.27170320053713,618,3.8629631996154785
133.35,80.00001657706386,94.25245363229573,619,3.8235721588134766
133.38,80.0000089874881,94.2287528239352,621,3.7773876190185547
133.41,80.0000082270364,94.2079771448481,614,3.7244479656219482
133.44,80.00001316599936,94.19104491045913,622,3.6647984981536865
133.47,80.0000107550234,94.16692135000079,627,3.598489761352539
133.5,80.00000606354583,94.1565884485762,622,3.525581121444702
133.53,80.00000815793373,94.15572215867375,625,3.446136474609375
133.56,80.00001343687953,94.15440983872891,619,3.3602278232574463
133.59,80.00000920920296,94.13342715702137,627,3.267934560775757
133.62,80.00000851722292,94.09669849788521,631,3.169344186782837
133.65,80.0000130926816,94.05407604286637,630,3.0645525455474854
133.68,80.00001569178593,93.99818561729391,630,2.953662872314453
133.71,80.00000544034373,93.94203046849317,629,2.8367879390716553
133.74,80.00000096498903,93.89285246673771,623,2.7140491008758545
133.77,80.0000065963821,93.8420006292784,629,2.585575819015503
133.8,80.00000497517257,93.78625490530926,631,2.4515109062194824
133.83,80.00000473753599,93.72558737441501,628,2.3120062351226807
133.86,79.9999996606915,93.66777577835326,634,2.1672165393829346
133.89000000000001,80.00000114259402,93.61638196124593,636,2.0141537189483643
133.92000000000002,80.00000111258747,93.56673516634442,631,1.8117882013320923
133.95,80.00000299278823,93.52546182501955,625,1.6007603406906128
133.98,80.00000767605125,93.4849895026369,630,1.3915156126022339
134.01,80.00000589074517,93.44599133682387,626,1.1842279434204102
134.04,80.00000787701224,93.38595904468158,616,0.9790701866149902
134.07,80.00001031774255,93.31029397503511,618,0.7762188911437988
134.1,80.00003197110723,93.2358766221981,615,0.5758539438247681
134.13,80.000028631009,93.17422640048281,626,0.37815773487091064
134.16,80.00002209653066,93.12453427402718,625,0.1833137422800064
134.19,80.00001632458977,93.08460214309869,621,-0.0084944237023592
134.22,80.00002110695841,93.05038604044725,631,-0.19708377122879028
134.25,80.00002431121526,93.02064185624988,638,-0.38227272033691406
134.28,80.00003866056971,92.9908224606476,644,-0.5638818740844727
134.31,80.00004676865593,92.9680614332157,647,-0.7417348027229309
134.34,80.00005060657851,92.96168368815458,639,-0.9156582355499268
134.37,80.00002867069121,92.95127936900192,640,-1.085482120513916
134.4,80.00004296611351,92.95071287837993,642,-1.251038908958435
134.43,80.00003600880422,92.94512766526289,636,-1.412163496017456
134.46,80.0000410040582,92.94501326298021,635,-1.5686944723129272
134.49,80.00004061960178,92.95060944154773,635,-1.7204729318618774
134.52,80.00004925887362,92.95756004465035,631,-1.8673878908157349
134.55,80.00005035723194,92.98438886746634,620,-2.017587423324585
134.58,80.0000509077912,93.0323197629191,618,-2.211988687515259
134.61,80.0000629072561,93.09308430304873,609,-2.40938401222229
134.64000000000001,80.00007416150216,93.15611368087717,601,-2.6051383018493652
134.67000000000002,80.00008107721939,93.22954548477794,604,-2.798940896987915
134.7,80.0000806880913,93.28686117717729,590,-2.9904820919036865
134.73,80.0000795882428,93.33322873963697,587,-3.179455280303955
134.76,80.00007161488058,93.38699174369842,590,-3.3655576705932617
134.79,80.00004782343458,93.44084919339015,591,-3.5484890937805176
134.82,80.00003830099472,93.49447224667882,592,-3.727954864501953
134.85,80.00003966598716,93.56019836557043,603,-3.903663158416748
134.88,80.00004082531392,93.61836877709645,605,-4.0338640213012695
134.91,80.00003750114693,93.66332565362582,611,-4.081728935241699
134.94,80.00004524266711,93.69464575820975,607,-4.121561050415039
134.97,80.00004627117995,93.70900731873367,603,-4.155402660369873
135.0,80.00001567209848,93.73036598299765,609,-4.183254241943359
135.03,80.00002195143223,93.76194528376054,603,-4.205079555511475
135.06,80.00001709657413,93.80291503036747,593,-4.220855712890625
135.09,80.00002840144066,93.85225504613102,589,-4.230571746826172
135.12,80.00002828764845,93.89815293740844,602,-4.2342329025268555
135.15,80.00002286694492,93.93249677295476,610,-4.231854438781738
135.18,80.00002268548377,93.96626110826502,610,-4.223465442657471
135.21,80.00002729527802,94.00026328620976,608,-4.209104061126709
135.24,80.00003021849909,94.0259846832594,608,-4.188821315765381
135.27,80.00002407601558,94.06560874636008,600,-4.162679195404053
135.3,80.00003189195529,94.09872415514464,609,-4.130748271942139
135.33,80.00002750651932,94.12701443410891,613,-4.0931243896484375
135.36,80.00002412779791,94.14891470099126,615,-4.050339698791504
135.39000000000001,80.0000177283866,94.17612962593968,614,-4.013036251068115
135.42000000000002,80.00002556508399,94.19798049128568,619,-4.002344608306885
135.45,80.00002833825211,94.2096140342806,617,-3.99886417388916
135.48,80.00005135973218,94.21348393291065,621,-3.99588942527771
135.51,80.00004962610154,94.22386592126202,621,-3.992846727371216
135.54,80.00004737936582,94.22188549013981,627,-3.9896154403686523
135.57,80.00005481645978,94.21031480259546,616,-3.986076831817627
135.6,80.0000434684087,94.19377346878814,612,-3.9820661544799805
135.63,80.0000505878443,94.17545327458645,603,-3.9773287773132324
135.66,80.00005136934608,94.17348890151257,599,-3.9714536666870117
135.69,80.00005397242178,94.19687799694131,595,-3.963761568069458
135.72,80.00005655663693,94.22987356607808,606,-3.953176975250244
135.75,80.00004977882968,94.26295497295459,610,-3.938241481781006
135.78,80.00005407591352,94.31113010918051,607,-3.9175071716308594
135.81,80.00005179599636,94.37113707919107,607,-3.89007306098938
135.84,80.00003994178694,94.43314790084284,610,-3.8556318283081055
135.87,80.00003559405319,94.48476003749451,611,-3.8141448497772217
135.9,80.0000412786894,94.53436425820823,617,-3.7656357288360596
135.93,80.00003784972863,94.5732913714561,619,-3.7101383209228516
135.96,80.00003992595542,94.58004208676775,619,-3.647688865661621
135.99,80.00002904792757,94.58634109199383,620,-3.5783276557922363
136.02,80.00003323658686,94.60613792752379,618,-3.5020980834960938
136.05,80.00003160347875,94.61750278086558,622,-3.4190480709075928
136.08,80.00003216453742,94.60259658679591,623,-3.329230308532715
136.11,80.00003017217236,94.59065589962694,631,-3.2327022552490234
136.14000000000001,80.00003244937314,94.57277108452526,622,-3.129528760910034
136.17000000000002,80.00002429758864,94.53080576313175,634,-3.0197792053222656
136.2,80.00003162720216,94.4862170649225,634,-2.9035305976867676
136.23,80.00001080478494,94.44917870457063,635,-2.780867099761963
136.26,80.00000150191708,94.4071320678903,638,-2.6518795490264893
136.29,80.0000016800643,94.37685762672011,635,-2.516666889190674
136.32,79.99999444005104,94.33806389851715,631,-2.3753364086151123
136.35,79.9999900452084,94.29040318268889,632,-2.228001832962036
136.38,79.99999011309895,94.24045296294476,627,-2.074465274810791
136.41,79.99999889159382,94.21240047353965,622,-1.8853647708892822
136.44,80.0000120654142,94.17514187434124,617,-1.6672968864440918
136.47,80.00001504021789,94.11871611896188,615,-1.4501903057098389
136.5,80.00001397598957,94.04213989640417,613,-1.2342947721481323
136.53,80.00002316473643,93.96804867904324,609,-1.0197503566741943
136.56,80.00002413132441,93.89367366179998,612,-0.8067051768302917
136.59,80.00003873620622,93.83811650856616,608,-0.5953138470649719
136.62,80.00004537200535,93.77570482931205,603,-0.3857365548610687
136.65,80.00004941357876,93.72814469958955,615,-0.17813827097415924
136.68,80.00005856104528,93.68425042802646,616,0.027312444522976875
136.71,80.00006456433918,93.64966956263487,615,0.2304433435201645
136.74,80.00006145705217,93.61084606514436,619,0.4310790002346039
136.77,80.00003915310897,93.5808119764332,614,0.6290415525436401
136.8,80.0000335257304,93.5503742732874,616,0.8241510987281799
136.83,80.00004920210824,93.52748152790754,622,1.0162274837493896
136.86,80.00003789734976,93.5101424579398,629,1.2050899267196655
136.89000000000001,80.00003145818012,93.49336161607246,635,1.3905596733093262
136.92000000000002,80.00003526094113,93.47960192220539,641,1.5724587440490723
136.95000000000002,80.00004063284791,93.45543983409088,638,1.7506129741668701
136.98,80.00004036987126,93.43309680308195,642,1.9251631498336792
137.01,80.00003512972054,93.40080806726931,648,2.128535032272339
137.04,80.00002994526324,93.37215995547093,639,2.3594844341278076
137.07,80.00002978922552,93.35953229335043,644,2.5909857749938965
137.1,80.00003742481702,93.35813730937916,651,2.822690486907959
137.13,80.00004321724,93.35997980928363,651,3.0542941093444824
137.16,80.00004306517647,93.37223657083719,644,3.2854905128479004
137.19,80.0000460833179,93.38201278219833,642,3.515970468521118
137.22,80.00004664737325,93.38961763041519,634,3.7454209327697754
137.25,80.00004256211736,93.41475639913308,637,3.973247528076172
137.28,80.00005220090034,93.43837158291977,633,4.101787090301514
137.31,80.00004824270154,93.44737601647252,629,4.201836109161377
137.34,80.00004160087775,93.46024941475167,632,4.296657562255859
137.37,80.00003123640462,93.4810908211582,636,4.386115074157715
137.4,80.00004228286491,93.50403847902825,638,4.47007417678833
137.43,80.0000498456991,93.51715536423649,636,4.548414707183838
137.46,80.00004860275622,93.52874343579069,636,4.6210198402404785
137.49,80.00000893616182,93.54035017048137,636,4.687785625457764
137.52,80.00000585595008,93.54882892871035,640,4.748614311218262
137.55,80.00000229204979,93.55580348600786,637,4.80342435836792
137.58,79.99999012583687,93.5677030674862,635,4.852142810821533
137.61,79.99999439254783,93.58120456691928,631,4.894711017608643
137.64000000000001,79.99999879185349,93.60389363619038,633,4.9310808181762695
137.67000000000002,79.99998363202991,93.63722803375482,635,4.961215972900391
137.70000000000002,79.99998948835744,93.66025033230757,639,4.9850945472717285
137.73,79.9999834416173,93.68862381161992,639,5.002707004547119
137.76,80.00000184377507,93.72260085388353,639,5.0140557289123535
137.79,79.99999691349358,93.7509697462658,636,5.019157886505127
137.82,79.99999885957462,93.79505750104737,633,5.018039703369141
137.85,79.9999887121441,93.82987894341412,636,5.010742664337158
137.88,79.99997323475002,93.86920673244856,643,4.997316837310791
137.91,79.99998977948555,93.92381915942711,637,4.977823734283447
137.94,79.99996841752645,93.9841966975392,639,4.952334403991699
137.97,79.99996807320497,94.04651037061055,637,4.920930862426758
138.0,79.99996602139223,94.11059153323221,636,4.883702278137207
138.03,79.99996018744326,94.17602328446502,637,4.840749263763428
138.06,79.99997439597368,94.22848898233606,628,4.792176723480225
138.09,79.9999752930501,94.27703211210883,624,4.738097667694092
138.12,79.99998536162937,94.32745976854241,620,4.6786322593688965
138.15,79.9999806447695,94.37688952813171,617,4.613903045654297
138.18,79.99997967610787,94.41651544739449,609,4.544039249420166
138.21,79.99995923218798,94.44363302147889,610,4.469175815582275
138.24,79.99996388301759,94.4966462399943,622,4.389450550079346
138.27,79.99998576493714,94.5610573232501,615,4.305006504058838
138.3,79.99998435585944,94.60419577686302,618,4.215989112854004
138.33,79.99998697823602,94.62846748049961,616,4.122547626495361
138.36,79.99998946949054,94.66515705153961,614,4.026078701019287
138.39000000000001,80.00001257565566,94.70691675104756,614,3.9841318130493164
138.42000000000002,80.00001634338794,94.74462753772875,616,3.9748408794403076
138.45000000000002,80.00001459878514,94.77371344228567,610,3.967048406600952
138.48,80.00002663238388,94.79446496178683,622,3.957392454147339
138.51,80.00003211765069,94.82025246147776,619,3.944138288497925
138.54,80.00004200959448,94.84276027618485,624,3.925706148147583
138.57,80.00003622525058,94.86481720373361,614,3.900968313217163
138.6,80.0000370885527,94.88559120592289,599,3.869447946548462
138.63,80.00003857787028,94.89774419408701,601,3.8310515880584717
138.66,80.00002667559764,94.89783748501266,603,3.785797119140625
138.69,80.0000280867665,94.86641938356959,608,3.7337217330932617
138.72,80.00002489354982,94.83053742569463,609,3.6748690605163574
138.75,80.00002453950248,94.7846756499385,621,3.6092898845672607
138.78,80.00002425121859,94.72213059928775,619,3.5370395183563232
138.81,80.00000846333269,94.64355421921942,615,3.4581804275512695
138.84,80.00001137054485,94.57443052385715,619,3.37278151512146
138.87,79.9999848745192,94.50960577680786,614,3.280919313430786
138.9,79.99999616012077,94.45291147442735,610,3.182677745819092
138.93,79.99998369185325,94.39483262620278,619,3.078148365020752
138.96,79.99997475349514,94.33849036038377,625,2.9674315452575684
138.99,79.99998865792456,94.28119845126233,631,2.850634813308716
139.02,79.99998510073321,94.22347585287048,636,2.727874994277954
139.05,79.99998455895731,94.18988402037104,643,2.599278211593628
139.08,79.9999901377159,94.16960729264152,638,2.4649808406829834
139.11,79.99999818391066,94.14180825260699,636,2.325129747390747
139.14000000000001,79.99999787592841,94.12055832608002,640,2.179877758026123
139.17000000000002,79.99999804848485,94.09457089148158,638,2.027378797531128
139.20000000000002,80.00000003622806,94.06509635486219,648,1.8274531364440918
139.23,79.99999498276293,94.0400595897274,651,1.6151140928268433
139.26,79.99998611566976,94.01291513946435,642,1.404443383216858
139.29,79.99998462898992,93.9801522741411,638,1.1956167221069336
139.32,79.99999470771733,93.94865832870882,638,0.988804042339325
139.35,79.99999218844324,93.89409435696807,632,0.7841808795928955
139.38,79.99999244447729,93.82445437076524,630,0.581927478313446
139.41,79.99999757577874,93.77174890332583,630,0.38222697377204895
139.44,79.9999971711963,93.72725005334495,627,0.18526406586170197
139.47,79.9999914621892,93.66883876667025,623,-0.008775822818279266
139.5,79.99999025595439,93.59561038041196,627,-0.19970746338367462
139.53,79.9999960589986,93.53153208667376,626,-0.38734662532806396
139.56,80.00000644810422,93.48483311980428,630,-0.571510910987854
139.59,80.00001206730714,93.43492273684414,628,-0.7520202398300171
139.62,80.0000110074087,93.38334270194703,631,-0.9286978244781494
139.65,80.00001870937083,93.32026289821333,632,-1.1013696193695068
139.68,80.00002414564685,93.26026586558213,632,-1.2698640823364258
139.71,80.00002713863505,93.20393491386749,634,-1.4340121746063232
139.74,80.00002651524606,93.15136409361203,636,-1.5936486721038818
139.77,80.00003311292282,93.11036406678657,626,-1.7486116886138916
139.8,80.00002940208547,93.05393935317294,633,-1.8988852500915527
139.83,80.00003482107648,92.99357292042042,641,-2.063169240951538
139.86,80.000029094394,92.94248427462374,633,-2.2655978202819824
139.89000000000001,80.00003650232594,92.91765369018269,633,-2.4676735401153564
139.92000000000002,80.000034230848,92.90813723209347,631,-2.6682865619659424
139.95000000000002,80.00003951030682,92.90415816518544,625,-2.867126941680908
139.98,80.0000450136587,92.91103502569115,624,-3.0638840198516846
140.01,80.00004594836132,92.91851008826289,630,-3.2582459449768066
140.04,80.00004448923943,92.93509683832201,628,-3.4499025344848633
140.07,80.00004262533075,92.95505535090271,620,-3.638543128967285
140.1,80.00008146655296,92.99231252870834,626,-3.823859214782715
140.13,80.00007777923749,93.03096097989727,626,-4.001286506652832
140.16,80.00008017286264,93.07807265632538,628,-4.071112632751465
140.19,80.0000565972185,93.13011677033874,629,-4.121928691864014
140.22,80.00007763798106,93.19245562856902,628,-4.1667022705078125
140.25,80.0000919852921,93.24595604113453,627,-4.205464839935303
140.28,80.00008686269419,93.28855502589047,630,-4.2381591796875
140.31,80.00008506637352,93.33770924891654,625,-4.264743328094482
140.34,80.00004827128397,93.40070721233027,623,-4.285189628601074
140.37,79.99999416597686,93.48507802710982,616,-4.299483776092529
140.4,79.9999885446693,93.568912246516,619,-4.307627201080322
140.43,79.99998827488298,93.6560865254908,619,-4.30963134765625
140.46,80.00002040969709,93.74311592374988,620,-4.305521488189697
140.49,80.00002417767742,93.83923776294556,618,-4.295330047607422
140.52,80.0000136404499,93.92666540347133,620,-4.279104232788086
140.55,79.9999845151546,93.99665193190842,626,-4.256900310516357
140.58,79.99994587277052,94.06976729381644,626,-4.228784084320068
140.61,79.9999414008807,94.14896710465584,623,-4.194831848144531
140.64000000000001,79.99995017575951,94.23148031754828,622,-4.155127048492432
140.67000000000002,79.99994681924984,94.29267906823675,624,-4.109767913818359
140.70000000000002,79.99994623527363,94.3406579193889,617,-4.059043884277344
140.73,79.99994644363034,94.38777564546342,617,-4.012363910675049
140.76,79.99995109069621,94.44510162639747,619,-3.9993135929107666
140.79,79.99994588265183,94.52646344463975,619,-3.9956576824188232
140.82,79.99994656247748,94.60662788363243,619,-3.992525577545166
140.85,79.99994761612025,94.68008882332184,629,-3.9892311096191406
140.88,79.99993760466204,94.74154234727887,624,-3.985612630844116
140.91,79.99994427067966,94.80465082563222,619,-3.9814884662628174
140.94,79.99995292764036,94.87275690376137,612,-3.9765825271606445
140.97,80.00000189366752,94.94389761001761,618,-3.970444917678833
141.0,80.0000039809713,95.01524511936508,616,-3.9623312950134277
141.03,80.00001920136924,95.09221365784781,615,-3.951079845428467
141.06,80.00002244616883,95.14114255350334,616,-3.9351751804351807
141.09,80.00002065673635,95.17140008437688,612,-3.9132115840911865
141.12,80.00001287822231,95.18376619541675,610,-3.884394645690918
141.15,80.00001612748487,95.20285901114356,603,-3.848484754562378
141.18,80.00001967531588,95.20304702145519,602,-3.8054614067077637
141.21,80.00001839677265,95.2015686382372,596,-3.755352020263672
141.24,80.00002707615793,95.16913746315936,591,-3.6981916427612305
141.27,80.00004990463634,95.14695580483047,591,-3.6340224742889404
141.3,80.00006019064381,95.12206563246492,605,-3.5628905296325684
141.33,80.00006744221466,95.08191021349413,605,-3.4848451614379883
141.36,80.00005962669407,95.02958015985156,606,-3.399939775466919
141.39000000000001,80.00006600146517,94.99458402498668,612,-3.308232545852661
141.42000000000002,80.00005365965178,94.95682367999233,614,-3.2097866535186768
141.45000000000002,80.0000548449929,94.92842712294069,614,-3.1046693325042725
141.48,80.0000538441241,94.90298878347063,609,-2.992954730987549
141.51,80.00004936157245,94.8721809912667,624,-2.874722719192505
141.54,80.00004227096014,94.83498556973139,624,-2.7500600814819336
141.57,80.00003955856425,94.79900599194364,622,-2.6190602779388428
141.6,80.00002684952207,94.76263847875472,621,-2.481823682785034
141.63,80.00002929318134,94.72975584028154,627,-2.338458776473999
141.66,80.00002671771593,94.69431643460533,627,-2.1890785694122314
141.69,80.00002125938187,94.67440076025514,623,-2.032179117202759
141.72,80.00001794544237,94.65094912504884,632,-1.8277807235717773
141.75,80.0000122973615,94.63965095577295,630,-1.6092784404754639
141.78,80.00002396029029,94.6038934264428,622,-1.3918451070785522
141.81,80.00001830690225,94.5603260016162,634,-1.17562735080719
141.84,79.99999618541099,94.51031943636569,644,-0.960766077041626
141.87,80.00000651950975,94.46881495442425,647,-0.7474103569984436
141.9,80.00000832619216,94.41901111571501,641,-0.5357153415679932
141.93,80.00000196113129,94.37653941456263,643,-0.32584160566329956
141.96,79.99996243278262,94.3606662616501,642,-0.11795389652252197
141.99,79.99996128058488,94.36042317853746,646,0.08778008073568344
142.02,79.99995458160141,94.35333344617958,643,0.2911902368068695
142.05,79.99995259709874,94.32403202323053,636,0.4921049475669861
142.08,79.99994711233539,94.27670949765289,641,0.6903517246246338
142.11,79.99995105594998,94.22031638860025,633,0.8857569098472595
142.14000000000001,79.99994601894568,94.15649242954824,629,1.0781458616256714
142.17000000000002,79.9999501386985,94.10034918057812,616,1.2673436403274536
142.20000000000002,79.99995064425833,94.05273910779965,620,1.4531751871109009
142.23,79.99993861031734,94.01361529001126,621,1.6354666948318481
142.26,79.99993489349391,93.9668326110875,626,1.8140511512756348
142.29,79.99993867151544,93.90189154508997,627,1.9920424222946167
142.32,79.99995615413623,93.82845005424512,622,2.2165839672088623
142.35,79.99998538651421,93.7636988811021,619,2.4500606060028076
142.38,79.99998612124105,93.70260261854045,623,2.684093952178955
142.41,79.99998707351574,93.64385641868917,621,2.9183850288391113
142.44,80.00001299465514,93.60081404900137,619,3.1526284217834473
142.47,80.00001271733258,93.55455619279006,622,3.386517286300659
142.5,80.00001764263294,93.5009662094683,626,3.6197383403778076
142.53,80.00002029345812,93.44587735048384,637,3.8519742488861084
142.56,80.00002259899658,93.40023047286037,635,4.048089027404785
142.59,80.00002512298816,93.35922978511618,637,4.154914379119873
142.62,80.00004086529803,93.3331809967251,644,4.256246089935303
142.65,80.000036716347,93.32853934598876,641,4.352352142333984
142.68,80.00004769833374,93.32601858148527,637,4.443092346191406
142.71,80.00005414647279,93.31642461328936,638,4.528334617614746
142.74,80.00005619308625,93.32246756341938,642,4.607961177825928
142.77,80.0000186357666,93.33443904650981,641,4.681864261627197
142.8,80.00003034673371,93.34986495753088,644,4.749945640563965
142.83,80.0000316697124,93.36346581413753,640,4.812119007110596
142.86,80.00010540848608,93.37871006546406,634,4.868307590484619
142.89000000000001,80.00011362215187,93.41045256480024,633,4.918447971343994
142.92000000000002,80.0001378276433,93.45108462335045,631,4.962485313415527
142.95000000000002,80.0000965154415,93.49863874670577,624,5.000376224517822
142.98,80.00008915984552,93.53806584512984,636,5.032085418701172
143.01,80.00004472690534,93.58645292773343,628,5.057590484619141
143.04,80.00005014412959,93.63339605528887,639,5.076875686645508
143.07,80.0000479439102,93.68487000030247,647,5.089935302734375
143.1,80.00006323285078,93.72656521221212,647,5.096775054931641
143.13,80.00005674138364,93.75046660433708,646,5.097412586212158
143.16,80.0000593941803,93.7632534459621,644,5.091878414154053
143.19,80.00002413755016,93.78300298704431,648,5.0802130699157715
143.22,80.00001771535318,93.80242884819194,656,5.062469959259033
143.25,80.00000123384011,93.82545926797481,654,5.038712024688721
143.28,80.0000042732209,93.83851761538996,650,5.0090131759643555
143.31,79.99999546078783,93.85310498448527,639,4.97345495223999
143.34,79.9999916269722,93.87169561577811,633,4.932130336761475
143.37,79.99994580161103,93.91111552189662,643,4.885139465332031
143.4,79.99996487653041,93.9714153984814,635,4.832590103149414
143.43,79.99997171779479,94.04619685690527,634,4.774596691131592
143.46,79.99993916989315,94.12768207061991,631,4.711277961730957
143.49,79.99993186035715,94.21816194252324,632,4.642758846282959
143.52,79.99993469257996,94.30987971003121,628,4.569169998168945
143.55,79.99993565386875,94.40156044982206,627,4.490644454956055
143.58,79.99988659101767,94.4904522999565,634,4.407321929931641
143.61,79.99988014166287,94.58548898387811,630,4.319344520568848
143.64000000000001,79.99987121433405,94.66345802096235,629,4.2268571853637695
143.67000000000002,79.99987283061152,94.73820112379829,632,4.130009174346924
143.70000000000002,79.99986913823686,94.80382266616247,620,4.029822826385498
143.73,79.99985148881176,94.87929710674892,622,3.9831295013427734
143.76,79.99986404192825,94.95525057469908,624,3.972568988800049
143.79,79.99988220670794,95.00469225926437,620,3.9635558128356934
143.82,79.99988633607687,95.01635243659561,610,3.952242374420166
143.85,79.99989206794118,95.02784926761368,611,3.936676502227783
143.88,79.99990233618006,95.04602034386328,616,3.91534686088562
143.91,79.99990680487201,95.06845536077854,609,3.8874096870422363
143.94,79.99991649720658,95.08641835008223,612,3.8526041507720947
143.97,79.99994762278156,95.09328282128541,618,3.8109099864959717
144.0,79.99998691197278,95.09692636845338,616,3.762359857559204
144.03,79.9999906476572,95.11114095822387,602,3.706995725631714
144.06,79.99999688185278,95.12026724036514,597,3.6448652744293213
144.09,80.00000287175175,95.12979958698396,592,3.576021194458008
144.12,80.00001827553777,95.14055466514812,596,3.5005221366882324
144.15,80.00002445715056,95.12753430718791,602,3.418433427810669
144.18,80.00004710439194,95.0849403597674,596,3.329826831817627
144.21,80.0000520982454,95.01133018101238,602,3.2347819805145264
144.24,80.00005403032705,94.94864112546347,617,3.1333847045898438
144.27,80.00005891979734,94.8773428922602,631,3.0257294178009033
144.3,80.00006364675579,94.78984468790605,633,2.911919355392456
144.33,80.00005781161222,94.69121943390434,629,2.7920641899108887
144.36,80.00006252886921,94.60295073614009,630,2.6662845611572266
144.39000000000001,80.00004679997153,94.52232979715063,631,2.5347096920013428
144.42000000000002,80.00003459877504,94.44409769311856,637,2.3974804878234863
144.45000000000002,80.00003423111589,94.39007905348042,641,2.254746913909912
144.48,80.0000369426337,94.32026759550405,643,2.106579542160034
144.51,80.00004796136692,94.25260702039763,635,1.9350887537002563
144.54,80.00003060823678,94.18879846262068,634,1.722420573234558
144.57,79.99999388571385,94.15259183658516,633,1.510558009147644
144.6,79.99999070977844,94.11942327087274,626,1.300426959991455
144.63,79.99997789687615,94.10175524213389,622,1.0921894311904907
144.66,79.9999723218132,94.08474297291387,627,0.886013925075531
144.69,79.99995340719144,94.07661946604233,625,0.6820735931396484
144.72,79.99995276118304,94.06724620968777,632,0.4805459678173065
144.75,79.99995871960958,94.06596079460597,631,0.28161197900772095
144.78,79.99995721520985,94.05737782600798,637,0.0854545533657074
144.81,79.99995415678634,94.0287676669102,640,-0.10774253308773041
144.84,79.99995404476462,93.96781575584514,644,-0.29779577255249023
144.87,79.9999601115172,93.89023007200586,644,-0.48452261090278625
144.9,79.99995650440465,93.81781426288495,640,-0.6677423119544983
144.93,79.99994923492919,93.76069563534162,642,-0.8472763299942017
144.96,79.9999389607036,93.70580964211968,636,-1.0229486227035522
144.99,79.9999408259698,93.66042228823237,626,-1.1945843696594238
145.02,79.99993320760245,93.61861509999612,631,-1.3620116710662842
145.05,79.9999414942602,93.57324768470691,635,-1.5250604152679443
145.08,79.99996648594254,93.53852567290308,635,-1.683564305305481
145.11,79.99996176122737,93.51423810594822,642,-1.8373749256134033
145.14000000000001,79.99996930698876,93.4823064423866,643,-1.9900615215301514
145.17000000000002,79.9999630662098,93.44851447303769,640,-2.1860735416412354
145.20000000000002,79.99997865723374,93.41170416423026,640,-2.3906004428863525
145.23,79.99997755252451,93.36463088783452,642,-2.593904972076416
145.26,79.99997206663024,93.32379276428125,638,-2.7956764698028564
145.29,79.99998232392569,93.29478207000867,638,-2.9956090450286865
145.32,79.99999682784738,93.29202795904787,636,-3.193397283554077
145.35,80.00000768540498,93.29170849729447,626,-3.3887341022491455
145.38,80.000011231531,93.27842486117684,628,-3.581313133239746
145.41,80.00001659790203,93.2561817702897,638,-3.7708284854888916
145.44,80.00000975019567,93.2540765546424,633,-3.9568583965301514
145.47,80.0000271262269,93.25590823920552,629,-4.058875560760498
145.5,80.00004505403722,93.26769953328994,626,-4.1151123046875
145.53,80.00004656193632,93.29086655375393,623,-4.165216445922852
145.56,80.00005609545053,93.31996405314274,617,-4.209367275238037
145.59,80.00006577211681,93.3590781197048,618,-4.247491359710693
145.62,80.00006249327416,93.4032677631364,614,-4.279529094696045
145.65,80.00006500569157,93.45026737424467,616,-4.305440425872803
145.68,80.00007446414688,93.48866508652085,618,-4.325199127197266
145.71,80.00007735545383,93.51806523988063,630,-4.338792324066162
145.74,80.00010564057291,93.54635823747728,625,-4.346220970153809
145.77,80.00011242845264,93.58060296389444,638,-4.347501277923584
145.8,80.00011696017329,93.60027074794762,641,-4.342658042907715
145.83,80.00006909042509,93.6322056483204,637,-4.331729412078857
145.86,80.00002870067253,93.67404772449625,634,-4.314762592315674
145.89000000000001,80.00003204487186,93.73478610923273,637,-4.291815757751465
145.92000000000002,80.00002215459278,93.79032144320185,639,-4.2629570960998535
145.95000000000002,80.00002153685301,93.84888269475202,631,-4.228262901306152
145.98,79.99998678091215,93.92357435863043,629,-4.18781852722168
146.01,79.9999781815572,94.00984156640773,623,-4.141719341278076
146.04,79.99997278189016,94.1138387248542,635,-4.090081691741943
146.07,79.99996909434884,94.19621564972486,632,-4.0342888832092285
146.1,79.99995721643278,94.2715481745652,630,-4.001722812652588
146.13,79.99995094113626,94.36130850346093,632,-3.9958789348602295
146.16,79.99996332642979,94.45830204532146,627,-3.9926042556762695
146.19,79.99996337189823,94.5568716904328,621,-3.98930025100708
146.22,79.99996064681922,94.64865802758477,617,-3.985684633255005
146.25,79.99996444749571,94.71690361794329,623,-3.9815683364868164
146.28,79.99995430290804,94.76953366101158,605,-3.9766767024993896
146.31,79.99994633949379,94.82763772980456,612,-3.97056245803833
146.34,79.99995361109315,94.8761844476086,618,-3.9624862670898438
146.37,79.99993043311136,94.93036397369404,624,-3.9512927532196045
146.4,79.9999236256588,94.97377589431932,623,-3.935466766357422
146.43,79.99991856263095,95.02045479813005,628,-3.9135944843292236
146.46,79.99991946115638,95.0848350080327,632,-3.884868621826172
146.49,79.99994898643187,95.15326709833629,640,-3.84904146194458
146.52,79.99992492755838,95.2256251969063,631,-3.8060903549194336
146.55,79.99993149000214,95.30114068357021,636,-3.75603985786438
146.58,79.99993271780035,95.37161582193349,633,-3.6989245414733887
146.61,79.99994984419473,95.4219425008499,627,-3.634784698486328
146.64000000000001,79.99996273638104,95.45606734195314,615,-3.5636661052703857
146.67000000000002,79.99995349837346,95.50722403440959,619,-3.4856176376342773
146.70000000000002,79.99997475727422,95.55371081710801,610,-3.40069580078125
146.73,79.99998115239296,95.5996382050898,612,-3.3089606761932373
146.76,79.99999801434758,95.6306139701375,607,-3.210477828979492
146.79,79.99999788550895,95.66525742756006,612,-3.105318069458008
146.82,79.99997851578799,95.68480239214163,613,-2.9935574531555176
146.85,79.99999706249794,95.70915060197768,613,-2.875277519226074
146.88,80.00002716345493,95.72740418155927,621,-2.7505671977996826
146.91,80.000035614463,95.72670050728999,609,-2.619520664215088
146.94,80.00006351744774,95.71593775116689,603,-2.4822404384613037
146.97,80.00007222706938,95.67364208370947,598,-2.3388352394104004
147.0,80.00005182436296,95.6227847253322,600,-2.1894195079803467
147.03,80.00006402594856,95.5590068248707,602,-2.032508611679077
147.06,80.00005681936668,95.49826028728067,605,-1.8281700611114502
147.09,80.00004187218832,95.44941724476047,608,-1.6096341609954834
147.12,80.00005108389284,95.41377326094428,610,-1.3921719789505005
147.15,80.00004680763136,95.37035842751135,615,-1.175930142402649
147.18,80.00004122459521,95.33661642799593,620,-0.9610496759414673
147.21,80.00006138143887,95.29124621704719,620,-0.7476794123649597
147.24,80.00004405425487,95.2440656826252,622,-0.5359742045402527
147.27,80.00003089898739,95.19393002125473,627,-0.3260940611362457
147.3,80.0000171528278,95.12825099336382,627,-0.11820311844348907
147.33,80.00001891387433,95.04910184397303,634,0.0875314399600029
147.36,80.00001573234765,94.95863449867063,628,0.29094040393829346
147.39000000000001,80.00000523880101,94.86494261077732,618,0.4918535351753235
147.42000000000002,80.00001947330253,94.78242067947842,614,0.6900998950004578
147.45000000000002,80.00000073211119,94.71350357005647,614,0.8855084180831909
147.48,80.00000134814351,94.64505854387559,617,1.077907919883728
147.51,80.00000809753746,94.55245075344524,618,1.2671273946762085
147.54,80.00001252254843,94.44715025816535,632,1.452997088432312
147.57,80.0000088923405,94.3148580480883,632,1.6353484392166138
147.6,80.00001131788164,94.18429722510089,636,1.814019799232483
147.63,79.99998189714559,94.07463734817453,644,1.9921355247497559
147.66,79.99997612021217,93.98194014683833,642,2.216857671737671
147.69,79.99998533920753,93.88663126815939,640,2.450535297393799
147.72,79.99996079705737,93.79582596329205,644,2.684818744659424
147.75,79.99994733296404,93.7249442652468,644,2.9194107055664062
147.78,79.99995414087572,93.66880652932534,639,3.154010057449341
147.81,79.99995558041596,93.60422036482139,647,3.3883118629455566
147.84,79.99995858844095,93.54907792546274,646,3.6220035552978516
147.87,79.9999520726377,93.51329846038851,636,3.854769468307495
147.9,79.99997026751012,93.49601348642676,635,4.049842357635498
147.93,79.99998432580271,93.48953690845367,642,4.157197952270508
147.96,79.99999736504971,93.4929825551848,642,4.259153842926025
147.99,79.99999738794524,93.50880921957499,644,4.355921745300293
148.02,80.00000243813962,93.53581128635494,644,4.447356224060059
148.05,80.00000819733722,93.56584689978598,636,4.5333251953125
148.08,80.00001753721452,93.57985747263176,642,4.613705158233643
148.11,80.00001938400665,93.59508111271427,636,4.688389778137207
148.14000000000001,80.0000160208178,93.61942165384806,638,4.757282257080078
148.17000000000002,80.00001470884037,93.6584083210777,644,4.82029914855957
148.20000000000002,80.0000255315639,93.68147520522356,641,4.877370834350586
148.23,80.00002541266421,93.69141577444871,634,4.928439617156982
148.26,80.00002975439695,93.70045275885444,633,4.973456382751465
148.29,80.00003065281167,93.69527779984188,623,5.012384414672852
148.32,80.00003429873414,93.66451932077837,626,5.045192718505859
148.35,80.00004656671143,93.61818381365579,624,5.071862697601318
148.38,80.00005234104012,93.59045264499294,634,5.09238338470459
148.41,80.00005270420253,93.56440058354805,635,5.106750965118408
148.44,80.00000228638244,93.53910969778093,636,5.114972114562988
148.47,80.00001453590258,93.5272847290557,638,5.117062568664551
148.5,80.00001940001547,93.53725159887973,637,5.113048076629639
148.53,80.00004868843969,93.57970122711735,645,5.102964878082275
148.56,80.00005667244177,93.61755214732075,652,5.086857795715332
148.59,80.00005897800028,93.66528399835423,647,5.064780235290527
148.62,80.00007187895372,93.71668391786473,644,5.036798477172852
148.65,80.00009488626743,93.77542051401065,645,5.002984046936035
148.68,80.0001071885067,93.83782832620972,651,4.9634246826171875
148.71,80.00010207388091,93.89972494979841,653,4.918211936950684
148.74,80.00006167992001,93.967548420669,645,4.8674468994140625
148.77,80.00005150621678,94.0398702891079,645,4.811238765716553
148.8,80.00005672676889,94.11148570843832,650,4.749701499938965
148.83,80.0000016427847,94.19760865144629,649,4.682953357696533
148.86,80.00000131251333,94.28705801121781,647,4.611118793487549
148.89000000000001,80.00000440535892,94.37828193874972,647,4.534327507019043
148.92000000000002,79.99995092863907,94.46335694774018,647,4.452713489532471
148.95000000000002,79.99994188756236,94.55192198326687,643,4.366415023803711
148.98,79.99992752351223,94.62889683564381,648,4.275572776794434
149.01,79.99993503491558,94.70277974567476,649,4.180331707000732
149.04,79.99995741219217,94.77616970430685,648,4.080851078033447
149.07,79.99995456286456,94.8578760324369,642,3.9950103759765625
149.1,79.99991149877253,94.94704197118008,639,3.976907253265381
149.13,79.99982655024907,95.03753396531984,638,3.9677958488464355
149.16,79.99982101945443,95.110193558161,634,3.957716941833496
149.19,79.9998315569394,95.1592407185544,636,3.9442355632781982
149.22,79.99991838670134,95.21852315374916,640,3.925614356994629
149.25,79.99993797111213,95.27857399918959,636,3.9006893634796143
149.28,79.99992897470767,95.32658576613294,638,3.8689820766448975
149.31,79.99991472458579,95.35745192397222,647,3.8304026126861572
149.34,79.99990734291043,95.36875138491557,651,3.784970998764038
149.37,79.99991724316618,95.39222476891887,645,3.73272705078125
149.4,79.99991255615174,95.41538942293579,647,3.673715829849243
149.43,79.99992337697158,95.42779162824782,632,3.607988119125366
149.46,79.99990371148226,95.45511521192552,625,3.535599946975708
149.49,79.99990339083259,95.48439431590188,619,3.4566140174865723
149.52,79.99993224561588,95.52249875412905,624,3.3710989952087402
149.55,79.99994442713285,95.56385117294468,620,3.2791309356689453
149.58,79.99995770750263,95.60777712681545,611,3.180792808532715
149.61,79.99996707282577,95.65966701910685,615,3.0761752128601074
149.64000000000001,79.9999861286323,95.67290475733206,616,2.96537709236145
149.67000000000002,79.99999296829611,95.68917130166611,622,2.8485043048858643
149.70000000000002,80.00000052150334,95.70337848368938,619,2.725672960281372
149.73,79.99999465409243,95.71509147324448,616,2.5970091819763184
149.76,79.99999615285124,95.71187940044956,608,2.4626495838165283
149.79,79.99999603055706,95.7092618112427,604,2.322739601135254
149.82,79.999976176197,95.68085480020426,606,2.1774301528930664
149.85,79.99998410684333,95.63862199092124,611,2.0246741771698
149.88,79.99999357584451,95.57906994343317,620,1.8239872455596924
149.91,79.99999640685306,95.47643082108472,618,1.611682653427124
149.94,79.99999085421001,95.34980947847916,618,1.4010372161865234
149.97,80.0000005575683,95.2107591629255,625,1.1922194957733154
150.0,80.00002044396668,95.0625717734818,631,0.985393226146698
